id,object_id,code,ordinal,trace,pk,branch,branch_from,x_m,y_m,sensors,junction
500001,5,Альфа ПК0,1,Альфа,0,,,2315.3,-1159.5,2,
500002,5,Альфа ПК1,2,Альфа,1,,,2305.7,-1156.9,1,
500003,5,Альфа ПК2,3,Альфа,2,,,2296.0,-1154.3,1,
500004,5,Альфа ПК3,4,Альфа,3,,,2286.4,-1151.7,0,
500005,5,Альфа ПК4,5,Альфа,4,,,2276.7,-1149.2,0,
500006,5,Альфа ПК5,6,Альфа,5,,,2267.0,-1146.6,0,
500007,5,Альфа ПК6,7,Альфа,6,,,2257.3,-1144.2,0,
500008,5,Альфа ПК7,8,Альфа,7,,,2247.6,-1141.7,1,
500009,5,Альфа ПК8,9,Альфа,8,,,2237.9,-1139.3,2,
500010,5,Альфа ПК9,10,Альфа,9,,,2228.2,-1137.0,2,
500011,5,Альфа ПК10,11,Альфа,10,,,2218.4,-1134.8,1,
500012,5,Альфа ПК11,12,Альфа,11,,,2208.7,-1132.6,0,
500013,5,Альфа ПК12,13,Альфа,12,,,2198.9,-1130.5,0,
500014,5,Альфа ПК13,14,Альфа,13,,,2189.1,-1128.5,0,
500015,5,Альфа ПК14,15,Альфа,14,,,2179.3,-1126.4,0,
500016,5,Альфа ПК15,16,Альфа,15,,,2169.5,-1124.3,0,
500017,5,Альфа ПК16,17,Альфа,16,,,2159.8,-1122.2,2,
500018,5,Альфа ПК17,18,Альфа,17,,,2150.0,-1120.1,0,
500019,5,Альфа ПК18,19,Альфа,18,,,2140.2,-1118.0,2,
500020,5,Альфа ПК19,20,Альфа,19,,,2130.4,-1115.9,1,
500021,5,Альфа ПК20,21,Альфа,20,,,2120.7,-1113.7,0,
500022,5,Альфа ПК21,22,Альфа,21,,,2110.9,-1111.5,0,
500023,5,Альфа ПК22,23,Альфа,22,,,2101.2,-1109.3,0,
500024,5,Альфа ПК23,24,Альфа,23,,,2091.4,-1107.1,0,
500025,5,Альфа ПК24,25,Альфа,24,,,2081.7,-1104.8,0,
500026,5,Альфа ПК25,26,Альфа,25,,,2072.0,-1102.5,0,
500027,5,Альфа ПК26,27,Альфа,26,,,2062.3,-1100.1,1,
500028,5,Альфа ПК27,28,Альфа,27,,,2052.5,-1097.8,1,
500029,5,Альфа ПК28,29,Альфа,28,,,2042.8,-1095.4,0,
500030,5,Альфа ПК29,30,Альфа,29,,,2033.1,-1093.1,4,
500031,5,Альфа ПК30,31,Альфа,30,,,2023.4,-1090.8,0,
500032,5,Альфа ПК31,32,Альфа,31,,,2013.6,-1088.4,0,
500033,5,Альфа ПК32,33,Альфа,32,,,2003.9,-1086.0,0,
500034,5,Альфа ПК33,34,Альфа,33,,,1994.2,-1083.7,0,
500035,5,Альфа ПК34,35,Альфа,34,,,1984.5,-1081.3,0,
500036,5,Альфа ПК35,36,Альфа,35,,,1974.8,-1079.0,1,
500037,5,Альфа ПК36,37,Альфа,36,,,1965.0,-1076.7,0,
500038,5,Альфа ПК37,38,Альфа,37,,,1955.3,-1074.5,2,
500039,5,Альфа ПК38,39,Альфа,38,,,1945.5,-1072.4,1,
500040,5,Альфа ПК39,40,Альфа,39,,,1935.7,-1070.3,0,
500041,5,Альфа ПК40,41,Альфа,40,,,1925.9,-1068.4,0,
500042,5,Альфа ПК41,42,Альфа,41,,,1916.1,-1066.6,0,
500043,5,Альфа ПК42,43,Альфа,42,,,1906.2,-1064.9,0,
500044,5,Альфа ПК43,44,Альфа,43,,,1896.4,-1063.2,0,
500045,5,Альфа ПК44,45,Альфа,44,,,1886.5,-1061.6,0,
500046,5,Альфа ПК45,46,Альфа,45,,,1876.6,-1060.1,0,
500047,5,Альфа ПК46,47,Альфа,46,,,1866.7,-1058.6,0,
500048,5,Альфа ПК47,48,Альфа,47,,,1856.8,-1057.1,0,
500049,5,Альфа ПК48,49,Альфа,48,,,1846.9,-1055.6,1,
500050,5,Альфа ПК49,50,Альфа,49,,,1837.1,-1054.1,0,
500051,5,Альфа ПК50,51,Альфа,50,,,1827.2,-1052.5,1,
500052,5,Альфа ПК51,52,Альфа,51,,,1817.3,-1050.9,1,
500053,5,Альфа ПК52,53,Альфа,52,,,1807.4,-1049.4,1,
500054,5,Альфа ПК53,54,Альфа,53,,,1797.5,-1047.9,0,
500055,5,Альфа ПК54,55,Альфа,54,,,1787.6,-1046.5,2,
500056,5,Альфа ПК55,56,Альфа,55,,,1777.7,-1045.1,1,
500057,5,Альфа ПК56,57,Альфа,56,,,1767.8,-1043.8,0,
500058,5,Альфа ПК57,58,Альфа,57,,,1757.9,-1042.5,0,
500059,5,Альфа ПК58,59,Альфа,58,,,1748.0,-1041.2,0,
500060,5,Альфа ПК59,60,Альфа,59,,,1738.1,-1039.8,0,
500061,5,Альфа ПК60,61,Альфа,60,,,1728.2,-1038.5,0,
500062,5,Альфа ПК61,62,Альфа,61,,,1718.3,-1037.1,0,
500063,5,Альфа ПК62,63,Альфа,62,,,1708.3,-1035.8,0,
500064,5,Альфа ПК63,64,Альфа,63,,,1698.4,-1034.5,3,
500065,5,Альфа ПК64,65,Альфа,64,,,1688.5,-1033.1,0,
500066,5,Альфа ПК65,66,Альфа,65,,,1678.6,-1031.7,0,
500067,5,Альфа ПК66,67,Альфа,66,,,1668.7,-1030.3,1,
500068,5,Альфа ПК67,68,Альфа,67,,,1658.8,-1028.9,0,
500069,5,Альфа ПК68,69,Альфа,68,,,1648.9,-1027.4,0,
500070,5,Альфа ПК69,70,Альфа,69,,,1639.1,-1025.8,0,
500071,5,Альфа ПК70,71,Альфа,70,,,1629.2,-1024.1,1,
500072,5,Альфа ПК71,72,Альфа,71,,,1619.4,-1022.4,0,
500073,5,Альфа ПК72,73,Альфа,72,,,1609.5,-1020.7,2,
500074,5,Альфа ПК73,74,Альфа,73,,,1599.7,-1019.0,1,
500075,5,Альфа ПК74,75,Альфа,74,,,1589.8,-1017.3,0,
500076,5,Альфа ПК75,76,Альфа,75,,,1579.9,-1015.7,0,
500077,5,Альфа ПК76,77,Альфа,76,,,1570.1,-1014.0,0,
500078,5,Альфа ПК77,78,Альфа,77,,,1560.2,-1012.3,0,
500079,5,Альфа ПК78,79,Альфа,78,,,1550.4,-1010.6,0,
500080,5,Альфа ПК79,80,Альфа,79,,,1540.5,-1008.9,1,
500081,5,Альфа ПК80,81,Альфа,80,,,1530.6,-1007.3,2,
500082,5,Альфа ПК81,82,Альфа,81,,,1520.8,-1005.8,1,
500083,5,Альфа ПК82,83,Альфа,82,,,1510.9,-1004.3,0,
500084,5,Альфа ПК83,84,Альфа,83,,,1501.0,-1002.8,0,
500085,5,Альфа ПК84,85,Альфа,84,,,1491.1,-1001.3,1,
500086,5,Альфа ПК85,86,Альфа,85,,,1481.2,-999.6,0,
500087,5,Альфа ПК86,87,Альфа,86,,,1471.4,-997.9,0,
500088,5,Альфа ПК87,88,Альфа,87,,,1461.6,-996.0,0,
500089,5,Альфа ПК88,89,Альфа,88,,,1451.7,-994.1,0,
500090,5,Альфа ПК89,90,Альфа,89,,,1441.9,-992.1,0,
500091,5,Альфа ПК90,91,Альфа,90,,,1432.2,-990.0,0,
500092,5,Альфа ПК91,92,Альфа,91,,,1422.4,-987.8,0,
500093,5,Альфа ПК92,93,Альфа,92,,,1412.7,-985.6,1,
500094,5,Альфа ПК93,94,Альфа,93,,,1402.9,-983.3,0,
500095,5,Альфа ПК94,95,Альфа,94,,,1393.2,-981.1,3,
500096,5,Альфа ПК95,96,Альфа,95,,,1383.4,-978.9,1,
500097,5,Альфа ПК96,97,Альфа,96,,,1373.7,-976.6,0,
500098,5,Альфа ПК97,98,Альфа,97,,,1363.9,-974.4,1,
500099,5,Альфа ПК98,99,Альфа,98,,,1354.2,-972.1,0,
500100,5,Альфа ПК99,100,Альфа,99,,,1344.5,-969.8,0,
500101,5,Альфа ПК100,101,Альфа,100,,,1334.7,-967.5,1,
500102,5,Альфа ПК101,102,Альфа,101,,,1325.0,-965.2,2,
500103,5,Альфа ПК102,103,Альфа,102,,,1315.2,-963.0,0,
500104,5,Альфа ПК103,104,Альфа,103,,,1305.5,-960.9,0,
500105,5,Альфа ПК104,105,Альфа,104,,,1295.7,-958.8,0,
500106,5,Альфа ПК105,106,Альфа,105,,,1285.9,-956.8,0,
500107,5,Альфа ПК106,107,Альфа,106,,,1276.1,-954.9,0,
500108,5,Альфа ПК107,108,Альфа,107,,,1266.3,-953.0,0,
500109,5,Альфа ПК108,109,Альфа,108,,,1256.4,-951.3,0,
500110,5,Альфа ПК109,110,Альфа,109,,,1246.5,-949.8,0,
500111,5,Альфа ПК110,111,Альфа,110,,,1236.6,-948.4,1,
500112,5,Альфа ПК111,112,Альфа,111,,,1226.7,-947.2,2,
500113,5,Альфа ПК112,113,Альфа,112,,,1216.7,-946.2,7,
500114,5,Альфа ПК113,114,Альфа,113,,,1206.8,-945.4,1,
500115,5,Альфа ПК114,115,Альфа,114,,,1196.8,-944.8,0,
500116,5,Альфа ПК115,116,Альфа,115,,,1186.8,-944.4,0,
500117,5,Альфа ПК116,117,Альфа,116,,,1176.8,-944.2,2,
500118,5,Альфа ПК117,118,Альфа,117,,,1166.8,-944.0,0,
500119,5,Альфа ПК118,119,Альфа,118,,,1156.8,-944.0,0,
500120,5,Альфа ПК119,120,Альфа,119,,,1146.8,-944.0,0,
500121,5,Альфа ПК120,121,Альфа,120,,,1136.8,-944.1,0,
500122,5,Альфа ПК121,122,Альфа,121,,,1126.8,-944.3,0,
500123,5,Альфа ПК122,123,Альфа,122,,,1116.8,-944.6,0,
500124,5,Альфа ПК123,124,Альфа,123,,,1106.8,-945.0,1,
500125,5,Альфа ПК124,125,Альфа,124,,,1096.8,-945.3,0,
500126,5,Альфа ПК125,126,Альфа,125,,,1086.8,-945.7,0,
500127,5,Альфа ПК126,127,Альфа,126,,,1076.8,-946.1,0,
500128,5,Альфа ПК127,128,Альфа,127,,,1066.8,-946.6,0,
500129,5,Альфа ПК128,129,Альфа,128,,,1056.9,-947.0,1,
500130,5,Альфа ПК129,130,Альфа,129,,,1046.9,-947.3,0,
500131,5,Альфа ПК130,131,Альфа,130,,,1036.9,-947.6,0,
500132,5,Альфа ПК131,132,Альфа,131,,,1026.9,-947.9,0,
500133,5,Альфа ПК132,133,Альфа,132,,,1016.9,-948.0,1,
500134,5,Альфа ПК133,134,Альфа,133,,,1006.9,-948.2,0,
500135,5,Альфа ПК134,135,Альфа,134,,,996.9,-948.2,1,
500136,5,Альфа ПК135,136,Альфа,135,,,986.9,-948.2,0,
500137,5,Альфа ПК136,137,Альфа,136,,,976.9,-948.1,0,
500138,5,Альфа ПК137,138,Альфа,137,,,966.9,-947.9,9,
500139,5,Альфа ПК138,139,Альфа,138,,,956.9,-947.7,0,
500140,5,Альфа ПК139,140,Альфа,139,,,946.9,-947.5,0,
500141,5,Альфа ПК140,141,Альфа,140,,,936.9,-947.1,1,
500142,5,Альфа ПК141,142,Альфа,141,,,926.9,-946.6,0,
500143,5,Альфа ПК142,143,Альфа,142,,,916.9,-946.2,0,
500144,5,Альфа ПК143,144,Альфа,143,,,906.9,-945.7,0,
500145,5,Альфа ПК144,145,Альфа,144,,,896.9,-945.2,0,
500146,5,Альфа ПК145,146,Альфа,145,,,886.9,-944.7,0,
500147,5,Альфа ПК146,147,Альфа,146,,,877.0,-944.2,1,
500148,5,Альфа ПК147,148,Альфа,147,,,867.0,-943.7,2,
500149,5,Альфа ПК148,149,Альфа,148,,,857.0,-943.1,24,
500150,5,Альфа ПК149,150,Альфа,149,,,847.0,-942.4,1,
500151,5,Альфа ПК150,151,Альфа,150,,,837.0,-941.6,0,
500152,5,Альфа ПК151,152,Альфа,151,,,827.1,-940.8,0,
500153,5,Альфа ПК152,153,Альфа,152,,,817.1,-939.8,1,
500154,5,Альфа ПК153,154,Альфа,153,,,807.2,-938.6,0,
500155,5,Альфа ПК154,155,Альфа,154,,,797.3,-937.2,3,
500156,5,Альфа ПК155,156,Альфа,155,,,787.4,-935.6,1,
500157,5,Альфа ПК156,157,Альфа,156,,,777.6,-933.8,0,
500158,5,Альфа ПК157,158,Альфа,157,,,767.8,-931.8,0,
500159,5,Альфа ПК158,159,Альфа,158,,,758.0,-929.7,0,
500160,5,Альфа ПК159,160,Альфа,159,,,748.3,-927.4,0,
500161,5,Альфа ПК160,161,Альфа,160,,,738.6,-925.0,0,
500162,5,Альфа ПК161,162,Альфа,161,,,728.9,-922.5,0,
500163,5,Альфа ПК162,163,Альфа,162,,,719.2,-920.0,0,
500164,5,Альфа ПК163,164,Альфа,163,,,709.6,-917.3,0,
500165,5,Альфа ПК164,165,Альфа,164,,,699.9,-914.6,0,
500166,5,Альфа ПК165,166,Альфа,165,,,690.3,-911.8,0,
500167,5,Альфа ПК166,167,Альфа,166,,,680.7,-909.0,0,
500168,5,Альфа ПК167,168,Альфа,167,,,671.2,-906.1,0,
500169,5,Альфа ПК168,169,Альфа,168,,,661.6,-903.2,0,
500170,5,Альфа ПК169,170,Альфа,169,,,652.0,-900.4,0,
500171,5,Альфа ПК170,171,Альфа,170,,,642.4,-897.6,0,
500172,5,Альфа ПК171,172,Альфа,171,,,632.8,-895.0,0,
500173,5,Альфа ПК172,173,Альфа,172,,,623.1,-892.4,0,
500174,5,Альфа ПК173,174,Альфа,173,,,613.4,-889.9,1,
500175,5,Альфа ПК174,175,Альфа,174,,,603.7,-887.6,0,
500176,5,Альфа ПК175,176,Альфа,175,,,593.9,-885.4,1,
500177,5,Альфа ПК176,177,Альфа,176,,,584.2,-883.3,0,
500178,5,Альфа ПК177,178,Альфа,177,,,574.4,-881.3,2,
500179,5,Альфа ПК178,179,Альфа,178,,,564.5,-879.4,2,
500180,5,Альфа ПК179,180,Альфа,179,,,554.7,-877.6,0,
500181,5,Альфа ПК180,181,Альфа,180,,,544.8,-875.9,1,
500182,5,Альфа ПК181,182,Альфа,181,,,535.0,-874.4,17,
500183,5,Альфа ПК182,183,Альфа,182,,,525.1,-873.0,0,
500184,5,Альфа ПК183,184,Альфа,183,,,515.2,-871.6,1,
500185,5,Альфа ПК184,185,Альфа,184,,,505.3,-870.2,0,
500186,5,Альфа ПК185,186,Альфа,185,,,495.3,-868.9,0,
500187,5,Альфа ПК186,187,Альфа,186,,,485.4,-867.7,0,
500188,5,Альфа ПК187,188,Альфа,187,,,475.5,-866.6,0,
500189,5,Альфа ПК188,189,Альфа,188,,,465.5,-865.6,0,
500190,5,Альфа ПК189,190,Альфа,189,,,455.6,-864.7,0,
500191,5,Альфа ПК190,191,Альфа,190,,,445.6,-863.9,0,
500192,5,Альфа ПК191,192,Альфа,191,,,435.6,-863.2,0,
500193,5,Альфа ПК192,193,Альфа,192,,,425.6,-862.7,0,
500194,5,Альфа ПК193,194,Альфа,193,,,415.6,-862.3,0,
500195,5,Альфа ПК194,195,Альфа,194,,,405.6,-862.1,0,
500196,5,Альфа ПК195,196,Альфа,195,,,395.6,-861.8,0,
500197,5,Альфа ПК196,197,Альфа,196,,,385.6,-861.7,1,
500198,5,Альфа ПК197,198,Альфа,197,,,375.6,-861.7,0,
500199,5,Альфа ПК198,199,Альфа,198,,,365.6,-861.9,0,
500200,5,Альфа ПК199,200,Альфа,199,,,355.6,-862.2,0,
500201,5,Альфа ПК200,201,Альфа,200,,,345.7,-862.7,2,
500202,5,Альфа ПК201,202,Альфа,201,,,335.7,-863.3,0,
500203,5,Альфа ПК202,203,Альфа,202,,,325.7,-864.0,2,
500204,5,Альфа ПК203,204,Альфа,203,,,315.7,-864.8,0,
500205,5,Альфа ПК204,205,Альфа,204,,,305.8,-865.8,1,
500206,5,Альфа ПК205,206,Альфа,205,,,295.8,-866.8,0,
500207,5,Альфа ПК206,207,Альфа,206,,,285.9,-868.0,1,
500208,5,Альфа ПК207,208,Альфа,207,,,276.0,-869.2,0,
500209,5,Альфа ПК208,209,Альфа,208,,,266.1,-870.4,0,
500210,5,Альфа ПК209,210,Альфа,209,,,256.1,-871.6,0,
500211,5,Альфа ПК210,211,Альфа,210,,,246.2,-872.7,0,
500212,5,Альфа ПК211,212,Альфа,211,,,236.2,-873.7,0,
500213,5,Альфа ПК212,213,Альфа,212,,,226.3,-874.7,0,
500214,5,Альфа ПК213,214,Альфа,213,,,216.3,-875.5,0,
500215,5,Альфа ПК214,215,Альфа,214,,,206.3,-876.2,0,
500216,5,Альфа ПК215,216,Альфа,215,,,196.4,-876.7,0,
500217,5,Альфа ПК216,217,Альфа,216,,,186.4,-877.0,0,
500218,5,Альфа ПК217,218,Альфа,217,,,176.4,-877.3,0,
500219,5,Альфа ПК218,219,Альфа,218,,,166.4,-877.4,0,
500220,5,Альфа ПК219,220,Альфа,219,,,156.4,-877.4,0,
500221,5,Альфа ПК220,221,Альфа,220,,,146.4,-877.3,0,
500222,5,Альфа ПК221,222,Альфа,221,,,136.4,-877.2,0,
500223,5,Альфа ПК222,223,Альфа,222,,,126.4,-876.9,0,
500224,5,Альфа ПК223,224,Альфа,223,,,116.4,-876.6,0,
500225,5,Альфа ПК224,225,Альфа,224,,,106.4,-876.2,0,
500226,5,Альфа ПК225,226,Альфа,225,,,96.4,-875.7,0,
500227,5,Альфа ПК226,227,Альфа,226,,,86.4,-875.0,0,
500228,5,Альфа ПК227,228,Альфа,227,,,76.4,-874.2,0,
500229,5,Альфа ПК228,229,Альфа,228,,,66.5,-873.3,0,
500230,5,Альфа ПК229,230,Альфа,229,,,56.5,-872.3,0,
500231,5,Альфа ПК230,231,Альфа,230,,,46.6,-871.1,0,
500232,5,Альфа ПК231,232,Альфа,231,,,36.7,-869.7,5,
500233,5,Альфа ПК231 Г3 ПК0,233,Альфа,0,Г3,231,36.7,-869.7,1,
500234,5,Альфа ПК231 Г3 ПК1,234,Альфа,1,Г3,231,34.9,-879.6,0,
500235,5,Альфа ПК231 Г3 ПК2,235,Альфа,2,Г3,231,33.1,-889.4,0,
500236,5,Альфа ПК231 Г3 ПК3,236,Альфа,3,Г3,231,31.2,-899.2,0,
500237,5,Альфа ПК231 Г3 ПК4,237,Альфа,4,Г3,231,29.4,-909.1,0,
500238,5,Альфа ПК231 Г3 ПК5,238,Альфа,5,Г3,231,27.6,-918.9,0,
500239,5,Альфа ПК231 Г3 ПК6,239,Альфа,6,Г3,231,25.8,-928.7,0,
500240,5,Альфа ПК231 Г3 ПК7,240,Альфа,7,Г3,231,24.0,-938.6,0,
500241,5,Альфа ПК231 Г3 ПК8,241,Альфа,8,Г3,231,22.1,-948.4,0,
500242,5,Альфа ПК231 Г3 ПК9,242,Альфа,9,Г3,231,20.2,-958.2,0,
500243,5,Альфа ПК231 Г3 ПК10,243,Альфа,10,Г3,231,18.2,-968.0,0,
500244,5,Альфа ПК231 Г3 ПК11,244,Альфа,11,Г3,231,16.1,-977.8,0,
500245,5,Альфа ПК231 Г3 ПК12,245,Альфа,12,Г3,231,14.0,-987.6,0,
500246,5,Альфа ПК231 Г3 ПК13,246,Альфа,13,Г3,231,11.9,-997.3,0,
500247,5,Альфа ПК231 Г3 ПК14,247,Альфа,14,Г3,231,9.6,-1007.1,0,
500248,5,Альфа ПК231 Г3 ПК15,248,Альфа,15,Г3,231,7.3,-1016.8,0,
500249,5,Альфа ПК231 Г3 ПК16,249,Альфа,16,Г3,231,5.0,-1026.5,0,
500250,5,Альфа ПК231 Г3 ПК17,250,Альфа,17,Г3,231,2.5,-1036.2,0,
500251,5,Альфа ПК231 Г3 ПК18,251,Альфа,18,Г3,231,0.0,-1045.9,1,
500252,5,Пси ПК0,252,Пси,0,,,2638.7,-2418.6,2,сопряжение с место 6
500253,5,Пси ПК1,253,Пси,1,,,2630.0,-2423.6,0,
500254,5,Пси ПК2,254,Пси,2,,,2621.4,-2428.7,0,
500255,5,Пси ПК3,255,Пси,3,,,2612.8,-2433.8,2,
500256,5,Пси ПК4,256,Пси,4,,,2604.3,-2439.0,0,
500257,5,Пси ПК5,257,Пси,5,,,2595.8,-2444.3,0,
500258,5,Пси ПК6,258,Пси,6,,,2587.3,-2449.6,0,
500259,5,Пси ПК7,259,Пси,7,,,2578.8,-2454.9,0,
500260,5,Пси ПК8,260,Пси,8,,,2570.4,-2460.3,0,
500261,5,Пси ПК9,261,Пси,9,,,2562.0,-2465.7,5,
500262,5,Пси ПК10,262,Пси,10,,,2553.7,-2471.2,5,
500263,5,Пси ПК11,263,Пси,11,,,2545.4,-2476.9,0,
500264,5,Пси ПК12,264,Пси,12,,,2537.2,-2482.6,0,
500265,5,Пси ПК13,265,Пси,13,,,2529.1,-2488.4,0,
500266,5,Пси ПК14,266,Пси,14,,,2521.1,-2494.4,0,
500267,5,Пси ПК15,267,Пси,15,,,2513.3,-2500.7,0,
500268,5,Пси ПК16,268,Пси,16,,,2505.6,-2507.1,2,
500269,5,Пси ПК17,269,Пси,17,,,2498.0,-2513.6,0,
500270,5,Пси ПК18,270,Пси,18,,,2490.6,-2520.4,0,
500271,5,Пси ПК19,271,Пси,19,,,2483.4,-2527.2,0,
500272,5,Пси ПК20,272,Пси,20,,,2476.3,-2534.3,0,
500273,5,Пси ПК21,273,Пси,21,,,2469.4,-2541.5,1,
500274,5,Пси ПК22,274,Пси,22,,,2462.6,-2548.9,0,
500275,5,Пси ПК23,275,Пси,23,,,2456.0,-2556.3,0,
500276,5,Пси ПК24,276,Пси,24,,,2449.4,-2563.9,1,
500277,5,Пси ПК25,277,Пси,25,,,2442.9,-2571.5,0,
500278,5,Пси ПК26,278,Пси,26,,,2436.4,-2579.1,0,
500279,5,Пси ПК27,279,Пси,27,,,2430.1,-2586.8,0,
500280,5,Пси ПК28,280,Пси,28,,,2423.8,-2594.6,0,
500281,5,Пси ПК29,281,Пси,29,,,2417.6,-2602.5,9,
500282,5,Пси ПК30,282,Пси,30,,,2411.5,-2610.4,0,
500283,5,Пси ПК31,283,Пси,31,,,2405.3,-2618.3,0,
500284,5,Пси ПК32,284,Пси,32,,,2399.3,-2626.2,0,
500285,5,Пси ПК33,285,Пси,33,,,2393.2,-2634.2,0,
500286,5,Пси ПК34,286,Пси,34,,,2387.3,-2642.2,0,
500287,5,Пси ПК35,287,Пси,35,,,2381.3,-2650.2,2,
500288,5,Пси ПК36,288,Пси,36,,,2375.4,-2658.3,0,
500289,5,Пси ПК37,289,Пси,37,,,2369.5,-2666.4,0,
500290,5,Пси ПК38,290,Пси,38,,,2363.6,-2674.5,0,
500291,5,Пси ПК39,291,Пси,39,,,2357.7,-2682.5,0,
500292,5,Пси ПК40,292,Пси,40,,,2351.7,-2690.5,1,
500293,5,Пси ПК41,293,Пси,41,,,2345.6,-2698.5,0,
500294,5,Пси ПК42,294,Пси,42,,,2339.5,-2706.4,2,
500295,5,Пси ПК43,295,Пси,43,,,2333.4,-2714.3,0,
500296,5,Пси ПК44,296,Пси,44,,,2327.2,-2722.2,0,
500297,5,Пси ПК45,297,Пси,45,,,2321.1,-2730.0,0,
500298,5,Пси ПК46,298,Пси,46,,,2314.9,-2737.9,0,
500299,5,Пси ПК47,299,Пси,47,,,2308.6,-2745.7,0,
500300,5,Пси ПК48,300,Пси,48,,,2302.3,-2753.5,0,
500301,5,Пси ПК49,301,Пси,49,,,2296.0,-2761.2,0,
500302,5,Пси ПК50,302,Пси,50,,,2289.6,-2768.9,5,
500303,5,Пси ПК51,303,Пси,51,,,2283.1,-2776.5,3,
500304,5,Пси ПК52,304,Пси,52,,,2276.6,-2784.1,0,
500305,5,Пси ПК53,305,Пси,53,,,2270.0,-2791.6,0,
500306,5,Пси ПК54,306,Пси,54,,,2263.3,-2799.0,0,
500307,5,Пси ПК55,307,Пси,55,,,2256.5,-2806.3,0,
500308,5,Пси ПК56,308,Пси,56,,,2249.6,-2813.6,0,
500309,5,Пси ПК57,309,Пси,57,,,2242.5,-2820.7,0,
500310,5,Пси ПК58,310,Пси,58,,,2235.4,-2827.7,1,
500311,5,Пси ПК59,311,Пси,59,,,2228.1,-2834.6,0,
500312,5,Пси ПК60,312,Пси,60,,,2220.8,-2841.3,0,
500313,5,Пси ПК61,313,Пси,61,,,2213.3,-2848.0,1,
500314,5,Пси ПК62,314,Пси,62,,,2205.7,-2854.5,0,
500315,5,Пси ПК63,315,Пси,63,,,2198.0,-2860.8,0,
500316,5,Пси ПК64,316,Пси,64,,,2190.1,-2867.0,0,
500317,5,Пси ПК65,317,Пси,65,,,2182.1,-2873.1,5,
500318,5,Пси ПК66,318,Пси,66,,,2174.1,-2879.0,0,
500319,5,Пси ПК67,319,Пси,67,,,2166.0,-2884.8,0,
500320,5,Пси ПК68,320,Пси,68,,,2157.7,-2890.5,0,
500321,5,Пси ПК69,321,Пси,69,,,2149.4,-2896.0,0,
500322,5,Пси ПК70,322,Пси,70,,,2140.9,-2901.3,0,
500323,5,Пси ПК71,323,Пси,71,,,2132.3,-2906.4,2,
500324,5,Пси ПК72,324,Пси,72,,,2123.6,-2911.3,0,
500325,5,Пси ПК73,325,Пси,73,,,2114.8,-2916.1,0,
500326,5,Пси ПК74,326,Пси,74,,,2105.9,-2920.6,0,
500327,5,Пси ПК75,327,Пси,75,,,2096.9,-2924.9,0,
500328,5,Пси ПК76,328,Пси,76,,,2087.8,-2929.0,2,
500329,5,Пси ПК77,329,Пси,77,,,2078.6,-2933.0,0,
500330,5,Пси ПК78,330,Пси,78,,,2069.3,-2936.8,0,
500331,5,Пси ПК79,331,Пси,79,,,2060.0,-2940.3,0,
500332,5,Пси ПК80,332,Пси,80,,,2050.6,-2943.7,3,
500333,5,Пси ПК81,333,Пси,81,,,2041.1,-2946.9,7,
500334,5,Пси ПК82,334,Пси,82,,,2031.5,-2949.9,0,
500335,5,Пси ПК83,335,Пси,83,,,2021.9,-2952.7,0,
500336,5,Пси ПК84,336,Пси,84,,,2012.2,-2955.1,1,
500337,5,Пси ПК85,337,Пси,85,,,2002.5,-2957.4,0,
500338,5,Пси ПК86,338,Пси,86,,,1992.7,-2959.5,0,
500339,5,Пси ПК87,339,Пси,87,,,1982.9,-2961.4,0,
500340,5,Пси ПК88,340,Пси,88,,,1973.1,-2963.1,0,
500341,5,Пси ПК89,341,Пси,89,,,1963.2,-2964.7,0,
500342,5,Пси ПК90,342,Пси,90,,,1953.3,-2966.2,2,
500343,5,Пси ПК91,343,Пси,91,,,1943.4,-2967.5,0,
500344,5,Пси ПК92,344,Пси,92,,,1933.5,-2968.8,0,
500345,5,Пси ПК93,345,Пси,93,,,1923.5,-2970.1,0,
500346,5,Пси ПК94,346,Пси,94,,,1913.6,-2971.3,0,
500347,5,Пси ПК95,347,Пси,95,,,1903.7,-2972.6,3,
500348,5,Пси ПК96,348,Пси,96,,,1893.8,-2973.8,0,
500349,5,Пси ПК97,349,Пси,97,,,1883.9,-2975.2,0,
500350,5,Пси ПК98,350,Пси,98,,,1874.0,-2976.6,0,
500351,5,Пси ПК99,351,Пси,99,,,1864.1,-2978.1,3,
500352,5,Пси ПК100,352,Пси,100,,,1854.2,-2979.6,0,
500353,5,Пси ПК101,353,Пси,101,,,1844.3,-2981.1,0,
500354,5,Пси ПК102,354,Пси,102,,,1834.4,-2982.6,0,
500355,5,Пси ПК103,355,Пси,103,,,1824.5,-2984.2,0,
500356,5,Пси ПК104,356,Пси,104,,,1814.7,-2985.8,0,
500357,5,Пси ПК105,357,Пси,105,,,1804.8,-2987.3,0,
500358,5,Пси ПК106,358,Пси,106,,,1794.9,-2989.0,0,
500359,5,Пси ПК107,359,Пси,107,,,1785.1,-2990.7,2,
500360,5,Пси ПК108,360,Пси,108,,,1775.2,-2992.4,0,
500361,5,Пси ПК109,361,Пси,109,,,1765.4,-2994.2,0,
500362,5,Пси ПК110,362,Пси,110,,,1755.6,-2996.1,0,
500363,5,Пси ПК111,363,Пси,111,,,1745.8,-2998.1,2,
500364,5,Пси ПК112,364,Пси,112,,,1736.0,-3000.2,9,
500365,5,Пси ПК113,365,Пси,113,,,1726.2,-3002.4,1,
500366,5,Пси ПК114,366,Пси,114,,,1716.5,-3004.7,0,
500367,5,Пси ПК115,367,Пси,115,,,1706.8,-3007.2,0,
500368,5,Пси ПК116,368,Пси,116,,,1697.2,-3009.8,0,
500369,5,Пси ПК117,369,Пси,117,,,1687.5,-3012.5,0,
500370,5,Пси ПК118,370,Пси,118,,,1677.9,-3015.3,0,
500371,5,Пси ПК119,371,Пси,119,,,1668.4,-3018.2,2,
500372,5,Пси ПК120,372,Пси,120,,,1658.8,-3021.2,0,
500373,5,Пси ПК121,373,Пси,121,,,1649.3,-3024.2,0,
500374,5,Пси ПК122,374,Пси,122,,,1639.8,-3027.4,1,
500375,5,Пси ПК123,375,Пси,123,,,1630.4,-3030.7,0,
500376,5,Пси ПК124,376,Пси,124,,,1621.0,-3034.1,0,
500377,5,Пси ПК125,377,Пси,125,,,1611.6,-3037.6,0,
500378,5,Пси ПК126,378,Пси,126,,,1602.3,-3041.2,0,
500379,5,Пси ПК127,379,Пси,127,,,1593.1,-3045.0,0,
500380,5,Пси ПК128,380,Пси,128,,,1583.9,-3049.0,0,
500381,5,Пси ПК129,381,Пси,129,,,1574.7,-3053.1,0,
500382,5,Пси ПК130,382,Пси,130,,,1565.7,-3057.3,7,
500383,5,Пси ПК131,383,Пси,131,,,1556.7,-3061.7,0,
500384,5,Пси ПК132,384,Пси,132,,,1547.8,-3066.3,0,
500385,5,Пси ПК133,385,Пси,133,,,1539.1,-3071.2,0,
500386,5,Пси ПК134,386,Пси,134,,,1530.5,-3076.2,0,
500387,5,Пси ПК135,387,Пси,135,,,1522.0,-3081.5,0,
500388,5,Пси ПК136,388,Пси,136,,,1513.6,-3087.0,0,
500389,5,Пси ПК137,389,Пси,137,,,1505.3,-3092.6,0,
500390,5,Пси ПК138,390,Пси,138,,,1497.2,-3098.4,0,
500391,5,Пси ПК139,391,Пси,139,,,1489.1,-3104.4,2,
500392,5,Пси ПК140,392,Пси,140,,,1481.2,-3110.5,0,
500393,5,Пси ПК141,393,Пси,141,,,1473.4,-3116.7,0,
500394,5,Пси ПК142,394,Пси,142,,,1465.6,-3123.0,0,
500395,5,Пси ПК143,395,Пси,143,,,1458.0,-3129.4,0,
500396,5,Пси ПК144,396,Пси,144,,,1450.4,-3135.9,0,
500397,5,Пси ПК145,397,Пси,145,,,1442.8,-3142.5,0,
500398,5,Пси ПК146,398,Пси,146,,,1435.3,-3149.1,0,
500399,5,Пси ПК147,399,Пси,147,,,1427.8,-3155.7,0,
500400,5,Пси ПК148,400,Пси,148,,,1420.4,-3162.4,15,
500401,5,Пси ПК149,401,Пси,149,,,1413.0,-3169.1,2,
500402,5,Пси ПК150,402,Пси,150,,,1405.6,-3175.9,0,
500403,5,Пси ПК151,403,Пси,151,,,1398.2,-3182.6,0,
500404,5,Пси ПК152,404,Пси,152,,,1390.9,-3189.5,0,
500405,5,Пси ПК153,405,Пси,153,,,1383.7,-3196.3,0,
500406,5,Пси ПК154,406,Пси,154,,,1376.4,-3203.2,0,
500407,5,Пси ПК155,407,Пси,155,,,1369.2,-3210.2,0,
500408,5,Пси ПК156,408,Пси,156,,,1362.1,-3217.2,2,
500409,5,Пси ПК157,409,Пси,157,,,1355.0,-3224.2,0,
500410,5,Пси ПК158,410,Пси,158,,,1347.9,-3231.2,0,
500411,5,Пси ПК159,411,Пси,159,,,1340.8,-3238.4,0,
500412,5,Пси ПК160,412,Пси,160,,,1333.9,-3245.5,0,
500413,5,Пси ПК161,413,Пси,161,,,1326.9,-3252.7,0,
500414,5,Пси ПК162,414,Пси,162,,,1320.0,-3260.0,0,
500415,5,Пси ПК163,415,Пси,163,,,1313.1,-3267.2,2,
500416,5,Пси ПК164,416,Пси,164,,,1306.2,-3274.4,0,
500417,5,Пси ПК165,417,Пси,165,,,1299.3,-3281.7,0,
500418,5,Пси ПК166,418,Пси,166,,,1292.5,-3288.9,2,
500419,5,Пси ПК167,419,Пси,167,,,1285.7,-3296.3,0,
500420,5,Пси ПК168,420,Пси,168,,,1278.9,-3303.6,0,
500421,5,Пси ПК169,421,Пси,169,,,1272.2,-3311.0,0,
500422,5,Пси ПК170,422,Пси,170,,,1265.5,-3318.5,0,
500423,5,Пси ПК171,423,Пси,171,,,1258.9,-3326.0,0,
500424,5,Пси ПК172,424,Пси,172,,,1252.3,-3333.5,0,
500425,5,Пси ПК173,425,Пси,173,,,1245.7,-3341.1,0,
500426,5,Пси ПК174,426,Пси,174,,,1239.2,-3348.6,3,
500427,5,Пси ПК175,427,Пси,175,,,1232.6,-3356.2,0,
500428,5,Пси ПК176,428,Пси,176,,,1226.1,-3363.8,0,
500429,5,Пси ПК177,429,Пси,177,,,1219.6,-3371.4,0,
500430,5,Пси ПК178,430,Пси,178,,,1213.0,-3378.9,0,
500431,5,Пси ПК179,431,Пси,179,,,1206.4,-3386.4,0,
500432,5,Пси ПК180,432,Пси,180,,,1199.7,-3393.8,0,
500433,5,Пси ПК181,433,Пси,181,,,1193.1,-3401.3,10,
500434,5,Пси ПК182,434,Пси,182,,,1186.4,-3408.7,0,
500435,5,Пси ПК183,435,Пси,183,,,1179.8,-3416.2,0,
500436,5,Пси ПК184,436,Пси,184,,,1173.1,-3423.7,0,
500437,5,Пси ПК185,437,Пси,185,,,1166.5,-3431.1,0,
500438,5,Пси ПК186,438,Пси,186,,,1159.8,-3438.6,0,
500439,5,Пси ПК187,439,Пси,187,,,1153.1,-3446.0,2,
500440,5,Пси ПК188,440,Пси,188,,,1146.2,-3453.3,0,
500441,5,Пси ПК189,441,Пси,189,,,1139.3,-3460.5,0,
500442,5,Пси ПК190,442,Пси,190,,,1132.3,-3467.6,1,
500443,5,Пси ПК191,443,Пси,191,,,1125.1,-3474.6,0,
500444,5,Пси ПК192,444,Пси,192,,,1117.9,-3481.5,0,
500445,5,Пси ПК193,445,Пси,193,,,1110.6,-3488.3,2,
500446,5,Пси ПК194,446,Пси,194,,,1103.2,-3495.0,0,
500447,5,Пси ПК195,447,Пси,195,,,1095.7,-3501.7,0,
500448,5,Пси ПК196,448,Пси,196,,,1088.1,-3508.2,0,
500449,5,Пси ПК197,449,Пси,197,,,1080.5,-3514.7,0,
500450,5,Пси ПК198,450,Пси,198,,,1072.8,-3521.1,2,
500451,5,Пси ПК199,451,Пси,199,,,1065.1,-3527.5,0,
500452,5,Пси ПК200,452,Пси,200,,,1057.4,-3533.8,4,сопряжение с место 16
600001,6,Фита ПК0,1,Фита,0,,,6198.7,-1946.1,4,
600002,6,Фита ПК1,2,Фита,1,,,6188.8,-1947.1,0,
600003,6,Фита ПК2,3,Фита,2,,,6178.8,-1948.2,2,
600004,6,Фита ПК3,4,Фита,3,,,6168.9,-1949.3,3,
600005,6,Фита ПК4,5,Фита,4,,,6158.9,-1950.3,0,
600006,6,Фита ПК5,6,Фита,5,,,6149.0,-1951.4,4,
600007,6,Фита ПК6,7,Фита,6,,,6139.1,-1952.3,4,
600008,6,Фита ПК7,8,Фита,7,,,6129.1,-1953.3,0,
600009,6,Фита ПК8,9,Фита,8,,,6119.1,-1954.1,0,
600010,6,Фита ПК9,10,Фита,9,,,6109.2,-1954.9,4,
600011,6,Фита ПК10,11,Фита,10,,,6099.2,-1955.7,0,
600012,6,Фита ПК11,12,Фита,11,,,6089.2,-1956.3,4,
600013,6,Фита ПК12,13,Фита,12,,,6079.2,-1956.9,8,
600014,6,Фита ПК13,14,Фита,13,,,6069.2,-1957.5,4,
600015,6,Фита ПК14,15,Фита,14,,,6059.3,-1958.1,3,
600016,6,Фита ПК15,16,Фита,15,,,6049.3,-1958.7,0,
600017,6,Фита ПК16,17,Фита,16,,,6039.3,-1959.4,0,
600018,6,Фита ПК17,18,Фита,17,,,6029.3,-1960.1,1,
600019,6,Фита ПК18,19,Фита,18,,,6019.4,-1960.9,0,
600020,6,Фита ПК19,20,Фита,19,,,6009.4,-1961.7,3,
600021,6,Фита ПК20,21,Фита,20,,,5999.4,-1962.7,4,
600022,6,Фита ПК21,22,Фита,21,,,5989.5,-1963.6,0,
600023,6,Фита ПК22,23,Фита,22,,,5979.5,-1964.4,0,
600024,6,Фита ПК23,24,Фита,23,,,5969.6,-1965.3,2,
600025,6,Фита ПК24,25,Фита,24,,,5959.6,-1966.0,0,
600026,6,Фита ПК25,26,Фита,25,,,5949.6,-1966.7,0,
600027,6,Фита ПК26,27,Фита,26,,,5939.6,-1967.3,1,
600028,6,Фита ПК27,28,Фита,27,,,5929.6,-1967.6,0,
600029,6,Фита ПК28,29,Фита,28,,,5919.6,-1967.9,4,
600030,6,Фита ПК29,30,Фита,29,,,5909.6,-1968.0,11,
600031,6,Фита ПК30,31,Фита,30,,,5899.6,-1967.9,3,
600032,6,Фита ПК31,32,Фита,31,,,5889.6,-1967.7,2,
600033,6,Фита ПК32,33,Фита,32,,,5879.6,-1967.4,0,
600034,6,Фита ПК33,34,Фита,33,,,5869.6,-1967.1,1,
600035,6,Фита ПК34,35,Фита,34,,,5859.7,-1966.6,1,
600036,6,Фита ПК35,36,Фита,35,,,5849.7,-1966.1,0,
600037,6,Фита ПК36,37,Фита,36,,,5839.7,-1965.6,3,
600038,6,Фита ПК37,38,Фита,37,,,5829.7,-1965.0,0,
600039,6,Фита ПК38,39,Фита,38,,,5819.7,-1964.2,0,
600040,6,Фита ПК39,40,Фита,39,,,5809.8,-1963.4,4,
600041,6,Фита ПК40,41,Фита,40,,,5799.8,-1962.4,3,
600042,6,Фита ПК41,42,Фита,41,,,5789.9,-1961.3,0,
600043,6,Фита ПК42,43,Фита,42,,,5780.0,-1960.0,0,
600044,6,Фита ПК43,44,Фита,43,,,5770.0,-1958.7,1,
600045,6,Фита ПК44,45,Фита,44,,,5760.2,-1957.2,3,
600046,6,Фита ПК45,46,Фита,45,,,5750.3,-1955.5,0,
600047,6,Фита ПК46,47,Фита,46,,,5740.5,-1953.6,0,
600048,6,Фита ПК47,48,Фита,47,,,5730.7,-1951.7,6,
600049,6,Фита ПК48,49,Фита,48,,,5720.9,-1949.7,6,
600050,6,Фита ПК49,50,Фита,49,,,5711.1,-1947.5,7,
600051,6,Фита ПК50,51,Фита,50,,,5701.4,-1945.3,2,
600052,6,Фита ПК51,52,Фита,51,,,5691.6,-1943.0,1,
600053,6,Фита ПК52,53,Фита,52,,,5681.9,-1940.7,2,
600054,6,Фита ПК53,54,Фита,53,,,5672.2,-1938.3,0,
600055,6,Фита ПК54,55,Фита,54,,,5662.5,-1935.8,1,
600056,6,Фита ПК55,56,Фита,55,,,5652.8,-1933.2,3,
600057,6,Фита ПК56,57,Фита,56,,,5643.2,-1930.5,0,
600058,6,Фита ПК57,58,Фита,57,,,5633.6,-1927.7,0,
600059,6,Фита ПК58,59,Фита,58,,,5624.0,-1924.9,7,
600060,6,Фита ПК59,60,Фита,59,,,5614.4,-1922.1,1,
600061,6,Фита ПК60,61,Фита,60,,,5604.8,-1919.3,2,
600062,6,Фита ПК61,62,Фита,61,,,5595.2,-1916.6,1,
600063,6,Фита ПК62,63,Фита,62,,,5585.6,-1913.8,3,
600064,6,Фита ПК63,64,Фита,63,,,5576.0,-1911.1,6,
600065,6,Фита ПК64,65,Фита,64,,,5566.3,-1908.4,0,
600066,6,Фита ПК65,66,Фита,65,,,5556.7,-1905.7,0,
600067,6,Фита ПК66,67,Фита,66,,,5547.1,-1903.1,1,
600068,6,Фита ПК67,68,Фита,67,,,5537.4,-1900.4,2,
600069,6,Фита ПК68,69,Фита,68,,,5527.8,-1897.7,0,
600070,6,Фита ПК69,70,Фита,69,,,5518.1,-1895.2,1,
600071,6,Фита ПК70,71,Фита,70,,,5508.4,-1892.7,1,
600072,6,Фита ПК71,72,Фита,71,,,5498.7,-1890.4,2,
600073,6,Фита ПК72,73,Фита,72,,,5489.0,-1888.0,1,
600074,6,Фита ПК73,74,Фита,73,,,5479.2,-1885.8,0,
600075,6,Фита ПК74,75,Фита,74,,,5469.5,-1883.5,3,
600076,6,Фита ПК75,76,Фита,75,,,5459.7,-1881.4,0,
600077,6,Фита ПК76,77,Фита,76,,,5449.9,-1879.3,3,
600078,6,Фита ПК77,78,Фита,77,,,5440.1,-1877.3,7,
600079,6,Фита ПК78,79,Фита,78,,,5430.3,-1875.4,6,
600080,6,Фита ПК79,80,Фита,79,,,5420.5,-1873.6,4,
600081,6,Фита ПК80,81,Фита,80,,,5410.7,-1871.8,0,
600082,6,Фита ПК81,82,Фита,81,,,5400.8,-1870.1,1,
600083,6,Фита ПК82,83,Фита,82,,,5390.9,-1868.5,5,
600084,6,Фита ПК83,84,Фита,83,,,5381.0,-1867.0,3,
600085,6,Фита ПК84,85,Фита,84,,,5371.1,-1865.6,0,
600086,6,Фита ПК85,86,Фита,85,,,5361.2,-1864.2,0,
600087,6,Фита ПК86,87,Фита,86,,,5351.3,-1863.1,5,
600088,6,Фита ПК87,88,Фита,87,,,5341.4,-1861.9,12,
600089,6,Фита ПК88,89,Фита,88,,,5331.4,-1860.8,5,
600090,6,Фита ПК89,90,Фита,89,,,5321.5,-1859.8,0,
600091,6,Фита ПК90,91,Фита,90,,,5311.5,-1858.8,12,
600092,6,Фита ПК91,92,Фита,91,,,5301.6,-1857.9,3,
600093,6,Фита ПК92,93,Фита,92,,,5291.6,-1857.0,2,
600094,6,Фита ПК93,94,Фита,93,,,5281.6,-1856.3,0,
600095,6,Фита ПК94,95,Фита,94,,,5271.7,-1855.6,5,
600096,6,Фита ПК95,96,Фита,95,,,5261.7,-1855.1,0,
600097,6,Фита ПК96,97,Фита,96,,,5251.7,-1854.6,0,
600098,6,Фита ПК97,98,Фита,97,,,5241.7,-1854.2,2,
600099,6,Фита ПК98,99,Фита,98,,,5231.7,-1853.7,2,
600100,6,Фита ПК99,100,Фита,99,,,5221.7,-1853.3,4,
600101,6,Фита ПК100,101,Фита,100,,,5211.7,-1853.0,3,
600102,6,Фита ПК101,102,Фита,101,,,5201.7,-1852.7,0,
600103,6,Фита ПК102,103,Фита,102,,,5191.7,-1852.3,1,
600104,6,Фита ПК103,104,Фита,103,,,5181.7,-1852.0,4,
600105,6,Фита ПК104,105,Фита,104,,,5171.7,-1851.6,0,
600106,6,Фита ПК105,106,Фита,105,,,5161.7,-1851.3,2,
600107,6,Фита ПК106,107,Фита,106,,,5151.8,-1851.0,6,
600108,6,Бета ПК0,108,Бета,0,,,5044.7,-2544.5,22,
600109,6,Бета ПК1,109,Бета,1,,,5037.8,-2537.2,1,
600110,6,Бета ПК2,110,Бета,2,,,5031.0,-2530.0,7,
600111,6,Бета ПК3,111,Бета,3,,,5024.2,-2522.7,6,
600112,6,Бета ПК4,112,Бета,4,,,5017.3,-2515.4,0,
600113,6,Бета ПК5,113,Бета,5,,,5010.4,-2508.1,3,
600114,6,Бета ПК6,114,Бета,6,,,5003.4,-2501.0,0,
600115,6,Бета ПК7,115,Бета,7,,,4996.4,-2493.8,4,
600116,6,Бета ПК8,116,Бета,8,,,4989.4,-2486.7,0,
600117,6,Бета ПК9,117,Бета,9,,,4982.4,-2479.6,0,
600118,6,Бета ПК10,118,Бета,10,,,4975.3,-2472.5,0,
600119,6,Бета ПК11,119,Бета,11,,,4968.2,-2465.4,7,
600120,6,Бета ПК12,120,Бета,12,,,4961.2,-2458.4,26,
600121,6,Бета ПК13,121,Бета,13,,,4954.2,-2451.3,0,
600122,6,Бета ПК14,122,Бета,14,,,4947.1,-2444.2,2,
600123,6,Бета ПК15,123,Бета,15,,,4940.1,-2437.0,0,
600124,6,Бета ПК16,124,Бета,16,,,4933.0,-2430.0,0,
600125,6,Бета ПК17,125,Бета,17,,,4925.9,-2422.9,0,
600126,6,Бета ПК18,126,Бета,18,,,4918.8,-2415.9,0,
600127,6,Бета ПК19,127,Бета,19,,,4911.6,-2408.9,0,
600128,6,Бета ПК20,128,Бета,20,,,4904.4,-2402.0,0,
600129,6,Бета ПК21,129,Бета,21,,,4897.2,-2395.1,0,
600130,6,Бета ПК22,130,Бета,22,,,4890.0,-2388.2,0,
600131,6,Бета ПК23,131,Бета,23,,,4882.7,-2381.4,0,
600132,6,Бета ПК24,132,Бета,24,,,4875.3,-2374.6,4,
600133,6,Бета ПК25,133,Бета,25,,,4867.8,-2368.0,2,
600134,6,Бета ПК26,134,Бета,26,,,4860.2,-2361.5,0,
600135,6,Бета ПК27,135,Бета,27,,,4852.5,-2355.0,0,
600136,6,Бета ПК28,136,Бета,28,,,4844.8,-2348.8,21,
600137,6,Бета ПК29,137,Бета,29,,,4836.8,-2342.7,0,
600138,6,Бета ПК30,138,Бета,30,,,4828.7,-2336.8,0,
600139,6,Бета ПК31,139,Бета,31,,,4820.5,-2331.1,0,
600140,6,Бета ПК32,140,Бета,32,,,4812.2,-2325.6,0,
600141,6,Бета ПК33,141,Бета,33,,,4803.7,-2320.2,0,
600142,6,Бета ПК34,142,Бета,34,,,4795.2,-2314.9,0,
600143,6,Бета ПК35,143,Бета,35,,,4786.6,-2309.8,0,
600144,6,Бета ПК36,144,Бета,36,,,4777.9,-2304.9,0,
600145,6,Бета ПК37,145,Бета,37,,,4769.2,-2300.1,0,
600146,6,Бета ПК38,146,Бета,38,,,4760.4,-2295.3,0,
600147,6,Бета ПК39,147,Бета,39,,,4751.6,-2290.5,0,
600148,6,Бета ПК40,148,Бета,40,,,4742.8,-2285.9,0,
600149,6,Бета ПК41,149,Бета,41,,,4733.9,-2281.3,0,
600150,6,Бета ПК42,150,Бета,42,,,4725.0,-2276.7,0,
600151,6,Бета ПК43,151,Бета,43,,,4716.1,-2272.2,0,
600152,6,Бета ПК44,152,Бета,44,,,4707.1,-2267.8,0,
600153,6,Бета ПК45,153,Бета,45,,,4698.0,-2263.6,0,
600154,6,Бета ПК46,154,Бета,46,,,4688.9,-2259.5,1,
600155,6,Бета ПК47,155,Бета,47,,,4679.7,-2255.5,1,
600156,6,Бета ПК48,156,Бета,48,,,4670.5,-2251.7,4,
600157,6,Бета ПК49,157,Бета,49,,,4661.2,-2248.0,0,
600158,6,Бета ПК50,158,Бета,50,,,4651.9,-2244.3,0,
600159,6,Бета ПК51,159,Бета,51,,,4642.5,-2240.8,1,
600160,6,Бета ПК52,160,Бета,52,,,4633.2,-2237.2,0,
600161,6,Бета ПК53,161,Бета,53,,,4623.8,-2233.8,0,
600162,6,Бета ПК54,162,Бета,54,,,4614.4,-2230.4,0,
600163,6,Бета ПК55,163,Бета,55,,,4604.9,-2227.2,0,
600164,6,Бета ПК56,164,Бета,56,,,4595.4,-2224.2,0,
600165,6,Бета ПК57,165,Бета,57,,,4585.8,-2221.4,0,
600166,6,Бета ПК58,166,Бета,58,,,4576.1,-2218.7,14,
600167,6,Бета ПК59,167,Бета,59,,,4566.5,-2216.2,0,
600168,6,Бета ПК60,168,Бета,60,,,4556.8,-2213.8,0,
600169,6,Бета ПК61,169,Бета,61,,,4547.0,-2211.5,0,
600170,6,Бета ПК62,170,Бета,62,,,4537.2,-2209.4,0,
600171,6,Бета ПК63,171,Бета,63,,,4527.4,-2207.4,1,
600172,6,Бета ПК64,172,Бета,64,,,4517.6,-2205.6,0,
600173,6,Бета ПК65,173,Бета,65,,,4507.8,-2203.9,1,
600174,6,Бета ПК66,174,Бета,66,,,4497.9,-2202.3,0,
600175,6,Бета ПК67,175,Бета,67,,,4488.0,-2200.8,0,
600176,6,Бета ПК68,176,Бета,68,,,4478.1,-2199.5,0,
600177,6,Бета ПК69,177,Бета,69,,,4468.2,-2198.3,0,
600178,6,Бета ПК70,178,Бета,70,,,4458.2,-2197.1,0,
600179,6,Бета ПК71,179,Бета,71,,,4448.3,-2195.9,0,
600180,6,Бета ПК72,180,Бета,72,,,4438.4,-2194.8,0,
600181,6,Бета ПК73,181,Бета,73,,,4428.4,-2193.7,0,
600182,6,Бета ПК74,182,Бета,74,,,4418.5,-2192.7,0,
600183,6,Бета ПК75,183,Бета,75,,,4408.5,-2191.7,0,
600184,6,Бета ПК76,184,Бета,76,,,4398.6,-2190.7,0,
600185,6,Бета ПК77,185,Бета,77,,,4388.6,-2189.8,2,
600186,6,Бета ПК78,186,Бета,78,,,4378.6,-2189.1,0,
600187,6,Бета ПК79,187,Бета,79,,,4368.7,-2188.5,0,
600188,6,Бета ПК80,188,Бета,80,,,4358.7,-2188.1,0,
600189,6,Бета ПК81,189,Бета,81,,,4348.7,-2187.8,1,
600190,6,Бета ПК82,190,Бета,82,,,4338.7,-2187.8,0,
600191,6,Бета ПК83,191,Бета,83,,,4328.7,-2187.9,0,
600192,6,Бета ПК84,192,Бета,84,,,4318.7,-2188.1,0,
600193,6,Бета ПК85,193,Бета,85,,,4308.7,-2188.4,0,
600194,6,Бета ПК86,194,Бета,86,,,4298.7,-2188.7,0,
600195,6,Бета ПК87,195,Бета,87,,,4288.7,-2189.0,5,
600196,6,Бета ПК88,196,Бета,88,,,4278.7,-2189.4,0,
600197,6,Бета ПК89,197,Бета,89,,,4268.7,-2189.8,0,
600198,6,Бета ПК90,198,Бета,90,,,4258.7,-2190.1,0,
600199,6,Бета ПК91,199,Бета,91,,,4248.7,-2190.3,2,
600200,6,Бета ПК92,200,Бета,92,,,4238.7,-2190.5,0,
600201,6,Бета ПК93,201,Бета,93,,,4228.7,-2190.6,0,
600202,6,Бета ПК94,202,Бета,94,,,4218.7,-2190.7,0,
600203,6,Бета ПК95,203,Бета,95,,,4208.7,-2190.7,0,
600204,6,Бета ПК96,204,Бета,96,,,4198.7,-2190.8,6,
600205,6,Бета ПК97,205,Бета,97,,,4188.7,-2190.9,0,
600206,6,Бета ПК98,206,Бета,98,,,4178.7,-2191.0,0,
600207,6,Бета ПК99,207,Бета,99,,,4168.7,-2191.1,0,
600208,6,Бета ПК100,208,Бета,100,,,4158.7,-2191.3,0,
600209,6,Бета ПК101,209,Бета,101,,,4148.7,-2191.4,0,
600210,6,Бета ПК102,210,Бета,102,,,4138.7,-2191.5,2,
700001,7,ПК0,1,Гамма,0,,,13851.7,-4252.6,8,
700002,7,ПК1,2,Гамма,1,,,13851.0,-4242.7,0,
700003,7,ПК2,3,Гамма,2,,,13850.2,-4232.7,1,
700004,7,ПК3,4,Гамма,3,,,13849.4,-4222.7,0,
700005,7,ПК4,5,Гамма,4,,,13848.4,-4212.8,0,
700006,7,ПК5,6,Гамма,5,,,13847.5,-4202.8,0,
700007,7,ПК6,7,Гамма,6,,,13846.5,-4192.9,0,
700008,7,ПК7,8,Гамма,7,,,13845.4,-4182.9,0,
700009,7,ПК8,9,Гамма,8,,,13844.2,-4173.0,0,
700010,7,ПК9,10,Гамма,9,,,13842.9,-4163.1,0,
700011,7,ПК10,11,Гамма,10,,,13841.7,-4153.2,5,
700012,7,ПК11,12,Гамма,11,,,13840.4,-4143.2,5,
700013,7,ПК12,13,Гамма,12,,,13839.0,-4133.3,0,
700014,7,ПК13,14,Гамма,13,,,13837.6,-4123.4,0,
700015,7,ПК14,15,Гамма,14,,,13836.1,-4113.5,0,
700016,7,ПК15,16,Гамма,15,,,13834.5,-4103.7,0,
700017,7,ПК16,17,Гамма,16,,,13833.0,-4093.8,0,
700018,7,ПК17,18,Гамма,17,,,13831.4,-4083.9,0,
700019,7,ПК18,19,Гамма,18,,,13829.8,-4074.0,0,
700020,7,ПК19,20,Гамма,19,,,13828.2,-4064.2,0,
700021,7,ПК20,21,Гамма,20,,,13826.5,-4054.3,0,
700022,7,ПК21,22,Гамма,21,,,13824.8,-4044.5,0,
700023,7,ПК22,23,Гамма,22,,,13823.1,-4034.6,0,
700024,7,ПК23,24,Гамма,23,,,13821.3,-4024.8,0,
700025,7,ПК24,25,Гамма,24,,,13819.5,-4014.9,0,
700026,7,ПК25,26,Гамма,25,,,13817.8,-4005.1,0,
700027,7,ПК26,27,Гамма,26,,,13816.1,-3995.2,0,
700028,7,ПК27,28,Гамма,27,,,13814.3,-3985.4,0,
700029,7,ПК28,29,Гамма,28,,,13812.6,-3975.5,60,
700030,7,ПК29,30,Гамма,29,,,13811.0,-3965.7,6,
700031,7,ПК30,31,Гамма,30,,,13809.4,-3955.8,0,
700032,7,ПК31,32,Гамма,31,,,13807.9,-3945.9,0,
700033,7,ПК32,33,Гамма,32,,,13806.4,-3936.0,0,
700034,7,ПК33,34,Гамма,33,,,13804.9,-3926.1,0,
700035,7,ПК34,35,Гамма,34,,,13803.4,-3916.2,0,
700036,7,ПК35,36,Гамма,35,,,13801.9,-3906.4,0,
700037,7,ПК36,37,Гамма,36,,,13800.4,-3896.5,0,
700038,7,ПК37,38,Гамма,37,,,13798.9,-3886.6,0,
700039,7,ПК38,39,Гамма,38,,,13797.4,-3876.7,0,
700040,7,ПК39,40,Гамма,39,,,13795.9,-3866.8,0,
700041,7,ПК40,41,Гамма,40,,,13794.3,-3856.9,0,
700042,7,ПК41,42,Гамма,41,,,13792.7,-3847.1,0,
700043,7,ПК42,43,Гамма,42,,,13791.0,-3837.2,0,
700044,7,ПК43,44,Гамма,43,,,13789.2,-3827.4,0,
700045,7,ПК44,45,Гамма,44,,,13787.3,-3817.6,0,
700046,7,ПК45,46,Гамма,45,,,13785.3,-3807.8,0,
700047,7,ПК46,47,Гамма,46,,,13783.1,-3798.0,0,
700048,7,ПК47,48,Гамма,47,,,13780.9,-3788.2,0,
700049,7,ПК48,49,Гамма,48,,,13778.7,-3778.5,0,
700050,7,ПК49,50,Гамма,49,,,13776.4,-3768.8,0,
700051,7,ПК50,51,Гамма,50,,,13774.2,-3759.0,0,
700052,7,ПК51,52,Гамма,51,,,13771.9,-3749.3,0,
700053,7,ПК52,53,Гамма,52,,,13769.6,-3739.6,1,
700054,7,ПК53,54,Гамма,53,,,13767.2,-3729.8,0,
700055,7,ПК54,55,Гамма,54,,,13764.8,-3720.1,1,
700056,7,ПК55,56,Гамма,55,,,13762.3,-3710.4,0,
700057,7,ПК56,57,Гамма,56,,,13759.7,-3700.8,0,
700058,7,ПК57,58,Гамма,57,,,13757.0,-3691.2,0,
700059,7,ПК58,59,Гамма,58,,,13754.1,-3681.6,0,
700060,7,ПК59,60,Гамма,59,,,13751.1,-3672.0,0,
700061,7,ПК60,61,Гамма,60,,,13748.1,-3662.5,0,
700062,7,ПК61,62,Гамма,61,,,13744.9,-3653.0,0,
700063,7,ПК62,63,Гамма,62,,,13741.6,-3643.6,0,
700064,7,ПК63,64,Гамма,63,,,13738.2,-3634.2,0,
700065,7,ПК64,65,Гамма,64,,,13734.6,-3624.9,0,
700066,7,ПК65,66,Гамма,65,,,13730.9,-3615.6,0,
700067,7,ПК66,67,Гамма,66,,,13727.1,-3606.3,0,
700068,7,ПК67,68,Гамма,67,,,13723.3,-3597.1,0,
700069,7,ПК68,69,Гамма,68,,,13719.5,-3587.8,0,
700070,7,ПК69,70,Гамма,69,,,13715.6,-3578.6,0,
700071,7,ПК70,71,Гамма,70,,,13711.7,-3569.4,0,
700072,7,ПК71,72,Гамма,71,,,13707.8,-3560.2,0,
700073,7,ПК72,73,Гамма,72,,,13704.0,-3551.0,0,
700074,7,ПК73,74,Гамма,73,,,13700.0,-3541.8,0,
700075,7,ПК74,75,Гамма,74,,,13696.0,-3532.6,0,
700076,7,ПК75,76,Гамма,75,,,13692.0,-3523.5,0,
700077,7,ПК76,77,Гамма,76,,,13687.9,-3514.3,0,
700078,7,ПК77,78,Гамма,77,,,13683.8,-3505.2,0,
700079,7,ПК78,79,Гамма,78,,,13679.6,-3496.1,0,
700080,7,ПК79,80,Гамма,79,,,13675.4,-3487.1,0,
700081,7,ПК80,81,Гамма,80,,,13671.0,-3478.1,0,
700082,7,ПК81,82,Гамма,81,,,13666.7,-3469.1,0,
700083,7,ПК82,83,Гамма,82,,,13662.3,-3460.1,0,
700084,7,ПК83,84,Гамма,83,,,13657.9,-3451.1,0,
700085,7,ПК84,85,Гамма,84,,,13653.4,-3442.2,0,
700086,7,ПК85,86,Гамма,85,,,13649.0,-3433.2,0,
700087,7,ПК86,87,Гамма,86,,,13644.5,-3424.2,0,
700088,7,ПК87,88,Гамма,87,,,13640.1,-3415.3,0,
700089,7,ПК88,89,Гамма,88,,,13635.6,-3406.4,0,
700090,7,ПК89,90,Гамма,89,,,13631.0,-3397.5,0,
700091,7,ПК90,91,Гамма,90,,,13626.4,-3388.6,0,
700092,7,ПК91,92,Гамма,91,,,13621.7,-3379.8,0,
700093,7,ПК92,93,Гамма,92,,,13617.0,-3370.9,0,
700094,7,ПК93,94,Гамма,93,,,13612.3,-3362.1,0,
700095,7,ПК94,95,Гамма,94,,,13607.5,-3353.3,0,
700096,7,ПК95,96,Гамма,95,,,13602.6,-3344.6,0,
700097,7,ПК96,97,Гамма,96,,,13597.7,-3335.9,0,
700098,7,ПК97,98,Гамма,97,,,13592.8,-3327.2,0,
700099,7,ПК98,99,Гамма,98,,,13587.8,-3318.5,0,
700100,7,ПК99,100,Гамма,99,,,13582.7,-3309.9,0,
700101,7,ПК100,101,Гамма,100,,,13577.7,-3301.2,0,
700102,7,ПК101,102,Гамма,101,,,13572.6,-3292.6,0,
700103,7,ПК102,103,Гамма,102,,,13567.5,-3284.1,0,
700104,7,ПК103,104,Гамма,103,,,13562.2,-3275.6,0,
700105,7,ПК104,105,Гамма,104,,,13556.8,-3267.2,0,
700106,7,ПК105,106,Гамма,105,,,13551.3,-3258.8,0,
700107,7,ПК106,107,Гамма,106,,,13545.7,-3250.5,0,
700108,7,ПК107,108,Гамма,107,,,13540.1,-3242.2,0,
700109,7,ПК108,109,Гамма,108,,,13534.6,-3233.9,0,
700110,7,ПК109,110,Гамма,109,,,13529.0,-3225.6,0,
700111,7,ПК110,111,Гамма,110,,,13523.5,-3217.2,0,
700112,7,ПК111,112,Гамма,111,,,13517.9,-3208.9,0,
700113,7,ПК112,113,Гамма,112,,,13512.4,-3200.6,0,
700114,7,ПК113,114,Гамма,113,,,13506.9,-3192.2,0,
700115,7,ПК114,115,Гамма,114,,,13501.4,-3183.9,0,
700116,7,ПК115,116,Гамма,115,,,13496.0,-3175.5,0,
700117,7,ПК116,117,Гамма,116,,,13490.5,-3167.2,0,
700118,7,ПК117,118,Гамма,117,,,13485.0,-3158.8,0,
700119,7,ПК118,119,Гамма,118,,,13479.4,-3150.5,0,
700120,7,ПК119,120,Гамма,119,,,13473.8,-3142.2,0,
700121,7,ПК120,121,Гамма,120,,,13468.3,-3133.9,0,
700122,7,ПК121,122,Гамма,121,,,13462.8,-3125.5,0,
700123,7,ПК122,123,Гамма,122,,,13457.4,-3117.1,0,
700124,7,ПК123,124,Гамма,123,,,13452.0,-3108.7,0,
700125,7,ПК124,125,Гамма,124,,,13446.7,-3100.2,0,
700126,7,ПК125,126,Гамма,125,,,13441.6,-3091.6,0,
700127,7,ПК126,127,Гамма,126,,,13436.5,-3083.0,0,
700128,7,ПК127,128,Гамма,127,,,13431.5,-3074.3,0,
700129,7,ПК128,129,Гамма,128,,,13426.6,-3065.6,0,
700130,7,ПК129,130,Гамма,129,,,13421.7,-3056.9,0,
700131,7,ПК130,131,Гамма,130,,,13416.9,-3048.1,0,
700132,7,ПК131,132,Гамма,131,,,13412.2,-3039.3,0,
700133,7,ПК132,133,Гамма,132,,,13407.7,-3030.4,0,
700134,7,ПК133,134,Гамма,133,,,13403.3,-3021.4,0,
700135,7,ПК134,135,Гамма,134,,,13399.1,-3012.3,0,
700136,7,ПК135,136,Гамма,135,,,13395.0,-3003.2,0,
700137,7,ПК136,137,Гамма,136,,,13391.0,-2994.0,0,
700138,7,ПК137,138,Гамма,137,,,13387.1,-2984.8,0,
700139,7,ПК138,139,Гамма,138,,,13383.3,-2975.6,0,
700140,7,ПК139,140,Гамма,139,,,13379.5,-2966.3,0,
700141,7,ПК140,141,Гамма,140,,,13375.7,-2957.1,0,
700142,7,ПК141,142,Гамма,141,,,13371.9,-2947.8,0,
700143,7,ПК142,143,Гамма,142,,,13368.1,-2938.6,0,
700144,7,ПК143,144,Гамма,143,,,13364.3,-2929.3,0,
700145,7,ПК144,145,Гамма,144,,,13360.5,-2920.1,0,
700146,7,ПК145,146,Гамма,145,,,13356.6,-2910.9,0,
700147,7,ПК146,147,Гамма,146,,,13352.6,-2901.7,0,
700148,7,ПК147,148,Гамма,147,,,13348.7,-2892.5,0,
700149,7,ПК148,149,Гамма,148,,,13344.7,-2883.3,0,
700150,7,ПК149,150,Гамма,149,,,13340.7,-2874.1,0,
700151,7,ПК150,151,Гамма,150,,,13336.8,-2865.0,0,
700152,7,ПК151,152,Гамма,151,,,13332.8,-2855.8,0,
700153,7,ПК152,153,Гамма,152,,,13328.7,-2846.7,0,
700154,7,ПК153,154,Гамма,153,,,13324.6,-2837.6,0,
700155,7,ПК154,155,Гамма,154,,,13320.4,-2828.5,0,
700156,7,ПК155,156,Гамма,155,,,13316.2,-2819.4,0,
700157,7,ПК156,157,Гамма,156,,,13311.8,-2810.4,0,
700158,7,ПК157,158,Гамма,157,,,13307.4,-2801.4,0,
700159,7,ПК158,159,Гамма,158,,,13303.0,-2792.5,0,
700160,7,ПК159,160,Гамма,159,,,13298.4,-2783.6,0,
700161,7,ПК160,161,Гамма,160,,,13293.7,-2774.7,0,
700162,7,ПК161,162,Гамма,161,,,13288.9,-2766.0,0,
700163,7,ПК162,163,Гамма,162,,,13284.0,-2757.2,0,
700164,7,ПК163,164,Гамма,163,,,13279.0,-2748.6,0,
700165,7,ПК164,165,Гамма,164,,,13273.9,-2740.0,0,
700166,7,ПК165,166,Гамма,165,,,13268.7,-2731.5,0,
700167,7,ПК166,167,Гамма,166,,,13263.4,-2723.0,0,
700168,7,ПК167,168,Гамма,167,,,13258.1,-2714.5,0,
700169,7,ПК168,169,Гамма,168,,,13252.7,-2706.1,0,
700170,7,ПК169,170,Гамма,169,,,13247.2,-2697.7,0,
700171,7,ПК170,171,Гамма,170,,,13241.7,-2689.4,0,
700172,7,ПК171,172,Гамма,171,,,13236.0,-2681.2,0,
700173,7,ПК172,173,Гамма,172,,,13230.3,-2673.0,0,
700174,7,ПК173,174,Гамма,173,,,13224.5,-2664.8,0,
700175,7,ПК174,175,Гамма,174,,,13218.6,-2656.7,0,
700176,7,ПК175,176,Гамма,175,,,13212.6,-2648.7,0,
700177,7,ПК176,177,Гамма,176,,,13206.6,-2640.7,0,
700178,7,ПК177,178,Гамма,177,,,13200.5,-2632.8,0,
700179,7,ПК178,179,Гамма,178,,,13194.4,-2624.9,0,
700180,7,ПК179,180,Гамма,179,,,13188.1,-2617.1,0,
700181,7,ПК180,181,Гамма,180,,,13181.8,-2609.4,0,
700182,7,ПК181,182,Гамма,181,,,13175.4,-2601.7,0,
700183,7,ПК182,183,Гамма,182,,,13169.0,-2594.0,0,
700184,7,ПК183,184,Гамма,183,,,13162.6,-2586.3,0,
700185,7,ПК184,185,Гамма,184,,,13156.2,-2578.6,0,
700186,7,ПК185,186,Гамма,185,,,13149.7,-2571.0,0,
700187,7,ПК186,187,Гамма,186,,,13143.4,-2563.3,0,
700188,7,ПК187,188,Гамма,187,,,13137.0,-2555.5,0,
700189,7,ПК188,189,Гамма,188,,,13130.7,-2547.8,0,
700190,7,ПК189,190,Гамма,189,,,13124.4,-2540.0,0,
700191,7,ПК190,191,Гамма,190,,,13118.1,-2532.3,0,
700192,7,ПК191,192,Гамма,191,,,13111.7,-2524.6,0,
700193,7,ПК192,193,Гамма,192,,,13105.3,-2516.9,0,
700194,7,ПК193,194,Гамма,193,,,13098.8,-2509.3,0,
700195,7,ПК194,195,Гамма,194,,,13092.3,-2501.7,0,
700196,7,ПК195,196,Гамма,195,,,13085.7,-2494.2,0,
700197,7,ПК196,197,Гамма,196,,,13079.0,-2486.7,0,
700198,7,ПК197,198,Гамма,197,,,13072.3,-2479.3,0,
700199,7,ПК198,199,Гамма,198,,,13065.5,-2472.0,0,
700200,7,ПК199,200,Гамма,199,,,13058.7,-2464.7,0,
700201,7,ПК200,201,Гамма,200,,,13051.7,-2457.5,0,
700202,7,ПК201,202,Гамма,201,,,13044.7,-2450.4,0,
700203,7,ПК202,203,Гамма,202,,,13037.4,-2443.5,0,
700204,7,ПК203,204,Гамма,203,,,13030.1,-2436.7,0,
700205,7,ПК204,205,Гамма,204,,,13022.7,-2430.0,0,
700206,7,ПК205,206,Гамма,205,,,13015.2,-2423.4,0,
700207,7,ПК206,207,Гамма,206,,,13007.5,-2417.0,0,
700208,7,ПК207,208,Гамма,207,,,12999.6,-2410.8,0,
700209,7,ПК208,209,Гамма,208,,,12991.6,-2404.8,0,
700210,7,ПК209,210,Гамма,209,,,12983.6,-2398.9,0,
700211,7,ПК210,211,Гамма,210,,,12975.4,-2393.2,0,
700212,7,ПК211,212,Гамма,211,,,12967.1,-2387.6,0,
700213,7,ПК212,213,Гамма,212,,,12958.7,-2382.2,0,
700214,7,ПК213,214,Гамма,213,,,12950.2,-2376.9,0,
700215,7,ПК214,215,Гамма,214,,,12941.6,-2371.8,0,
700216,7,ПК215,216,Гамма,215,,,12932.8,-2366.9,0,
700217,7,ПК216,217,Гамма,216,,,12924.0,-2362.2,0,
700218,7,ПК217,218,Гамма,217,,,12915.1,-2357.7,0,
700219,7,ПК218,219,Гамма,218,,,12906.1,-2353.4,0,
700220,7,ПК219,220,Гамма,219,,,12896.9,-2349.3,0,
700221,7,ПК220,221,Гамма,220,,,12887.7,-2345.4,0,
700222,7,ПК221,222,Гамма,221,,,12878.5,-2341.6,0,
700223,7,ПК222,223,Гамма,222,,,12869.2,-2338.0,0,
700224,7,ПК223,224,Гамма,223,,,12859.8,-2334.5,0,
700225,7,ПК224,225,Гамма,224,,,12850.4,-2331.0,0,
700226,7,ПК225,226,Гамма,225,,,12841.0,-2327.7,0,
700227,7,ПК226,227,Гамма,226,,,12831.6,-2324.4,0,
700228,7,ПК227,228,Гамма,227,,,12822.1,-2321.1,0,
700229,7,ПК228,229,Гамма,228,,,12812.6,-2317.9,0,
700230,7,ПК229,230,Гамма,229,,,12803.1,-2314.8,0,
700231,7,ПК230,231,Гамма,230,,,12793.6,-2311.7,0,
700232,7,ПК231,232,Гамма,231,,,12784.0,-2308.8,0,
700233,7,ПК232,233,Гамма,232,,,12774.4,-2306.0,0,
700234,7,ПК233,234,Гамма,233,,,12764.8,-2303.3,0,
700235,7,ПК234,235,Гамма,234,,,12755.2,-2300.6,0,
700236,7,ПК235,236,Гамма,235,,,12745.5,-2298.0,0,
700237,7,ПК236,237,Гамма,236,,,12735.8,-2295.5,0,
700238,7,ПК237,238,Гамма,237,,,12726.2,-2293.0,0,
700239,7,ПК238,239,Гамма,238,,,12716.5,-2290.5,0,
700240,7,ПК239,240,Гамма,239,,,12706.8,-2288.0,0,
700241,7,ПК240,241,Гамма,240,,,12697.1,-2285.5,0,
700242,7,ПК241,242,Гамма,241,,,12687.4,-2283.2,0,
700243,7,ПК242,243,Гамма,242,,,12677.6,-2281.0,0,
700244,7,ПК243,244,Гамма,243,,,12667.8,-2279.0,0,
700245,7,ПК244,245,Гамма,244,,,12658.0,-2277.0,0,
700246,7,ПК245,246,Гамма,245,,,12648.2,-2275.2,0,
700247,7,ПК246,247,Гамма,246,,,12638.3,-2273.6,0,
700248,7,ПК247,248,Гамма,247,,,12628.4,-2272.1,0,
700249,7,ПК248,249,Гамма,248,,,12618.5,-2270.8,0,
700250,7,ПК249,250,Гамма,249,,,12608.6,-2269.6,0,
700251,7,ПК250,251,Гамма,250,,,12598.6,-2268.6,0,
700252,7,ПК251,252,Гамма,251,,,12588.7,-2267.8,0,
700253,7,ПК252,253,Гамма,252,,,12578.7,-2267.1,0,
700254,7,ПК253,254,Гамма,253,,,12568.7,-2266.7,0,
700255,7,ПК254,255,Гамма,254,,,12558.7,-2266.4,0,
700256,7,ПК255,256,Гамма,255,,,12548.7,-2266.3,0,
700257,7,ПК256,257,Гамма,256,,,12538.7,-2266.4,0,
700258,7,ПК257,258,Гамма,257,,,12528.7,-2266.6,0,
700259,7,ПК258,259,Гамма,258,,,12518.7,-2267.1,0,
700260,7,ПК259,260,Гамма,259,,,12508.7,-2267.6,0,
700261,7,ПК260,261,Гамма,260,,,12498.8,-2268.3,0,
700262,7,ПК261,262,Гамма,261,,,12488.8,-2269.2,0,
700263,7,ПК262,263,Гамма,262,,,12478.9,-2270.2,0,
700264,7,ПК263,264,Гамма,263,,,12468.9,-2271.4,0,
700265,7,ПК264,265,Гамма,264,,,12459.0,-2272.8,0,
700266,7,ПК265,266,Гамма,265,,,12449.2,-2274.4,0,
700267,7,ПК266,267,Гамма,266,,,12439.3,-2276.1,0,
700268,7,ПК267,268,Гамма,267,,,12429.5,-2278.0,0,
700269,7,ПК268,269,Гамма,268,,,12419.7,-2280.1,0,
700270,7,ПК269,270,Гамма,269,,,12410.0,-2282.4,0,
700271,7,ПК270,271,Гамма,270,,,12400.2,-2284.7,0,
700272,7,ПК271,272,Гамма,271,,,12390.5,-2287.1,0,
700273,7,ПК272,273,Гамма,272,,,12380.9,-2289.7,0,
700274,7,ПК273,274,Гамма,273,,,12371.3,-2292.5,0,
700275,7,ПК274,275,Гамма,274,,,12361.7,-2295.5,0,
700276,7,ПК275,276,Гамма,275,,,12352.2,-2298.6,0,
700277,7,ПК276,277,Гамма,276,,,12342.7,-2301.8,0,
700278,7,ПК277,278,Гамма,277,,,12333.3,-2305.1,0,
700279,7,ПК278,279,Гамма,278,,,12324.0,-2308.6,0,
700280,7,ПК279,280,Гамма,279,,,12314.7,-2312.4,0,
700281,7,ПК280,281,Гамма,280,,,12305.4,-2316.2,0,
700282,7,ПК281,282,Гамма,281,,,12296.3,-2320.2,0,
700283,7,ПК282,283,Гамма,282,,,12287.1,-2324.2,0,
700284,7,ПК283,284,Гамма,283,,,12278.1,-2328.4,0,
700285,7,ПК284,285,Гамма,284,,,12269.0,-2332.7,0,
700286,7,ПК285,286,Гамма,285,,,12260.0,-2337.1,0,
700287,7,ПК286,287,Гамма,286,,,12251.1,-2341.6,0,
700288,7,ПК287,288,Гамма,287,,,12242.2,-2346.2,0,
700289,7,ПК288,289,Гамма,288,,,12233.4,-2351.0,0,
700290,7,ПК289,290,Гамма,289,,,12224.7,-2355.9,0,
700291,7,ПК290,291,Гамма,290,,,12216.1,-2360.9,0,
700292,7,ПК291,292,Гамма,291,,,12207.5,-2366.1,0,
700293,7,ПК292,293,Гамма,292,,,12199.1,-2371.4,0,
700294,7,ПК293,294,Гамма,293,,,12190.7,-2376.9,0,
700295,7,ПК294,295,Гамма,294,,,12182.4,-2382.4,0,
700296,7,ПК295,296,Гамма,295,,,12174.2,-2388.1,0,
700297,7,ПК296,297,Гамма,296,,,12166.0,-2393.9,0,
700298,7,ПК297,298,Гамма,297,,,12157.9,-2399.8,0,
700299,7,ПК298,299,Гамма,298,,,12149.9,-2405.8,0,
700300,7,ПК299,300,Гамма,299,,,12142.0,-2411.9,0,
700301,7,ПК300,301,Гамма,300,,,12134.3,-2418.3,0,
700302,7,ПК301,302,Гамма,301,,,12126.7,-2424.8,0,
700303,7,ПК302,303,Гамма,302,,,12119.2,-2431.4,0,
700304,7,ПК303,304,Гамма,303,,,12111.8,-2438.2,0,
700305,7,ПК304,305,Гамма,304,,,12104.6,-2445.1,0,
700306,7,ПК305,306,Гамма,305,,,12097.5,-2452.1,0,
700307,7,ПК306,307,Гамма,306,,,12090.5,-2459.3,0,
700308,7,ПК307,308,Гамма,307,,,12083.7,-2466.6,0,
700309,7,ПК308,309,Гамма,308,,,12076.9,-2474.0,0,
700310,7,ПК309,310,Гамма,309,,,12070.3,-2481.4,0,
700311,7,ПК310,311,Гамма,310,,,12063.7,-2489.0,0,
700312,7,ПК311,312,Гамма,311,,,12057.2,-2496.5,0,
700313,7,ПК312,313,Гамма,312,,,12050.7,-2504.2,0,
700314,7,ПК313,314,Гамма,313,,,12044.3,-2511.8,0,
700315,7,ПК314,315,Гамма,314,,,12037.9,-2519.5,0,
700316,7,ПК315,316,Гамма,315,,,12031.6,-2527.3,0,
700317,7,ПК316,317,Гамма,316,,,12025.4,-2535.1,0,
700318,7,ПК317,318,Гамма,317,,,12019.2,-2543.0,0,
700319,7,ПК318,319,Гамма,318,,,12013.1,-2550.9,0,
700320,7,ПК319,320,Гамма,319,,,12007.0,-2558.8,0,
700321,7,ПК320,321,Гамма,320,,,12001.0,-2566.8,0,
700322,7,ПК321,322,Гамма,321,,,11995.1,-2574.9,0,
700323,7,ПК322,323,Гамма,322,,,11989.1,-2582.9,0,
700324,7,ПК323,324,Гамма,323,,,11983.2,-2591.0,0,
700325,7,ПК324,325,Гамма,324,,,11977.4,-2599.1,0,
700326,7,ПК325,326,Гамма,325,,,11971.6,-2607.2,0,
700327,7,ПК326,327,Гамма,326,,,11965.8,-2615.4,0,
700328,7,ПК327,328,Гамма,327,,,11960.2,-2623.7,0,
700329,7,ПК328,329,Гамма,328,,,11954.6,-2632.0,0,
700330,7,ПК329,330,Гамма,329,,,11949.1,-2640.4,0,
700331,7,ПК330,331,Гамма,330,,,11943.7,-2648.7,0,
700332,7,ПК331,332,Гамма,331,,,11938.3,-2657.2,0,
700333,7,ПК332,333,Гамма,332,,,11932.9,-2665.6,0,
700334,7,ПК333,334,Гамма,333,,,11927.5,-2674.0,0,
700335,7,ПК334,335,Гамма,334,,,11922.2,-2682.5,0,
700336,7,ПК335,336,Гамма,335,,,11916.9,-2690.9,0,
700337,7,ПК336,337,Гамма,336,,,11911.6,-2699.4,0,
700338,7,ПК337,338,Гамма,337,,,11906.3,-2707.9,0,
700339,7,ПК338,339,Гамма,338,,,11901.1,-2716.5,0,
700340,7,ПК339,340,Гамма,339,,,11895.9,-2725.0,0,
700341,7,ПК340,341,Гамма,340,,,11890.8,-2733.6,0,
700342,7,ПК341,342,Гамма,341,,,11885.6,-2742.2,0,
700343,7,ПК342,343,Гамма,342,,,11880.5,-2750.8,0,
700344,7,ПК343,344,Гамма,343,,,11875.4,-2759.3,0,
700345,7,ПК344,345,Гамма,344,,,11870.2,-2767.9,0,
700346,7,ПК345,346,Гамма,345,,,11865.0,-2776.4,0,
700347,7,ПК346,347,Гамма,346,,,11859.8,-2785.0,0,
700348,7,ПК347,348,Гамма,347,,,11854.5,-2793.4,0,
700349,7,ПК348,349,Гамма,348,,,11849.1,-2801.8,0,
700350,7,ПК349,350,Гамма,349,,,11843.5,-2810.2,0,
700351,7,ПК350,351,Гамма,350,,,11837.9,-2818.5,0,
700352,7,ПК351,352,Гамма,351,,,11832.2,-2826.6,0,
700353,7,ПК352,353,Гамма,352,,,11826.3,-2834.7,0,
700354,7,ПК353,354,Гамма,353,,,11820.3,-2842.8,0,
700355,7,ПК354,355,Гамма,354,,,11814.2,-2850.7,0,
700356,7,ПК355,356,Гамма,355,,,11808.1,-2858.6,0,
700357,7,ПК356,357,Гамма,356,,,11801.7,-2866.3,0,
700358,7,ПК357,358,Гамма,357,,,11795.3,-2873.9,0,
700359,7,ПК358,359,Гамма,358,,,11788.7,-2881.5,0,
700360,7,ПК359,360,Гамма,359,,,11782.0,-2888.9,0,
700361,7,ПК360,361,Гамма,360,,,11775.2,-2896.2,0,
700362,7,ПК361,362,Гамма,361,,,11768.2,-2903.4,0,
700363,7,ПК362,363,Гамма,362,,,11761.2,-2910.5,0,
700364,7,ПК363,364,Гамма,363,,,11754.0,-2917.5,0,
700365,7,ПК364,365,Гамма,364,,,11746.9,-2924.4,0,
700366,7,ПК365,366,Гамма,365,,,11739.6,-2931.3,0,
700367,7,ПК366,367,Гамма,366,,,11732.2,-2938.0,0,
700368,7,ПК367,368,Гамма,367,,,11724.6,-2944.6,0,
700369,7,ПК368,369,Гамма,368,,,11717.0,-2951.0,0,
700370,7,ПК369,370,Гамма,369,,,11709.3,-2957.4,0,
700371,7,ПК370,371,Гамма,370,,,11701.5,-2963.7,0,
700372,7,ПК371,372,Гамма,371,,,11693.6,-2969.9,0,
700373,7,ПК372,373,Гамма,372,,,11685.7,-2976.0,0,
700374,7,ПК373,374,Гамма,373,,,11677.8,-2982.0,0,
700375,7,ПК374,375,Гамма,374,,,11669.7,-2988.0,0,
700376,7,ПК375,376,Гамма,375,,,11661.6,-2993.9,0,
700377,7,ПК376,377,Гамма,376,,,11653.5,-2999.7,0,
700378,7,ПК377,378,Гамма,377,,,11645.4,-3005.5,0,
700379,7,ПК378,379,Гамма,378,,,11637.2,-3011.3,0,
700380,7,ПК379,380,Гамма,379,,,11629.1,-3017.1,0,
700381,7,ПК380,381,Гамма,380,,,11620.9,-3022.9,0,
700382,7,ПК381,382,Гамма,381,,,11612.8,-3028.7,0,
700383,7,ПК382,383,Гамма,382,,,11604.6,-3034.5,0,
700384,7,ПК383,384,Гамма,383,,,11596.5,-3040.4,0,
700385,7,ПК384,385,Гамма,384,,,11588.4,-3046.2,0,
700386,7,ПК385,386,Гамма,385,,,11580.3,-3052.1,0,
700387,7,ПК386,387,Гамма,386,,,11572.2,-3057.9,0,
700388,7,ПК387,388,Гамма,387,,,11564.1,-3063.7,0,
700389,7,ПК388,389,Гамма,388,,,11555.9,-3069.5,0,
700390,7,ПК389,390,Гамма,389,,,11547.8,-3075.3,0,
700391,7,ПК390,391,Гамма,390,,,11539.6,-3081.1,0,
700392,7,ПК391,392,Гамма,391,,,11531.5,-3086.9,0,
700393,7,ПК392,393,Гамма,392,,,11523.3,-3092.7,0,
700394,7,ПК393,394,Гамма,393,,,11515.1,-3098.5,0,
700395,7,ПК394,395,Гамма,394,,,11506.9,-3104.2,0,
700396,7,ПК395,396,Гамма,395,,,11498.7,-3109.8,0,
700397,7,ПК396,397,Гамма,396,,,11490.4,-3115.4,0,
700398,7,ПК397,398,Гамма,397,,,11482.0,-3120.9,0,
700399,7,ПК398,399,Гамма,398,,,11473.7,-3126.4,0,
700400,7,ПК399,400,Гамма,399,,,11465.3,-3131.8,0,
700401,7,ПК400,401,Гамма,400,,,11456.9,-3137.2,0,
700402,7,ПК401,402,Гамма,401,,,11448.4,-3142.6,0,
700403,7,ПК402,403,Гамма,402,,,11439.9,-3147.8,0,
700404,7,ПК403,404,Гамма,403,,,11431.4,-3153.1,0,
700405,7,ПК404,405,Гамма,404,,,11422.8,-3158.2,0,
700406,7,ПК405,406,Гамма,405,,,11414.2,-3163.4,0,
700407,7,ПК406,407,Гамма,406,,,11405.7,-3168.5,0,
700408,7,ПК407,408,Гамма,407,,,11397.0,-3173.6,0,
700409,7,ПК408,409,Гамма,408,,,11388.4,-3178.6,0,
700410,7,ПК409,410,Гамма,409,,,11379.7,-3183.6,0,
700411,7,ПК410,411,Гамма,410,,,11371.0,-3188.4,0,
700412,7,ПК411,412,Гамма,411,,,11362.3,-3193.3,0,
700413,7,ПК412,413,Гамма,412,,,11353.5,-3198.2,0,
700414,7,ПК413,414,Гамма,413,,,11344.8,-3203.0,0,
700415,7,ПК414,415,Гамма,414,,,11336.0,-3207.7,0,
700416,7,ПК415,416,Гамма,415,,,11327.1,-3212.5,0,
700417,7,ПК416,417,Гамма,416,,,11318.4,-3217.2,0,
700418,7,ПК417,418,Гамма,417,,,11309.6,-3222.1,0,
700419,7,ПК418,419,Гамма,418,,,11300.9,-3227.1,0,
700420,7,ПК419,420,Гамма,419,,,11292.4,-3232.2,0,
700421,7,ПК420,421,Гамма,420,,,11283.9,-3237.5,0,
700422,7,ПК421,422,Гамма,421,,,11275.4,-3242.9,0,
700423,7,ПК422,423,Гамма,422,,,11267.1,-3248.4,0,
700424,7,ПК423,424,Гамма,423,,,11258.9,-3254.1,0,
700425,7,ПК424,425,Гамма,424,,,11250.8,-3260.0,0,
700426,7,ПК425,426,Гамма,425,,,11242.8,-3265.9,0,
700427,7,ПК426,427,Гамма,426,,,11234.8,-3272.0,0,
700428,7,ПК427,428,Гамма,427,,,11227.0,-3278.2,0,
700429,7,ПК428,429,Гамма,428,,,11219.3,-3284.6,0,
700430,7,ПК429,430,Гамма,429,,,11211.6,-3291.1,0,
700431,7,ПК430,431,Гамма,430,,,11204.1,-3297.6,0,
700432,7,ПК431,432,Гамма,431,,,11196.7,-3304.3,0,
700433,7,ПК432,433,Гамма,432,,,11189.3,-3311.1,0,
700434,7,ПК433,434,Гамма,433,,,11182.0,-3317.9,0,
700435,7,ПК434,435,Гамма,434,,,11174.8,-3324.8,0,
700436,7,ПК435,436,Гамма,435,,,11167.6,-3331.7,0,
700437,7,ПК436,437,Гамма,436,,,11160.4,-3338.7,0,
700438,7,ПК437,438,Гамма,437,,,11153.3,-3345.8,0,
700439,7,ПК438,439,Гамма,438,,,11146.3,-3352.9,0,
700440,7,ПК439,440,Гамма,439,,,11139.3,-3360.1,0,
700441,7,ПК440,441,Гамма,440,,,11132.4,-3367.3,0,
700442,7,ПК441,442,Гамма,441,,,11125.5,-3374.5,0,
700443,7,ПК442,443,Гамма,442,,,11118.7,-3381.8,0,
700444,7,ПК443,444,Гамма,443,,,11111.9,-3389.2,0,
700445,7,ПК444,445,Гамма,444,,,11105.1,-3396.5,0,
700446,7,ПК445,446,Гамма,445,,,11098.4,-3403.9,0,
700447,7,ПК446,447,Гамма,446,,,11091.8,-3411.4,0,
700448,7,ПК447,448,Гамма,447,,,11085.1,-3418.9,0,
700449,7,ПК448,449,Гамма,448,,,11078.6,-3426.4,0,
700450,7,ПК449,450,Гамма,449,,,11071.9,-3433.9,0,
700451,7,ПК450,451,Гамма,450,,,11065.3,-3441.4,0,
700452,7,ПК451,452,Гамма,451,,,11058.7,-3448.9,0,
700453,7,ПК452,453,Гамма,452,,,11052.0,-3456.3,0,
700454,7,ПК453,454,Гамма,453,,,11045.3,-3463.8,0,
700455,7,ПК454,455,Гамма,454,,,11038.5,-3471.1,0,
700456,7,ПК455,456,Гамма,455,,,11031.7,-3478.4,0,
700457,7,ПК456,457,Гамма,456,,,11024.8,-3485.7,0,
700458,7,ПК457,458,Гамма,457,,,11017.8,-3492.9,0,
700459,7,ПК458,459,Гамма,458,,,11010.8,-3499.9,0,
700460,7,ПК459,460,Гамма,459,,,11003.6,-3506.9,0,
700461,7,ПК460,461,Гамма,460,,,10996.4,-3513.8,0,
700462,7,ПК461,462,Гамма,461,,,10989.0,-3520.6,0,
700463,7,ПК462,463,Гамма,462,,,10981.5,-3527.2,0,
700464,7,ПК463,464,Гамма,463,,,10974.0,-3533.9,0,
700465,7,ПК464,465,Гамма,464,,,10966.5,-3540.4,0,
700466,7,ПК465,466,Гамма,465,,,10958.8,-3546.9,0,
700467,7,ПК466,467,Гамма,466,,,10951.2,-3553.3,0,
700468,7,ПК467,468,Гамма,467,,,10943.5,-3559.6,0,
700469,7,ПК468,469,Гамма,468,,,10935.7,-3566.0,0,
700470,7,ПК469,470,Гамма,469,,,10928.0,-3572.4,0,
700471,7,ПК470,471,Гамма,470,,,10920.4,-3578.8,0,
700472,7,ПК471,472,Гамма,471,,,10912.7,-3585.3,0,
700473,7,ПК472,473,Гамма,472,,,10905.2,-3591.8,0,
700474,7,ПК473,474,Гамма,473,,,10897.7,-3598.4,0,
700475,7,ПК474,475,Гамма,474,,,10890.2,-3605.1,0,
700476,7,ПК475,476,Гамма,475,,,10882.8,-3611.8,0,
700477,7,ПК476,477,Гамма,476,,,10875.5,-3618.6,0,
700478,7,ПК477,478,Гамма,477,,,10868.1,-3625.4,0,
700479,7,ПК478,479,Гамма,478,,,10860.9,-3632.2,0,
700480,7,ПК479,480,Гамма,479,,,10853.6,-3639.1,0,
700481,7,ПК480,481,Гамма,480,,,10846.4,-3646.0,0,
700482,7,ПК481,482,Гамма,481,,,10839.1,-3652.9,0,
700483,7,ПК482,483,Гамма,482,,,10831.9,-3659.8,0,
700484,7,ПК483,484,Гамма,483,,,10824.7,-3666.7,0,
700485,7,ПК484,485,Гамма,484,,,10817.5,-3673.7,0,
700486,7,ПК485,486,Гамма,485,,,10810.3,-3680.6,0,
700487,7,ПК486,487,Гамма,486,,,10803.1,-3687.5,0,
700488,7,ПК487,488,Гамма,487,,,10795.9,-3694.5,0,
700489,7,ПК488,489,Гамма,488,,,10788.7,-3701.4,0,
700490,7,ПК489,490,Гамма,489,,,10781.5,-3708.4,0,
700491,7,ПК490,491,Гамма,490,,,10774.3,-3715.3,0,
700492,7,ПК491,492,Гамма,491,,,10767.0,-3722.2,0,
700493,7,ПК492,493,Гамма,492,,,10759.7,-3729.0,0,
700494,7,ПК493,494,Гамма,493,,,10752.3,-3735.7,0,
700495,7,ПК494,495,Гамма,494,,,10744.9,-3742.4,0,
700496,7,ПК495,496,Гамма,495,,,10737.4,-3749.0,0,
700497,7,ПК496,497,Гамма,496,,,10729.7,-3755.5,0,
700498,7,ПК497,498,Гамма,497,,,10722.0,-3761.9,0,
700499,7,ПК498,499,Гамма,498,,,10714.3,-3768.2,0,
700500,7,ПК499,500,Гамма,499,,,10706.4,-3774.4,0,
700501,7,ПК500,501,Гамма,500,,,10698.5,-3780.5,0,
700502,7,ПК501,502,Гамма,501,,,10690.5,-3786.5,0,
700503,7,ПК502,503,Гамма,502,,,10682.5,-3792.4,0,
700504,7,ПК503,504,Гамма,503,,,10674.3,-3798.3,0,
700505,7,ПК504,505,Гамма,504,,,10666.2,-3804.0,0,
700506,7,ПК505,506,Гамма,505,,,10657.9,-3809.7,0,
700507,7,ПК506,507,Гамма,506,,,10649.6,-3815.3,0,
700508,7,ПК507,508,Гамма,507,,,10641.4,-3820.9,0,
700509,7,ПК508,509,Гамма,508,,,10633.1,-3826.6,0,
700510,7,ПК509,510,Гамма,509,,,10624.9,-3832.3,0,
700511,7,ПК510,511,Гамма,510,,,10616.7,-3838.0,0,
700512,7,ПК511,512,Гамма,511,,,10608.5,-3843.7,0,
700513,7,ПК512,513,Гамма,512,,,10600.3,-3849.4,0,
700514,7,ПК513,514,Гамма,513,,,10592.0,-3855.0,0,
700515,7,ПК514,515,Гамма,514,,,10583.7,-3860.6,0,
700516,7,ПК515,516,Гамма,515,,,10575.4,-3866.1,0,
700517,7,ПК516,517,Гамма,516,,,10567.0,-3871.6,0,
700518,7,ПК517,518,Гамма,517,,,10558.6,-3877.0,0,
700519,7,ПК518,519,Гамма,518,,,10550.1,-3882.3,0,
700520,7,ПК519,520,Гамма,519,,,10541.6,-3887.6,0,
700521,7,ПК520,521,Гамма,520,,,10533.1,-3892.9,0,
700522,7,ПК521,522,Гамма,521,,,10524.6,-3898.0,0,
700523,7,ПК522,523,Гамма,522,,,10516.0,-3903.1,0,
700524,7,ПК523,524,Гамма,523,,,10507.3,-3908.2,0,
700525,7,ПК524,525,Гамма,524,,,10498.6,-3913.1,0,
700526,7,ПК525,526,Гамма,525,,,10489.9,-3918.0,0,
700527,7,ПК526,527,Гамма,526,,,10481.2,-3922.8,0,
700528,7,ПК527,528,Гамма,527,,,10472.3,-3927.5,0,
700529,7,ПК528,529,Гамма,528,,,10463.5,-3932.2,0,
700530,7,ПК529,530,Гамма,529,,,10454.6,-3936.7,0,
700531,7,ПК530,531,Гамма,530,,,10445.6,-3941.2,0,
700532,7,ПК531,532,Гамма,531,,,10436.6,-3945.5,0,
700533,7,ПК532,533,Гамма,532,,,10427.5,-3949.8,0,
700534,7,ПК533,534,Гамма,533,,,10418.4,-3953.8,0,
700535,7,ПК534,535,Гамма,534,,,10409.2,-3957.7,0,
700536,7,ПК535,536,Гамма,535,,,10399.9,-3961.4,0,
700537,7,ПК536,537,Гамма,536,,,10390.5,-3964.9,0,
700538,7,ПК537,538,Гамма,537,,,10381.1,-3968.2,0,
700539,7,ПК538,539,Гамма,538,,,10371.6,-3971.4,0,
700540,7,ПК539,540,Гамма,539,,,10362.1,-3974.5,0,
700541,7,ПК540,541,Гамма,540,,,10352.6,-3977.5,0,
700542,7,ПК541,542,Гамма,541,,,10343.0,-3980.5,0,
700543,7,ПК542,543,Гамма,542,,,10333.5,-3983.5,0,
700544,7,ПК543,544,Гамма,543,,,10323.9,-3986.5,0,
700545,7,ПК544,545,Гамма,544,,,10314.4,-3989.4,0,
700546,7,ПК545,546,Гамма,545,,,10304.8,-3992.3,0,
700547,7,ПК546,547,Гамма,546,,,10295.2,-3995.2,0,
700548,7,ПК547,548,Гамма,547,,,10285.7,-3998.0,0,
700549,7,ПК548,549,Гамма,548,,,10276.1,-4000.8,0,
700550,7,ПК549,550,Гамма,549,,,10266.4,-4003.6,0,
700551,7,ПК550,551,Гамма,550,,,10256.8,-4006.3,0,
700552,7,ПК551,552,Гамма,551,,,10247.2,-4009.0,0,
700553,7,ПК552,553,Гамма,552,,,10237.5,-4011.6,0,
700554,7,ПК553,554,Гамма,553,,,10227.9,-4014.2,0,
700555,7,ПК554,555,Гамма,554,,,10218.2,-4016.7,0,
700556,7,ПК555,556,Гамма,555,,,10208.5,-4019.1,0,
700557,7,ПК556,557,Гамма,556,,,10198.8,-4021.5,0,
700558,7,ПК557,558,Гамма,557,,,10189.1,-4023.9,0,
700559,7,ПК558,559,Гамма,558,,,10179.3,-4026.1,0,
700560,7,ПК559,560,Гамма,559,,,10169.6,-4028.4,0,
700561,7,ПК560,561,Гамма,560,,,10159.8,-4030.6,0,
700562,7,ПК561,562,Гамма,561,,,10150.1,-4032.9,0,
700563,7,ПК562,563,Гамма,562,,,10140.4,-4035.2,0,
700564,7,ПК563,564,Гамма,563,,,10130.6,-4037.6,0,
700565,7,ПК564,565,Гамма,564,,,10120.9,-4039.9,0,
700566,7,ПК565,566,Гамма,565,,,10111.2,-4042.4,0,
700567,7,ПК566,567,Гамма,566,,,10101.6,-4045.1,0,
700568,7,ПК567,568,Гамма,567,,,10092.0,-4048.0,0,
700569,7,ПК568,569,Гамма,568,,,10082.5,-4051.1,0,
700570,7,ПК569,570,Гамма,569,,,10073.0,-4054.3,0,
700571,7,ПК570,571,Гамма,570,,,10063.6,-4057.5,0,
700572,7,ПК571,572,Гамма,571,,,10054.2,-4060.9,0,
700573,7,ПК572,573,Гамма,572,,,10044.8,-4064.4,0,
700574,7,ПК573,574,Гамма,573,,,10035.5,-4068.1,0,
700575,7,ПК574,575,Гамма,574,,,10026.2,-4071.8,0,
700576,7,ПК575,576,Гамма,575,,,10017.0,-4075.7,0,
700577,7,ПК576,577,Гамма,576,,,10007.9,-4079.7,0,
700578,7,ПК577,578,Гамма,577,,,9998.7,-4083.8,0,
700579,7,ПК578,579,Гамма,578,,,9989.7,-4088.1,0,
700580,7,ПК579,580,Гамма,579,,,9980.7,-4092.4,0,
700581,7,ПК580,581,Гамма,580,,,9971.7,-4096.7,0,
700582,7,ПК581,582,Гамма,581,,,9962.7,-4101.2,0,
700583,7,ПК582,583,Гамма,582,,,9953.8,-4105.8,0,
700584,7,ПК583,584,Гамма,583,,,9945.0,-4110.4,0,
700585,7,ПК584,585,Гамма,584,,,9936.1,-4115.1,0,
700586,7,ПК585,586,Гамма,585,,,9927.3,-4119.8,0,
700587,7,ПК586,587,Гамма,586,,,9918.5,-4124.6,0,
700588,7,ПК587,588,Гамма,587,,,9909.8,-4129.4,0,
700589,7,ПК588,589,Гамма,588,,,9901.0,-4134.2,0,
700590,7,ПК589,590,Гамма,589,,,9892.2,-4139.0,0,
700591,7,ПК590,591,Гамма,590,,,9883.5,-4143.9,0,
700592,7,ПК591,592,Гамма,591,,,9874.7,-4148.7,0,
700593,7,ПК592,593,Гамма,592,,,9866.1,-4153.7,0,
700594,7,ПК593,594,Гамма,593,,,9857.4,-4158.8,0,
700595,7,ПК594,595,Гамма,594,,,9848.9,-4163.9,0,
700596,7,ПК595,596,Гамма,595,,,9840.3,-4169.1,0,
700597,7,ПК596,597,Гамма,596,,,9831.8,-4174.4,0,
700598,7,ПК597,598,Гамма,597,,,9823.4,-4179.7,0,
700599,7,ПК598,599,Гамма,598,,,9815.0,-4185.1,0,
700600,7,ПК599,600,Гамма,599,,,9806.6,-4190.6,0,
700601,7,ПК600,601,Гамма,600,,,9798.3,-4196.2,0,
700602,7,ПК601,602,Гамма,601,,,9790.0,-4201.7,0,
700603,7,ПК602,603,Гамма,602,,,9781.7,-4207.3,0,
700604,7,ПК603,604,Гамма,603,,,9773.4,-4212.9,0,
700605,7,ПК604,605,Гамма,604,,,9765.1,-4218.5,0,
700606,7,ПК605,606,Гамма,605,,,9756.8,-4224.1,0,
700607,7,ПК606,607,Гамма,606,,,9748.5,-4229.6,0,
700608,7,ПК607,608,Гамма,607,,,9740.1,-4235.0,0,
700609,7,ПК608,609,Гамма,608,,,9731.6,-4240.3,0,
700610,7,ПК609,610,Гамма,609,,,9723.0,-4245.5,0,
700611,7,ПК610,611,Гамма,610,,,9714.5,-4250.7,0,
700612,7,ПК611,612,Гамма,611,,,9705.8,-4255.7,0,
700613,7,ПК612,613,Гамма,612,,,9697.2,-4260.7,0,
700614,7,ПК613,614,Гамма,613,,,9688.5,-4265.6,0,
700615,7,ПК614,615,Гамма,614,,,9679.7,-4270.5,0,
700616,7,ПК615,616,Гамма,615,,,9670.9,-4275.3,0,
700617,7,ПК616,617,Гамма,616,,,9662.1,-4280.0,0,
700618,7,ПК617,618,Гамма,617,,,9653.3,-4284.6,0,
700619,7,ПК618,619,Гамма,618,,,9644.4,-4289.2,0,
700620,7,ПК619,620,Гамма,619,,,9635.5,-4293.8,0,
700621,7,ПК620,621,Гамма,620,,,9626.6,-4298.3,0,
700622,7,ПК621,622,Гамма,621,,,9617.6,-4302.8,0,
700623,7,ПК622,623,Гамма,622,,,9608.7,-4307.2,0,
700624,7,ПК623,624,Гамма,623,,,9599.7,-4311.6,0,
700625,7,ПК624,625,Гамма,624,,,9590.7,-4316.1,0,
700626,7,ПК625,626,Гамма,625,,,9581.8,-4320.5,0,
700627,7,ПК626,627,Гамма,626,,,9572.8,-4324.9,0,
700628,7,ПК627,628,Гамма,627,,,9563.8,-4329.2,0,
700629,7,ПК628,629,Гамма,628,,,9554.7,-4333.5,0,
700630,7,ПК629,630,Гамма,629,,,9545.7,-4337.8,0,
700631,7,ПК630,631,Гамма,630,,,9536.6,-4341.9,0,
700632,7,ПК631,632,Гамма,631,,,9527.4,-4345.9,0,
700633,7,ПК632,633,Гамма,632,,,9518.2,-4349.7,0,
700634,7,ПК633,634,Гамма,633,,,9508.9,-4353.4,0,
700635,7,ПК634,635,Гамма,634,,,9499.5,-4356.8,0,
700636,7,ПК635,636,Гамма,635,,,9490.0,-4360.1,0,
700637,7,ПК636,637,Гамма,636,,,9480.6,-4363.3,0,
700638,7,ПК637,638,Гамма,637,,,9471.0,-4366.4,0,
700639,7,ПК638,639,Гамма,638,,,9461.5,-4369.4,0,
700640,7,ПК639,640,Гамма,639,,,9451.9,-4372.3,0,
700641,7,ПК640,641,Гамма,640,,,9442.3,-4375.1,0,
700642,7,ПК641,642,Гамма,641,,,9432.7,-4377.7,0,
700643,7,ПК642,643,Гамма,642,,,9423.0,-4380.2,0,
700644,7,ПК643,644,Гамма,643,,,9413.3,-4382.6,0,
700645,7,ПК644,645,Гамма,644,,,9403.5,-4384.8,0,
700646,7,ПК645,646,Гамма,645,,,9393.7,-4386.7,0,
700647,7,ПК646,647,Гамма,646,,,9383.9,-4388.5,0,
700648,7,ПК647,648,Гамма,647,,,9374.0,-4390.1,0,
700649,7,ПК648,649,Гамма,648,,,9364.1,-4391.4,0,
700650,7,ПК649,650,Гамма,649,,,9354.2,-4392.6,0,
700651,7,ПК650,651,Гамма,650,,,9344.2,-4393.6,0,
700652,7,ПК651,652,Гамма,651,,,9334.2,-4394.4,0,
700653,7,ПК652,653,Гамма,652,,,9324.3,-4395.0,0,
700654,7,ПК653,654,Гамма,653,,,9314.3,-4395.4,0,
700655,7,ПК654,655,Гамма,654,,,9304.3,-4395.5,0,
700656,7,ПК655,656,Гамма,655,,,9294.3,-4395.4,0,
700657,7,ПК656,657,Гамма,656,,,9284.3,-4395.1,0,
700658,7,ПК657,658,Гамма,657,,,9274.3,-4394.6,0,
700659,7,ПК658,659,Гамма,658,,,9264.3,-4393.9,0,
700660,7,ПК659,660,Гамма,659,,,9254.3,-4393.1,0,
700661,7,ПК660,661,Гамма,660,,,9244.4,-4392.1,0,
700662,7,ПК661,662,Гамма,661,,,9234.5,-4390.9,0,
700663,7,ПК662,663,Гамма,662,,,9224.5,-4389.6,0,
700664,7,ПК663,664,Гамма,663,,,9214.7,-4388.2,0,
700665,7,ПК664,665,Гамма,664,,,9204.8,-4386.6,0,
700666,7,ПК665,666,Гамма,665,,,9194.9,-4384.9,0,
700667,7,ПК666,667,Гамма,666,,,9185.1,-4383.1,0,
700668,7,ПК667,668,Гамма,667,,,9175.3,-4381.1,0,
700669,7,ПК668,669,Гамма,668,,,9165.5,-4379.1,0,
700670,7,ПК669,670,Гамма,669,,,9155.8,-4376.8,0,
700671,7,ПК670,671,Гамма,670,,,9146.0,-4374.4,0,
700672,7,ПК671,672,Гамма,671,,,9136.4,-4371.9,0,
700673,7,ПК672,673,Гамма,672,,,9126.7,-4369.3,0,
700674,7,ПК673,674,Гамма,673,,,9117.1,-4366.5,0,
700675,7,ПК674,675,Гамма,674,,,9107.5,-4363.6,0,
700676,7,ПК675,676,Гамма,675,,,9098.0,-4360.6,0,
700677,7,ПК676,677,Гамма,676,,,9088.5,-4357.5,0,
700678,7,ПК677,678,Гамма,677,,,9079.0,-4354.4,0,
700679,7,ПК678,679,Гамма,678,,,9069.5,-4351.1,0,
700680,7,ПК679,680,Гамма,679,,,9060.1,-4347.8,0,
700681,7,ПК680,681,Гамма,680,,,9050.7,-4344.5,0,
700682,7,ПК681,682,Гамма,681,,,9041.2,-4341.2,0,
700683,7,ПК682,683,Гамма,682,,,9031.8,-4338.0,0,
700684,7,ПК683,684,Гамма,683,,,9022.3,-4334.8,0,
700685,7,ПК684,685,Гамма,684,,,9012.8,-4331.6,0,
700686,7,ПК685,686,Гамма,685,,,9003.3,-4328.4,0,
700687,7,ПК686,687,Гамма,686,,,8993.9,-4325.2,0,
700688,7,ПК687,688,Гамма,687,,,8984.4,-4321.9,0,
700689,7,ПК688,689,Гамма,688,,,8975.0,-4318.6,0,
700690,7,ПК689,690,Гамма,689,,,8965.6,-4315.2,0,
700691,7,ПК690,691,Гамма,690,,,8956.2,-4311.8,0,
700692,7,ПК691,692,Гамма,691,,,8946.8,-4308.4,0,
700693,7,ПК692,693,Гамма,692,,,8937.4,-4304.9,0,
700694,7,ПК693,694,Гамма,693,,,8928.1,-4301.3,0,
700695,7,ПК694,695,Гамма,694,,,8918.7,-4297.7,0,
700696,7,ПК695,696,Гамма,695,,,8909.5,-4294.0,0,
700697,7,ПК696,697,Гамма,696,,,8900.2,-4290.2,0,
700698,7,ПК697,698,Гамма,697,,,8891.0,-4286.3,0,
700699,7,ПК698,699,Гамма,698,,,8881.9,-4282.2,0,
700700,7,ПК699,700,Гамма,699,,,8872.8,-4278.0,0,
700701,7,ПК700,701,Гамма,700,,,8863.7,-4273.8,0,
700702,7,ПК701,702,Гамма,701,,,8854.7,-4269.4,0,
700703,7,ПК702,703,Гамма,702,,,8845.8,-4264.9,0,
700704,7,ПК703,704,Гамма,703,,,8836.9,-4260.3,0,
700705,7,ПК704,705,Гамма,704,,,8828.1,-4255.5,0,
700706,7,ПК705,706,Гамма,705,,,8819.4,-4250.7,0,
700707,7,ПК706,707,Гамма,706,,,8810.7,-4245.7,0,
700708,7,ПК707,708,Гамма,707,,,8802.1,-4240.6,0,
700709,7,ПК708,709,Гамма,708,,,8793.5,-4235.5,0,
700710,7,ПК709,710,Гамма,709,,,8785.0,-4230.3,0,
700711,7,ПК710,711,Гамма,710,,,8776.5,-4225.1,0,
700712,7,ПК711,712,Гамма,711,,,8768.0,-4219.8,0,
700713,7,ПК712,713,Гамма,712,,,8759.4,-4214.6,0,
700714,7,ПК713,714,Гамма,713,,,8750.9,-4209.3,0,
700715,7,ПК714,715,Гамма,714,,,8742.4,-4204.1,0,
700716,7,ПК715,716,Гамма,715,,,8733.9,-4198.8,0,
700717,7,ПК716,717,Гамма,716,,,8725.5,-4193.4,0,
700718,7,ПК717,718,Гамма,717,,,8717.0,-4188.1,0,
700719,7,ПК718,719,Гамма,718,,,8708.6,-4182.7,0,
700720,7,ПК719,720,Гамма,719,,,8700.2,-4177.3,0,
700721,7,ПК720,721,Гамма,720,,,8691.8,-4171.8,0,
700722,7,ПК721,722,Гамма,721,,,8683.6,-4166.2,0,
700723,7,ПК722,723,Гамма,722,,,8675.3,-4160.5,0,
700724,7,ПК723,724,Гамма,723,,,8667.1,-4154.8,0,
700725,7,ПК724,725,Гамма,724,,,8658.9,-4149.1,0,
700726,7,ПК725,726,Гамма,725,,,8650.7,-4143.4,0,
700727,7,ПК726,727,Гамма,726,,,8642.5,-4137.6,0,
700728,7,ПК727,728,Гамма,727,,,8634.3,-4131.9,0,
700729,7,ПК728,729,Гамма,728,,,8626.0,-4126.3,0,
700730,7,ПК729,730,Гамма,729,,,8617.7,-4120.8,0,
700731,7,ПК730,731,Гамма,730,,,8609.3,-4115.3,0,
700732,7,ПК731,732,Гамма,731,,,8600.9,-4110.0,0,
700733,7,ПК732,733,Гамма,732,,,8592.3,-4104.7,0,
700734,7,ПК733,734,Гамма,733,,,8583.7,-4099.7,0,
700735,7,ПК734,735,Гамма,734,,,8575.0,-4094.7,0,
700736,7,ПК735,736,Гамма,735,,,8566.3,-4089.9,0,
700737,7,ПК736,737,Гамма,736,,,8557.4,-4085.2,0,
700738,7,ПК737,738,Гамма,737,,,8548.5,-4080.6,0,
700739,7,ПК738,739,Гамма,738,,,8539.6,-4076.1,0,
700740,7,ПК739,740,Гамма,739,,,8530.7,-4071.6,0,
700741,7,ПК740,741,Гамма,740,,,8521.8,-4067.1,0,
700742,7,ПК741,742,Гамма,741,,,8512.8,-4062.6,0,
700743,7,ПК742,743,Гамма,742,,,8503.9,-4058.1,0,
700744,7,ПК743,744,Гамма,743,,,8495.0,-4053.6,0,
700745,7,ПК744,745,Гамма,744,,,8486.1,-4049.1,0,
700746,7,ПК745,746,Гамма,745,,,8477.2,-4044.5,0,
700747,7,ПК746,747,Гамма,746,,,8468.3,-4040.0,0,
700748,7,ПК747,748,Гамма,747,,,8459.4,-4035.3,0,
700749,7,ПК748,749,Гамма,748,,,8450.7,-4030.5,0,
700750,7,ПК749,750,Гамма,749,,,8441.9,-4025.6,0,
700751,7,ПК750,751,Гамма,750,,,8433.2,-4020.6,0,
700752,7,ПК751,752,Гамма,751,,,8424.6,-4015.6,0,
700753,7,ПК752,753,Гамма,752,,,8416.0,-4010.5,0,
700754,7,ПК753,754,Гамма,753,,,8407.5,-4005.3,0,
700755,7,ПК754,755,Гамма,754,,,8399.0,-4000.0,0,
700756,7,ПК755,756,Гамма,755,,,8390.5,-3994.7,0,
700757,7,ПК756,757,Гамма,756,,,8382.1,-3989.3,0,
700758,7,ПК757,758,Гамма,757,,,8373.7,-3983.8,0,
700759,7,ПК758,759,Гамма,758,,,8365.4,-3978.3,0,
700760,7,ПК759,760,Гамма,759,,,8357.0,-3972.8,0,
700761,7,ПК760,761,Гамма,760,,,8348.8,-3967.2,0,
700762,7,ПК761,762,Гамма,761,,,8340.5,-3961.5,0,
700763,7,ПК762,763,Гамма,762,,,8332.3,-3955.8,0,
700764,7,ПК763,764,Гамма,763,,,8324.2,-3949.9,0,
700765,7,ПК764,765,Гамма,764,,,8316.1,-3944.0,0,
700766,7,ПК765,766,Гамма,765,,,8308.1,-3938.1,0,
700767,7,ПК766,767,Гамма,766,,,8300.0,-3932.2,0,
700768,7,ПК767,768,Гамма,767,,,8292.1,-3926.1,0,
700769,7,ПК768,769,Гамма,768,,,8284.2,-3920.0,0,
700770,7,ПК769,770,Гамма,769,,,8276.4,-3913.8,0,
700771,7,ПК770,771,Гамма,770,,,8268.6,-3907.5,0,
700772,7,ПК771,772,Гамма,771,,,8260.8,-3901.1,0,
700773,7,ПК772,773,Гамма,772,,,8253.1,-3894.8,0,
700774,7,ПК773,774,Гамма,773,,,8245.5,-3888.3,0,
700775,7,ПК774,775,Гамма,774,,,8237.9,-3881.8,0,
700776,7,ПК775,776,Гамма,775,,,8230.3,-3875.3,0,
700777,7,ПК776,777,Гамма,776,,,8222.9,-3868.6,0,
700778,7,ПК777,778,Гамма,777,,,8215.5,-3861.8,0,
700779,7,ПК778,779,Гамма,778,,,8208.3,-3855.0,0,
700780,7,ПК779,780,Гамма,779,,,8201.1,-3848.0,0,
700781,7,ПК780,781,Гамма,780,,,8194.0,-3841.0,0,
700782,7,ПК781,782,Гамма,781,,,8186.9,-3833.9,0,
700783,7,ПК782,783,Гамма,782,,,8179.9,-3826.8,0,
700784,7,ПК783,784,Гамма,783,,,8172.9,-3819.6,0,
700785,7,ПК784,785,Гамма,784,,,8166.0,-3812.4,0,
700786,7,ПК785,786,Гамма,785,,,8159.1,-3805.1,0,
700787,7,ПК786,787,Гамма,786,,,8152.3,-3797.8,0,
700788,7,ПК787,788,Гамма,787,,,8145.7,-3790.3,0,
700789,7,ПК788,789,Гамма,788,,,8139.2,-3782.7,0,
700790,7,ПК789,790,Гамма,789,,,8132.8,-3775.0,0,
700791,7,ПК790,791,Гамма,790,,,8126.6,-3767.2,0,
700792,7,ПК791,792,Гамма,791,,,8120.5,-3759.2,0,
700793,7,ПК792,793,Гамма,792,,,8114.7,-3751.1,0,
700794,7,ПК793,794,Гамма,793,,,8109.0,-3742.9,0,
700795,7,ПК794,795,Гамма,794,,,8103.4,-3734.6,0,
700796,7,ПК795,796,Гамма,795,,,8098.0,-3726.2,0,
700797,7,ПК796,797,Гамма,796,,,8092.7,-3717.7,0,
700798,7,ПК797,798,Гамма,797,,,8087.5,-3709.2,0,
700799,7,ПК798,799,Гамма,798,,,8082.4,-3700.5,0,
700800,7,ПК799,800,Гамма,799,,,8077.5,-3691.8,0,
700801,7,ПК800,801,Гамма,800,,,8072.6,-3683.1,0,
700802,7,ПК801,802,Гамма,801,,,8067.8,-3674.3,0,
700803,7,ПК802,803,Гамма,802,,,8063.1,-3665.5,0,
700804,7,ПК803,804,Гамма,803,,,8058.4,-3656.7,0,
700805,7,ПК804,805,Гамма,804,,,8053.8,-3647.8,0,
700806,7,ПК805,806,Гамма,805,,,8049.1,-3639.0,0,
700807,7,ПК806,807,Гамма,806,,,8044.5,-3630.1,0,
700808,7,ПК807,808,Гамма,807,,,8039.9,-3621.2,0,
700809,7,ПК808,809,Гамма,808,,,8035.2,-3612.4,0,
700810,7,ПК809,810,Гамма,809,,,8030.4,-3603.6,0,
700811,7,ПК810,811,Гамма,810,,,8025.6,-3594.8,0,
700812,7,ПК811,812,Гамма,811,,,8020.8,-3586.1,0,
700813,7,ПК812,813,Гамма,812,,,8016.1,-3577.2,0,
700814,7,ПК813,814,Гамма,813,,,8011.4,-3568.4,0,
700815,7,ПК814,815,Гамма,814,,,8006.7,-3559.6,0,
700816,7,ПК815,816,Гамма,815,,,8002.0,-3550.8,0,
700817,7,ПК816,817,Гамма,816,,,7997.4,-3541.9,0,
700818,7,ПК817,818,Гамма,817,,,7992.9,-3533.0,0,
700819,7,ПК818,819,Гамма,818,,,7988.3,-3524.1,0,
700820,7,ПК819,820,Гамма,819,,,7983.8,-3515.2,0,
700821,7,ПК820,821,Гамма,820,,,7979.2,-3506.2,0,
700822,7,ПК821,822,Гамма,821,,,7974.7,-3497.3,0,
700823,7,ПК822,823,Гамма,822,,,7970.2,-3488.4,0,
700824,7,ПК823,824,Гамма,823,,,7965.7,-3479.5,0,
700825,7,ПК824,825,Гамма,824,,,7961.1,-3470.6,0,
700826,7,ПК825,826,Гамма,825,,,7956.5,-3461.7,0,
700827,7,ПК826,827,Гамма,826,,,7951.8,-3452.9,0,
700828,7,ПК827,828,Гамма,827,,,7947.2,-3444.0,0,
700829,7,ПК828,829,Гамма,828,,,7942.5,-3435.2,0,
700830,7,ПК829,830,Гамма,829,,,7937.8,-3426.4,0,
700831,7,ПК830,831,Гамма,830,,,7933.2,-3417.5,0,
700832,7,ПК831,832,Гамма,831,,,7928.6,-3408.6,0,
700833,7,ПК832,833,Гамма,832,,,7924.1,-3399.7,0,
700834,7,ПК833,834,Гамма,833,,,7919.7,-3390.7,0,
700835,7,ПК834,835,Гамма,834,,,7915.3,-3381.7,0,
700836,7,ПК835,836,Гамма,835,,,7911.0,-3372.7,0,
700837,7,ПК836,837,Гамма,836,,,7906.7,-3363.6,0,
700838,7,ПК837,838,Гамма,837,,,7902.5,-3354.6,0,
700839,7,ПК838,839,Гамма,838,,,7898.2,-3345.5,0,
700840,7,ПК839,840,Гамма,839,,,7894.0,-3336.5,0,
700841,7,ПК840,841,Гамма,840,,,7889.9,-3327.4,0,
700842,7,ПК841,842,Гамма,841,,,7885.8,-3318.2,0,
700843,7,ПК842,843,Гамма,842,,,7881.9,-3309.0,0,
700844,7,ПК843,844,Гамма,843,,,7877.9,-3299.9,0,
700845,7,ПК844,845,Гамма,844,,,7874.0,-3290.7,0,
700846,7,ПК845,846,Гамма,845,,,7870.1,-3281.5,0,
700847,7,ПК846,847,Гамма,846,,,7866.1,-3272.3,0,
700848,7,ПК847,848,Гамма,847,,,7862.3,-3263.0,0,
700849,7,ПК848,849,Гамма,848,,,7858.4,-3253.8,0,
700850,7,ПК849,850,Гамма,849,,,7854.6,-3244.6,0,
700851,7,ПК850,851,Гамма,850,,,7850.7,-3235.4,0,
700852,7,ПК851,852,Гамма,851,,,7846.8,-3226.2,0,
700853,7,ПК852,853,Гамма,852,,,7842.8,-3217.0,0,
700854,7,ПК853,854,Гамма,853,,,7838.8,-3207.8,0,
700855,7,ПК854,855,Гамма,854,,,7834.7,-3198.7,0,
700856,7,ПК855,856,Гамма,855,,,7830.6,-3189.6,0,
700857,7,ПК856,857,Гамма,856,,,7826.3,-3180.6,0,
700858,7,ПК857,858,Гамма,857,,,7821.9,-3171.6,0,
700859,7,ПК858,859,Гамма,858,,,7817.5,-3162.6,0,
700860,7,ПК859,860,Гамма,859,,,7813.1,-3153.6,0,
700861,7,ПК860,861,Гамма,860,,,7808.6,-3144.7,0,
700862,7,ПК861,862,Гамма,861,,,7804.1,-3135.7,0,
700863,7,ПК862,863,Гамма,862,,,7799.7,-3126.7,0,
700864,7,ПК863,864,Гамма,863,,,7795.4,-3117.7,0,
700865,7,ПК864,865,Гамма,864,,,7791.1,-3108.7,10,сопряжение с место 26
700866,7,ПК865,866,Гамма,865,,,7786.7,-3099.7,1,
700867,7,ПК866,867,Гамма,866,,,7782.4,-3090.7,2,
700868,7,ПК867,868,Гамма,867,,,7778.1,-3081.7,13,
700869,7,ПК868,869,Гамма,868,,,7773.9,-3072.6,7,
700870,7,ПК869,870,Гамма,869,,,7769.8,-3063.5,1,
700871,7,ПК870,871,Гамма,870,,,7765.8,-3054.3,2,
700872,7,ПК871,872,Гамма,871,,,7761.8,-3045.2,2,
700873,7,ПК872,873,Гамма,872,,,7757.8,-3036.0,2,
700874,7,ПК873,874,Гамма,873,,,7753.9,-3026.8,1,
700875,7,ПК874,875,Гамма,874,,,7750.1,-3017.5,1,
700876,7,ПК875,876,Гамма,875,,,7746.4,-3008.2,1,
700877,7,ПК876,877,Гамма,876,,,7742.7,-2998.9,1,
700878,7,ПК877,878,Гамма,877,,,7739.2,-2989.6,3,
700879,7,ПК878,879,Гамма,878,,,7735.8,-2980.2,1,
700880,7,ПК879,880,Гамма,879,,,7732.5,-2970.7,1,
700881,7,ПК880,881,Гамма,880,,,7729.3,-2961.3,1,
700882,7,ПК881,882,Гамма,881,,,7726.3,-2951.7,2,
700883,7,ПК882,883,Гамма,882,,,7723.4,-2942.2,2,
700884,7,ПК883,884,Гамма,883,,,7720.6,-2932.5,1,
700885,7,ПК884,885,Гамма,884,,,7718.0,-2922.9,1,
700886,7,ПК885,886,Гамма,885,,,7715.7,-2913.2,16,
700887,7,ПК886,887,Гамма,886,,,7713.5,-2903.4,6,
700888,7,ПК887,888,Гамма,887,,,7711.5,-2893.6,3,
700889,7,ПК888,889,Гамма,888,,,7709.8,-2883.8,1,
700890,7,ПК889,890,Гамма,889,,,7708.2,-2873.9,2,
700891,7,ПК890,891,Гамма,890,,,7706.8,-2864.0,2,
700892,7,ПК891,892,Гамма,891,,,7705.5,-2854.1,1,
700893,7,ПК892,893,Гамма,892,,,7704.3,-2844.1,2,
700894,7,ПК893,894,Гамма,893,,,7703.2,-2834.2,1,
700895,7,ПК894,895,Гамма,894,,,7702.3,-2824.2,1,
700896,7,ПК895,896,Гамма,895,,,7701.4,-2814.3,2,
700897,7,ПК896,897,Гамма,896,,,7700.7,-2804.3,1,
700898,7,ПК897,898,Гамма,897,,,7700.1,-2794.3,2,
700899,7,ПК898,899,Гамма,898,,,7699.6,-2784.3,1,
700900,7,ПК899,900,Гамма,899,,,7699.3,-2774.3,2,
700901,7,ПК900,901,Гамма,900,,,7699.1,-2764.3,1,
700902,7,ПК901,902,Гамма,901,,,7698.9,-2754.3,1,
700903,7,ПК902,903,Гамма,902,,,7698.8,-2744.3,1,
700904,7,ПК903,904,Гамма,903,,,7698.8,-2734.3,1,
700905,7,ПК904,905,Гамма,904,,,7698.7,-2724.3,2,
700906,7,ПК905,906,Гамма,905,,,7698.7,-2714.3,1,
700907,7,ПК906,907,Гамма,906,,,7698.7,-2704.3,15,
700908,7,ПК907,908,Гамма,907,,,7698.8,-2694.3,20,
700909,7,ПК908,909,Гамма,908,,,7698.9,-2684.3,15,
700910,7,ПК909,910,Гамма,909,,,7699.2,-2674.4,16,
700911,7,ПК910,911,Гамма,910,,,7699.5,-2664.4,1,
700912,7,ПК911,912,Гамма,911,,,7699.8,-2654.4,1,
700913,7,ПК912,913,Гамма,912,,,7700.1,-2644.4,1,
700914,7,ПК913,914,Гамма,913,,,7700.4,-2634.4,2,
700915,7,ПК914,915,Гамма,914,,,7700.6,-2624.4,3,
700916,7,ПК915,916,Гамма,915,,,7701.0,-2614.4,1,
700917,7,ПК916,917,Гамма,916,,,7701.4,-2604.4,1,
700918,7,ПК917,918,Гамма,917,,,7702.0,-2594.4,1,
700919,7,ПК918,919,Гамма,918,,,7702.5,-2584.4,2,
700920,7,ПК919,920,Гамма,919,,,7703.1,-2574.4,2,
700921,7,ПК920,921,Гамма,920,,,7703.7,-2564.5,1,
700922,7,ПК921,922,Гамма,921,,,7704.2,-2554.5,2,
700923,7,ПК922,923,Гамма,922,,,7704.7,-2544.5,4,
700924,7,ПК923,924,Гамма,923,,,7705.3,-2534.5,1,
700925,7,ПК924,925,Гамма,924,,,7705.7,-2524.5,1,
700926,7,ПК925,926,Гамма,925,,,7706.1,-2514.5,1,
700927,7,ПК926,927,Гамма,926,,,7706.5,-2504.5,1,
700928,7,ПК927,928,Гамма,927,,,7706.7,-2494.5,2,
700929,7,ПК928,929,Гамма,928,,,7706.9,-2484.5,2,
700930,7,ПК929,930,Гамма,929,,,7707.0,-2474.5,4,
700931,7,ПК930,931,Гамма,930,,,7707.1,-2464.5,2,
700932,7,ПК931,932,Гамма,931,,,7707.0,-2454.5,3,
700933,7,ПК932,933,Гамма,932,,,7707.0,-2444.5,2,
700934,7,ПК933,934,Гамма,933,,,7706.9,-2434.5,2,
700935,7,ПК934,935,Гамма,934,,,7706.8,-2424.5,1,
700936,7,ПК935,936,Гамма,935,,,7706.7,-2414.5,2,
700937,7,ПК936,937,Гамма,936,,,7706.6,-2404.5,2,
700938,7,ПК937,938,Гамма,937,,,7706.5,-2394.5,3,
700939,7,ПК938,939,Гамма,938,,,7706.4,-2384.5,0,
700940,7,ПК939,940,Гамма,939,,,7706.3,-2374.5,1,
700941,7,ПК940,941,Гамма,940,,,7706.0,-2364.5,2,
700942,7,ПК941,942,Гамма,941,,,7705.8,-2354.5,1,
700943,7,ПК942,943,Гамма,942,,,7705.5,-2344.5,1,
700944,7,ПК943,944,Гамма,943,,,7705.1,-2334.5,1,
700945,7,ПК944,945,Гамма,944,,,7704.8,-2324.5,1,
700946,7,ПК945,946,Гамма,945,,,7704.7,-2314.6,4,
700947,7,ПК946,947,Гамма,946,,,7704.6,-2304.6,15,
700948,7,ПК947,948,Гамма,947,,,7704.7,-2294.6,6,
700949,7,ПК948,949,Гамма,948,,,7704.8,-2284.6,1,
700950,7,ПК949,950,Гамма,949,,,7704.9,-2274.6,1,
700951,7,ПК950,951,Гамма,950,,,7705.1,-2264.6,1,
700952,7,ПК951,952,Гамма,951,,,7705.3,-2254.6,2,
700953,7,ПК952,953,Гамма,952,,,7705.7,-2244.6,1,
700954,7,ПК953,954,Гамма,953,,,7706.1,-2234.6,1,
700955,7,ПК954,955,Гамма,954,,,7706.5,-2224.6,1,
700956,7,ПК955,956,Гамма,955,,,7707.1,-2214.6,2,
700957,7,ПК956,957,Гамма,956,,,7707.7,-2204.6,2,
700958,7,ПК957,958,Гамма,957,,,7708.3,-2194.6,1,
700959,7,ПК958,959,Гамма,958,,,7708.9,-2184.7,1,
700960,7,ПК959,960,Гамма,959,,,7709.7,-2174.7,1,
700961,7,ПК960,961,Гамма,960,,,7710.5,-2164.7,5,
700962,7,ПК961,962,Гамма,961,,,7711.4,-2154.8,4,
700963,7,ПК962,963,Гамма,962,,,7712.5,-2144.8,1,
700964,7,ПК963,964,Гамма,963,,,7713.6,-2134.9,15,
700965,7,ПК964,965,Гамма,964,,,7714.8,-2125.0,2,
700966,7,ПК965,966,Гамма,965,,,7716.1,-2115.0,1,
700967,7,ПК966,967,Гамма,966,,,7717.5,-2105.1,1,
700968,7,ПК967,968,Гамма,967,,,7719.0,-2095.2,1,
700969,7,ПК968,969,Гамма,968,,,7720.4,-2085.4,4,
700970,7,ПК969,970,Гамма,969,,,7722.0,-2075.5,1,
700971,7,ПК970,971,Гамма,970,,,7723.7,-2065.6,1,
700972,7,ПК971,972,Гамма,971,,,7725.5,-2055.8,1,
700973,7,ПК972,973,Гамма,972,,,7727.5,-2046.0,2,
700974,7,ПК973,974,Гамма,973,,,7729.6,-2036.2,2,
700975,7,ПК974,975,Гамма,974,,,7731.9,-2026.5,1,
700976,7,ПК975,976,Гамма,975,,,7734.4,-2016.8,1,
700977,7,ПК976,977,Гамма,976,,,7737.1,-2007.2,2,
700978,7,ПК977,978,Гамма,977,,,7740.0,-1997.6,1,
700979,7,ПК978,979,Гамма,978,,,7743.0,-1988.0,2,
700980,7,ПК979,980,Гамма,979,,,7746.1,-1978.5,1,
700981,7,ПК980,981,Гамма,980,,,7749.3,-1969.1,1,
700982,7,ПК981,982,Гамма,981,,,7752.7,-1959.7,12,
700983,7,ПК982,983,Гамма,982,,,7756.2,-1950.3,1,
700984,7,ПК983,984,Гамма,983,,,7759.8,-1941.0,5,
700985,7,ПК984,985,Гамма,984,,,7763.5,-1931.7,7,
700986,7,ПК985,986,Гамма,985,,,7767.3,-1922.4,9,
700987,7,ПК986,987,Гамма,986,,,7771.2,-1913.2,1,
700988,7,ПК987,988,Гамма,987,,,7775.1,-1904.0,1,
700989,7,ПК988,989,Гамма,988,,,7779.1,-1894.8,1,
700990,7,ПК989,990,Гамма,989,,,7783.0,-1885.7,2,
700991,7,ПК990,991,Гамма,990,,,7787.0,-1876.5,1,
700992,7,ПК991,992,Гамма,991,,,7791.0,-1867.3,1,
700993,7,ПК992,993,Гамма,992,,,7795.0,-1858.2,1,
700994,7,ПК993,994,Гамма,993,,,7799.1,-1849.0,2,
700995,7,ПК994,995,Гамма,994,,,7803.1,-1839.9,1,
700996,7,ПК995,996,Гамма,995,,,7807.1,-1830.7,2,
700997,7,ПК996,997,Гамма,996,,,7811.2,-1821.6,1,
700998,7,ПК997,998,Гамма,997,,,7815.2,-1812.4,1,
700999,7,ПК998,999,Гамма,998,,,7819.2,-1803.2,3,
701000,7,ПК999,1000,Гамма,999,,,7823.1,-1794.0,2,
701001,7,ПК1000,1001,Гамма,1000,,,7827.1,-1784.9,2,
701002,7,ПК1001,1002,Гамма,1001,,,7831.0,-1775.7,4,
701003,7,ПК1002,1003,Гамма,1002,,,7834.8,-1766.4,14,
701004,7,ПК1003,1004,Гамма,1003,,,7838.7,-1757.2,1,
701005,7,ПК1004,1005,Гамма,1004,,,7842.6,-1748.0,1,
701006,7,ПК1005,1006,Гамма,1005,,,7846.5,-1738.8,1,
701007,7,ПК1006,1007,Гамма,1006,,,7850.3,-1729.5,1,
701008,7,ПК1007,1008,Гамма,1007,,,7854.2,-1720.3,2,
701009,7,ПК1008,1009,Гамма,1008,,,7858.1,-1711.1,4,
701010,7,ПК1009,1010,Гамма,1009,,,7862.0,-1701.9,1,
701011,7,ПК1010,1011,Гамма,1010,,,7865.9,-1692.7,1,
701012,7,ПК1011,1012,Гамма,1011,,,7869.8,-1683.5,3,
701013,7,ПК1012,1013,Гамма,1012,,,7873.7,-1674.3,1,
701014,7,ПК1013,1014,Гамма,1013,,,7877.7,-1665.1,2,
701015,7,ПК1014,1015,Гамма,1014,,,7881.7,-1656.0,1,
701016,7,ПК1015,1016,Гамма,1015,,,7885.7,-1646.8,1,
701017,7,ПК1016,1017,Гамма,1016,,,7889.7,-1637.6,2,
701018,7,ПК1017,1018,Гамма,1017,,,7893.6,-1628.4,1,
701019,7,ПК1018,1019,Гамма,1018,,,7897.5,-1619.2,1,
701020,7,ПК1019,1020,Гамма,1019,,,7901.3,-1610.0,1,
701021,7,ПК1020,1021,Гамма,1020,,,7905.1,-1600.7,3,
701022,7,ПК1021,1022,Гамма,1021,,,7908.7,-1591.4,9,
701023,7,ПК1022,1023,Гамма,1022,,,7912.3,-1582.0,1,
701024,7,ПК1023,1024,Гамма,1023,,,7915.8,-1572.7,1,
701025,7,ПК1024,1025,Гамма,1024,,,7919.2,-1563.3,2,
701026,7,ПК1025,1026,Гамма,1025,,,7922.7,-1553.9,18,
701027,7,ПК1026,1027,Гамма,1026,,,7926.2,-1544.5,4,
701028,7,ПК1027,1028,Гамма,1027,,,7929.5,-1535.1,2,
701029,7,ПК1028,1029,Гамма,1028,,,7932.9,-1525.7,1,
701030,7,ПК1029,1030,Гамма,1029,,,7936.2,-1516.3,1,
701031,7,ПК1030,1031,Гамма,1030,,,7939.4,-1506.8,1,
701032,7,ПК1031,1032,Гамма,1031,,,7942.7,-1497.3,2,
701033,7,ПК1032,1033,Гамма,1032,,,7945.9,-1487.9,1,
701034,7,ПК1033,1034,Гамма,1033,,,7949.0,-1478.4,1,
701035,7,ПК1034,1035,Гамма,1034,,,7952.1,-1468.8,1,
701036,7,ПК1035,1036,Гамма,1035,,,7955.0,-1459.3,2,
701037,7,ПК1036,1037,Гамма,1036,,,7957.9,-1449.7,2,
701038,7,ПК1037,1038,Гамма,1037,,,7960.7,-1440.1,1,
701039,7,ПК1038,1039,Гамма,1038,,,7963.5,-1430.5,1,
701040,7,ПК1039,1040,Гамма,1039,,,7966.2,-1420.9,1,
701041,7,ПК1040,1041,Гамма,1040,,,7969.1,-1411.3,3,
701042,7,ПК1041,1042,Гамма,1041,,,7972.0,-1401.7,1,
701043,7,ПК1042,1043,Гамма,1042,,,7975.0,-1392.2,1,
701044,7,ПК1043,1044,Гамма,1043,,,7978.0,-1382.7,1,
701045,7,ПК1044,1045,Гамма,1044,,,7981.2,-1373.2,3,
701046,7,ПК1045,1046,Гамма,1045,,,7984.4,-1363.7,13,
701047,7,ПК1046,1047,Гамма,1046,,,7987.7,-1354.3,7,
701048,7,ПК1047,1048,Гамма,1047,,,7991.1,-1344.9,1,
701049,7,ПК1048,1049,Гамма,1048,,,7994.4,-1335.4,1,
701050,7,ПК1049,1050,Гамма,1049,,,7997.8,-1326.0,2,
701051,7,ПК1050,1051,Гамма,1050,,,8001.2,-1316.6,15,
701052,7,ПК1051,1052,Гамма,1051,,,8004.7,-1307.3,2,
701053,7,ПК1052,1053,Гамма,1052,,,8008.2,-1297.9,1,
701054,7,ПК1053,1054,Гамма,1053,,,8011.8,-1288.6,1,
701055,7,ПК1054,1055,Гамма,1054,,,8015.4,-1279.3,2,
701056,7,ПК1055,1056,Гамма,1055,,,8019.1,-1269.9,1,
701057,7,ПК1056,1057,Гамма,1056,,,8022.6,-1260.6,1,
701058,7,ПК1057,1058,Гамма,1057,,,8026.3,-1251.3,1,
701059,7,ПК1058,1059,Гамма,1058,,,8030.0,-1242.0,2,
701060,7,ПК1059,1060,Гамма,1059,,,8033.9,-1232.8,2,
701061,7,ПК1060,1061,Гамма,1060,,,8037.8,-1223.6,1,
701062,7,ПК1061,1062,Гамма,1061,,,8041.9,-1214.4,1,
701063,7,ПК1062,1063,Гамма,1062,,,8046.0,-1205.3,2,
701064,7,ПК1063,1064,Гамма,1063,,,8050.3,-1196.3,4,
701065,7,ПК1064,1065,Гамма,1064,,,8054.7,-1187.3,2,
701066,7,ПК1065,1066,Гамма,1065,,,8059.1,-1178.4,6,
701067,7,ПК1066,1067,Гамма,1066,,,8063.7,-1169.5,4,
701068,7,ПК1067,1068,Гамма,1067,,,8068.3,-1160.6,4,
701069,7,ПК1068,1069,Гамма,1068,,,8072.9,-1151.7,1,
701070,7,ПК1069,1070,Гамма,1069,,,8077.5,-1142.8,1,
701071,7,ПК1070,1071,Гамма,1070,,,8082.3,-1134.1,1,
701072,7,ПК1071,1072,Гамма,1071,,,8087.1,-1125.3,1,
701073,7,ПК1072,1073,Гамма,1072,,,8092.0,-1116.6,2,
701074,7,ПК1073,1074,Гамма,1073,,,8096.9,-1107.8,2,
701075,7,ПК1074,1075,Гамма,1074,,,8101.8,-1099.1,1,
701076,7,ПК1075,1076,Гамма,1075,,,8106.8,-1090.5,1,
701077,7,ПК1076,1077,Гамма,1076,,,8111.7,-1081.8,2,
701078,7,ПК1077,1078,Гамма,1077,,,8116.7,-1073.1,2,
701079,7,ПК1078,1079,Гамма,1078,,,8121.7,-1064.4,1,
701080,7,ПК1079,1080,Гамма,1079,,,8126.6,-1055.7,2,
701081,7,ПК1080,1081,Гамма,1080,,,8131.6,-1047.1,1,
701082,7,ПК1081,1082,Гамма,1081,,,8136.6,-1038.4,3,
701083,7,ПК1082,1083,Гамма,1082,,,8141.6,-1029.7,2,
701084,7,ПК1083,1084,Гамма,1083,,,8146.6,-1021.1,1,
701085,7,ПК1084,1085,Гамма,1084,,,8151.5,-1012.3,1,
701086,7,ПК1085,1086,Гамма,1085,,,8156.3,-1003.6,1,
701087,7,ПК1086,1087,Гамма,1086,,,8161.2,-994.8,12,
701088,7,ПК1087,1088,Гамма,1087,,,8165.9,-986.0,6,
701089,7,ПК1088,1089,Гамма,1088,,,8170.5,-977.2,9,
701090,7,ПК1089,1090,Гамма,1089,,,8175.0,-968.2,68,
701091,7,ПК1090,1091,Гамма,1090,,,8179.4,-959.3,10,
701092,7,ПК1091,1092,Гамма,1091,,,8183.8,-950.3,2,
701093,7,ПК1092,1093,Гамма,1092,,,8187.9,-941.2,11,
701094,7,ПК1093,1094,Гамма,1093,,,8192.0,-932.0,1,
701095,7,ПК1094,1095,Гамма,1094,,,8196.0,-922.9,2,
701096,7,ПК1095,1096,Гамма,1095,,,8199.9,-913.7,1,
701097,7,ПК1096,1097,Гамма,1096,,,8203.9,-904.5,2,
701098,7,ПК1097,1098,Гамма,1097,,,8207.7,-895.2,1,
701099,7,ПК1098,1099,Гамма,1098,,,8211.5,-886.0,2,
701100,7,ПК1099,1100,Гамма,1099,,,8215.1,-876.7,1,
701101,7,ПК1100,1101,Гамма,1100,,,8218.6,-867.3,2,
701102,7,ПК1101,1102,Гамма,1101,,,8222.0,-857.9,1,
701103,7,ПК1102,1103,Гамма,1102,,,8225.3,-848.4,1,
701104,7,ПК1103,1104,Гамма,1103,,,8228.4,-838.9,2,
701105,7,ПК1104,1105,Гамма,1104,,,8231.4,-829.4,1,
701106,7,ПК1105,1106,Гамма,1105,,,8234.3,-819.8,1,
701107,7,ПК1106,1107,Гамма,1106,,,8237.1,-810.2,1,
701108,7,ПК1107,1108,Гамма,1107,,,8239.8,-800.6,2,
701109,7,ПК1108,1109,Гамма,1108,,,8242.5,-791.0,3,
701110,7,ПК1109,1110,Гамма,1109,,,8245.0,-781.3,1,
701111,7,ПК1110,1111,Гамма,1110,,,8247.5,-771.6,8,
701112,7,ПК1111,1112,Гамма,1111,,,8249.8,-761.9,13,
701113,7,ПК1112,1113,Гамма,1112,,,8252.1,-752.1,2,
701114,7,ПК1113,1114,Гамма,1113,,,8254.2,-742.4,1,
701115,7,ПК1114,1115,Гамма,1114,,,8256.1,-732.5,1,
701116,7,ПК1115,1116,Гамма,1115,,,8257.8,-722.7,2,
701117,7,ПК1116,1117,Гамма,1116,,,8259.3,-712.8,2,
701118,7,ПК1117,1118,Гамма,1117,,,8260.5,-702.9,1,
701119,7,ПК1118,1119,Гамма,1118,,,8261.5,-692.9,1,
701120,7,ПК1119,1120,Гамма,1119,,,8262.2,-683.0,2,
701121,7,ПК1120,1121,Гамма,1120,,,8262.9,-673.0,1,
701122,7,ПК1121,1122,Гамма,1121,,,8263.5,-663.0,1,
701123,7,ПК1122,1123,Гамма,1122,,,8264.0,-653.0,1,
701124,7,ПК1123,1124,Гамма,1123,,,8264.5,-643.0,1,
701125,7,ПК1124,1125,Гамма,1124,,,8264.9,-633.0,3,
701126,7,ПК1125,1126,Гамма,1125,,,8265.1,-623.0,1,
701127,7,ПК1126,1127,Гамма,1126,,,8265.3,-613.0,1,
701128,7,ПК1127,1128,Гамма,1127,,,8265.4,-603.0,1,
701129,7,ПК1128,1129,Гамма,1128,,,8265.2,-593.0,2,
701130,7,ПК1129,1130,Гамма,1129,,,8264.9,-583.0,1,
701131,7,ПК1130,1131,Гамма,1130,,,8264.4,-573.0,1,
701132,7,ПК1131,1132,Гамма,1131,,,8263.7,-563.1,1,
701133,7,ПК1132,1133,Гамма,1132,,,8262.7,-553.1,2,
701134,7,ПК1133,1134,Гамма,1133,,,8261.5,-543.2,1,
701135,7,ПК1134,1135,Гамма,1134,,,8260.1,-533.3,2,
701136,7,ПК1135,1136,Гамма,1135,,,8258.5,-523.4,1,
701137,7,ПК1136,1137,Гамма,1136,,,8256.7,-513.6,2,
701138,7,ПК1137,1138,Гамма,1137,,,8254.6,-503.8,2,
701139,7,ПК1138,1139,Гамма,1138,,,8252.3,-494.1,7,
701140,7,ПК1139,1140,Гамма,1139,,,8249.8,-484.4,3,
701141,7,ПК1140,1141,Гамма,1140,,,8247.1,-474.8,1,
701142,7,ПК1141,1142,Гамма,1141,,,8244.3,-465.2,2,
701143,7,ПК1142,1143,Гамма,1142,,,8241.2,-455.7,1,
701144,7,ПК1143,1144,Гамма,1143,,,8238.0,-446.2,1,
701145,7,ПК1144,1145,Гамма,1144,,,8234.6,-436.8,1,
701146,7,ПК1145,1146,Гамма,1145,,,8231.2,-427.4,1,
701147,7,ПК1146,1147,Гамма,1146,,,8227.6,-418.0,2,
701148,7,ПК1147,1148,Гамма,1147,,,8223.9,-408.8,1,
701149,7,ПК1148,1149,Гамма,1148,,,8220.1,-399.5,2,
701150,7,ПК1149,1150,Гамма,1149,,,8216.1,-390.3,3,
701151,7,ПК1150,1151,Гамма,1150,,,8212.1,-381.2,2,
701152,7,ПК1151,1152,Гамма,1151,,,8208.0,-372.1,2,
701153,7,ПК1152,1153,Гамма,1152,,,8203.7,-363.0,1,
701154,7,ПК1153,1154,Гамма,1153,,,8199.4,-354.0,25,
701155,7,ПК1154,1155,Гамма,1154,,,8195.1,-345.0,1,
701156,7,ПК1155,1156,Гамма,1155,,,8190.8,-336.0,1,
701157,7,ПК1156,1157,Гамма,1156,,,8186.4,-326.9,3,
701158,7,ПК1157,1158,Гамма,1157,,,8182.1,-317.9,2,
701159,7,ПК1158,1159,Гамма,1158,,,8177.7,-308.9,1,
701160,7,ПК1159,1160,Гамма,1159,,,8173.3,-300.0,1,
701161,7,ПК1160,1161,Гамма,1160,,,8168.9,-291.0,1,
701162,7,ПК1161,1162,Гамма,1161,,,8164.4,-282.1,1,
701163,7,ПК1162,1163,Гамма,1162,,,8159.8,-273.2,3,
701164,7,ПК1163,1164,Гамма,1163,,,8155.2,-264.3,1,
701165,7,ПК1164,1165,Гамма,1164,,,8150.5,-255.4,0,
701166,7,ПК1165,1166,Гамма,1165,,,8145.8,-246.6,2,
701167,7,ПК1166,1167,Гамма,1166,,,8141.0,-237.9,2,
701168,7,ПК1167,1168,Гамма,1167,,,8136.1,-229.2,0,
701169,7,ПК1168,1169,Гамма,1168,,,8131.1,-220.5,1,
701170,7,ПК1169,1170,Гамма,1169,,,8126.1,-211.8,1,
701171,7,ПК1170,1171,Гамма,1170,,,8120.9,-203.3,1,
701172,7,ПК1171,1172,Гамма,1171,,,8115.6,-194.8,5,
701173,7,ПК1172,1173,Гамма,1172,,,8110.2,-186.4,20,
701174,7,ПК1173,1174,Гамма,1173,,,8104.6,-178.1,1,
701175,7,ПК1174,1175,Гамма,1174,,,8098.9,-169.9,2,
701176,7,ПК1175,1176,Гамма,1175,,,8093.1,-161.7,1,
701177,7,ПК1176,1177,Гамма,1176,,,8087.2,-153.6,3,
701178,7,ПК1177,1178,Гамма,1177,,,8081.4,-145.5,1,
701179,7,ПК1178,1179,Гамма,1178,,,8075.5,-137.4,1,
701180,7,ПК1179,1180,Гамма,1179,,,8069.8,-129.3,1,
701181,7,ПК1180,1181,Гамма,1180,,,8064.1,-121.0,1,
701182,7,ПК1181,1182,Гамма,1181,,,8058.3,-112.8,2,
701183,7,ПК1182,1183,Гамма,1182,,,8052.6,-104.7,1,
701184,7,ПК1183,1184,Гамма,1183,,,8046.9,-96.5,1,
701185,7,ПК1184,1185,Гамма,1184,,,8041.2,-88.2,1,
701186,7,ПК1185,1186,Гамма,1185,,,8035.4,-80.1,3,
701187,7,ПК1186,1187,Гамма,1186,,,8029.6,-71.9,1,
701188,7,ПК1187,1188,Гамма,1187,,,8023.8,-63.8,1,
701189,7,ПК1188,1189,Гамма,1188,,,8017.9,-55.7,1,
701190,7,ПК1189,1190,Гамма,1189,,,8012.0,-47.6,1,
701191,7,ПК1190,1191,Гамма,1190,,,8006.0,-39.6,2,
701192,7,ПК1191,1192,Гамма,1191,,,7999.9,-31.7,1,
701193,7,ПК1192,1193,Гамма,1192,,,7993.9,-23.7,1,
701194,7,ПК1193,1194,Гамма,1193,,,7987.8,-15.8,2,
701195,7,ПК1194,1195,Гамма,1194,,,7981.7,-7.9,2,
701196,7,ПК1195,1196,Гамма,1195,,,7975.5,0.0,20,
701197,7,ПК0 Г0 ПК0,1197,Гамма,0,Г0,0,13851.7,-4252.6,1,
701198,7,ПК0 Г0 ПК1,1198,Гамма,1,Г0,0,13861.5,-4250.5,1,
701199,7,ПК44 Г1 ПК0,1199,Гамма,0,Г1,44,13787.3,-3817.6,0,
701200,7,ПК44 Г1 ПК1,1200,Гамма,1,Г1,44,13796.4,-3813.2,0,
701201,7,ПК44 Г1 ПК2,1201,Гамма,2,Г1,44,13805.4,-3808.9,0,
701202,7,ПК44 Г1 ПК3,1202,Гамма,3,Г1,44,13814.4,-3804.6,0,
701203,7,ПК44 Г1 ПК4,1203,Гамма,4,Г1,44,13823.4,-3800.3,0,
701204,7,ПК44 Г1 ПК5,1204,Гамма,5,Г1,44,13832.4,-3796.0,0,
701205,7,ПК44 Г1 ПК6,1205,Гамма,6,Г1,44,13841.4,-3791.6,0,
701206,7,ПК44 Г1 ПК7,1206,Гамма,7,Г1,44,13850.5,-3787.3,0,
701207,7,ПК44 Г1 ПК8,1207,Гамма,8,Г1,44,13859.5,-3783.0,1,
701208,7,ПК44 Г1 ПК9,1208,Гамма,9,Г1,44,13868.5,-3778.6,0,
701209,7,ПК44 Г1 ПК10,1209,Гамма,10,Г1,44,13877.5,-3774.3,0,
701210,7,ПК44 Г1 ПК11,1210,Гамма,11,Г1,44,13886.5,-3770.0,0,
701211,7,ПК44 Г1 ПК12,1211,Гамма,12,Г1,44,13895.6,-3765.7,1,
701212,7,ПК44 Г1 ПК13,1212,Гамма,13,Г1,44,13904.6,-3761.5,0,
701213,7,ПК44 Г1 ПК14,1213,Гамма,14,Г1,44,13913.7,-3757.3,2,
701214,7,ПК44 Г1 ПК15,1214,Гамма,15,Г1,44,13922.8,-3753.1,2,
701215,7,ПК1050 Г1 ПК0,1215,Гамма,0,Г1,1050,8001.2,-1316.6,6,
701216,7,ПК1050 Г1 ПК1,1216,Гамма,1,Г1,1050,7991.5,-1314.3,2,
701217,7,ПК1050 Г1 ПК2,1217,Гамма,2,Г1,1050,7981.8,-1311.9,2,
701218,7,ПК1050 Г1 ПК3,1218,Гамма,3,Г1,1050,7972.0,-1309.7,1,
701219,7,ПК1050 Г1 ПК4,1219,Гамма,4,Г1,1050,7962.3,-1307.5,3,
701220,7,ПК1050 Г1 ПК5,1220,Гамма,5,Г1,1050,7952.5,-1305.4,1,
701221,7,ПК1050 Г1 ПК6,1221,Гамма,6,Г1,1050,7942.7,-1303.3,0,
701222,7,ПК1050 Г1 ПК7,1222,Гамма,7,Г1,1050,7932.9,-1301.2,2,
701223,7,ПК1050 Г1 ПК8,1223,Гамма,8,Г1,1050,7923.2,-1299.2,2,
701224,7,ПК1050 Г1 ПК9,1224,Гамма,9,Г1,1050,7913.4,-1297.1,1,
701225,7,ПК1050 Г1 ПК10,1225,Гамма,10,Г1,1050,7903.6,-1295.1,1,
701226,7,ПК1050 Г1 ПК11,1226,Гамма,11,Г1,1050,7893.8,-1293.0,1,
701227,7,ПК1050 Г1 ПК12,1227,Гамма,12,Г1,1050,7884.0,-1290.9,1,
701228,7,ПК1050 Г1 ПК13,1228,Гамма,13,Г1,1050,7874.3,-1288.8,2,
701229,7,ПК1050 Г1 ПК14,1229,Гамма,14,Г1,1050,7864.5,-1286.7,1,
701230,7,ПК1050 Г1 ПК15,1230,Гамма,15,Г1,1050,7854.7,-1284.7,2,
701231,7,ПК1050 Г1 ПК16,1231,Гамма,16,Г1,1050,7844.9,-1282.6,1,
701232,7,ПК1050 Г1 ПК17,1232,Гамма,17,Г1,1050,7835.1,-1280.6,3,
701233,7,ПК1050 Г1 ПК18,1233,Гамма,18,Г1,1050,7825.3,-1278.6,1,
701234,7,ПК1050 Г1 ПК19,1234,Гамма,19,Г1,1050,7815.5,-1276.6,4,
701235,7,ПК1050 Г1 ПК20,1235,Гамма,20,Г1,1050,7805.7,-1274.7,1,
701236,7,ПК1050 Г1 ПК21,1236,Гамма,21,Г1,1050,7795.8,-1272.9,1,
701237,7,ПК1050 Г1 ПК22,1237,Гамма,22,Г1,1050,7786.0,-1271.1,3,
701238,7,ПК1050 Г1 ПК23,1238,Гамма,23,Г1,1050,7776.2,-1269.4,1,
701239,7,ПК1050 Г1 ПК24,1239,Гамма,24,Г1,1050,7766.3,-1267.7,1,
701240,7,ПК1050 Г1 ПК25,1240,Гамма,25,Г1,1050,7756.4,-1266.0,1,
701241,7,ПК1050 Г1 ПК26,1241,Гамма,26,Г1,1050,7746.6,-1264.4,2,
800001,8,ПК0,1,Дельта,0,,,18149.0,-544.2,5,
800002,8,ПК1,2,Дельта,1,,,18139.0,-543.6,2,
800003,8,ПК2,3,Дельта,2,,,18129.0,-543.0,10,
800004,8,ПК3,4,Дельта,3,,,18119.0,-542.5,0,
800005,8,ПК4,5,Дельта,4,,,18109.0,-541.9,1,
800006,8,ПК5,6,Дельта,5,,,18099.0,-541.4,1,
800007,8,ПК6,7,Дельта,6,,,18089.1,-540.9,0,
800008,8,ПК7,8,Дельта,7,,,18079.1,-540.4,0,
800009,8,ПК8,9,Дельта,8,,,18069.1,-540.0,0,
800010,8,ПК9,10,Дельта,9,,,18059.1,-539.5,1,
800011,8,ПК10,11,Дельта,10,,,18049.1,-539.1,0,
800012,8,ПК11,12,Дельта,11,,,18039.1,-538.7,1,
800013,8,ПК12,13,Дельта,12,,,18029.1,-538.3,0,
800014,8,ПК13,14,Дельта,13,,,18019.1,-537.9,1,
800015,8,ПК14,15,Дельта,14,,,18009.1,-537.5,0,
800016,8,ПК15,16,Дельта,15,,,17999.1,-537.2,0,
800017,8,ПК16,17,Дельта,16,,,17989.1,-537.0,1,
800018,8,ПК17,18,Дельта,17,,,17979.1,-536.8,0,
800019,8,ПК18,19,Дельта,18,,,17969.1,-536.7,0,
800020,8,ПК19,20,Дельта,19,,,17959.1,-536.8,1,
800021,8,ПК20,21,Дельта,20,,,17949.1,-537.0,3,
800022,8,ПК21,22,Дельта,21,,,17939.1,-537.3,10,
800023,8,ПК22,23,Дельта,22,,,17929.2,-537.8,0,
800024,8,ПК23,24,Дельта,23,,,17919.2,-538.5,1,
800025,8,ПК24,25,Дельта,24,,,17909.2,-539.4,1,
800026,8,ПК25,26,Дельта,25,,,17899.3,-540.6,0,
800027,8,ПК26,27,Дельта,26,,,17889.4,-541.9,8,
800028,8,ПК27,28,Дельта,27,,,17879.5,-543.5,0,
800029,8,ПК28,29,Дельта,28,,,17869.7,-545.2,0,
800030,8,ПК29,30,Дельта,29,,,17859.9,-547.1,1,
800031,8,ПК30,31,Дельта,30,,,17850.1,-549.2,0,
800032,8,ПК31,32,Дельта,31,,,17840.3,-551.3,0,
800033,8,ПК32,33,Дельта,32,,,17830.5,-553.6,0,
800034,8,ПК33,34,Дельта,33,,,17820.8,-555.9,2,
800035,8,ПК34,35,Дельта,34,,,17811.1,-558.3,0,
800036,8,ПК35,36,Дельта,35,,,17801.4,-560.8,1,
800037,8,ПК36,37,Дельта,36,,,17791.8,-563.5,0,
800038,8,ПК37,38,Дельта,37,,,17782.2,-566.4,1,
800039,8,ПК38,39,Дельта,38,,,17772.7,-569.5,1,
800040,8,ПК39,40,Дельта,39,,,17763.3,-572.7,10,
800041,8,ПК40,41,Дельта,40,,,17753.9,-576.1,0,
800042,8,ПК41,42,Дельта,41,,,17744.5,-579.7,1,
800043,8,ПК42,43,Дельта,42,,,17735.3,-583.5,0,
800044,8,ПК43,44,Дельта,43,,,17726.0,-587.3,1,
800045,8,ПК44,45,Дельта,44,,,17716.9,-591.4,1,
800046,8,ПК45,46,Дельта,45,,,17707.8,-595.6,1,
800047,8,ПК46,47,Дельта,46,,,17698.8,-599.9,1,
800048,8,ПК47,48,Дельта,47,,,17689.8,-604.3,0,
800049,8,ПК48,49,Дельта,48,,,17680.8,-608.7,1,
800050,8,ПК49,50,Дельта,49,,,17672.0,-613.3,2,
800051,8,ПК50,51,Дельта,50,,,17663.1,-618.0,11,
800052,8,ПК51,52,Дельта,51,,,17654.3,-622.7,0,
800053,8,ПК52,53,Дельта,52,,,17645.6,-627.6,1,
800054,8,ПК53,54,Дельта,53,,,17636.9,-632.6,0,
800055,8,ПК54,55,Дельта,54,,,17628.3,-637.6,1,
800056,8,ПК55,56,Дельта,55,,,17619.7,-642.7,0,
800057,8,ПК56,57,Дельта,56,,,17611.2,-648.0,0,
800058,8,ПК57,58,Дельта,57,,,17602.7,-653.3,1,
800059,8,ПК58,59,Дельта,58,,,17594.3,-658.8,0,
800060,8,ПК59,60,Дельта,59,,,17586.0,-664.3,0,
800061,8,ПК60,61,Дельта,60,,,17577.8,-670.0,1,
800062,8,ПК61,62,Дельта,61,,,17569.5,-675.7,1,
800063,8,ПК62,63,Дельта,62,,,17561.4,-681.5,0,
800064,8,ПК63,64,Дельта,63,,,17553.3,-687.3,2,
800065,8,ПК64,65,Дельта,64,,,17545.2,-693.1,0,
800066,8,ПК65,66,Дельта,65,,,17537.1,-699.1,0,
800067,8,ПК66,67,Дельта,66,,,17529.1,-705.0,0,
800068,8,ПК67,68,Дельта,67,,,17521.0,-711.0,1,
800069,8,ПК68,69,Дельта,68,,,17513.0,-716.9,0,
800070,8,ПК69,70,Дельта,69,,,17504.9,-722.8,0,
800071,8,ПК70,71,Дельта,70,,,17496.8,-728.7,1,
800072,8,ПК71,72,Дельта,71,,,17488.8,-734.6,0,
800073,8,ПК72,73,Дельта,72,,,17480.7,-740.5,7,
800074,8,ПК73,74,Дельта,73,,,17472.6,-746.4,1,
800075,8,ПК74,75,Дельта,74,,,17464.5,-752.2,2,
800076,8,ПК75,76,Дельта,75,,,17456.4,-758.1,1,
800077,8,ПК76,77,Дельта,76,,,17448.2,-763.9,0,
800078,8,ПК77,78,Дельта,77,,,17440.0,-769.6,0,
800079,8,ПК78,79,Дельта,78,,,17431.9,-775.4,0,
800080,8,ПК79,80,Дельта,79,,,17423.6,-781.1,2,
800081,8,ПК80,81,Дельта,80,,,17415.4,-786.8,0,
800082,8,ПК81,82,Дельта,81,,,17407.2,-792.4,0,
800083,8,ПК82,83,Дельта,82,,,17398.9,-798.1,0,
800084,8,ПК83,84,Дельта,83,,,17390.6,-803.6,2,
800085,8,ПК84,85,Дельта,84,,,17382.3,-809.2,0,
800086,8,ПК85,86,Дельта,85,,,17374.0,-814.7,1,
800087,8,ПК86,87,Дельта,86,,,17365.7,-820.3,9,
800088,8,ПК87,88,Дельта,87,,,17357.4,-825.9,2,
800089,8,ПК88,89,Дельта,88,,,17349.1,-831.4,0,
800090,8,ПК89,90,Дельта,89,,,17340.7,-837.0,1,
800091,8,ПК90,91,Дельта,90,,,17332.4,-842.5,0,
800092,8,ПК91,92,Дельта,91,,,17324.0,-847.9,2,
800093,8,ПК92,93,Дельта,92,,,17315.6,-853.4,0,
800094,8,ПК93,94,Дельта,93,,,17307.2,-858.7,0,
800095,8,ПК94,95,Дельта,94,,,17298.7,-864.1,1,
800096,8,ПК95,96,Дельта,95,,,17290.2,-869.3,1,
800097,8,ПК96,97,Дельта,96,,,17281.7,-874.6,0,
800098,8,ПК97,98,Дельта,97,,,17273.1,-879.7,1,
800099,8,ПК98,99,Дельта,98,,,17264.6,-884.9,1,
800100,8,ПК99,100,Дельта,99,,,17256.0,-890.0,0,
800101,8,ПК100,101,Дельта,100,,,17247.3,-895.1,0,
800102,8,ПК101,102,Дельта,101,,,17238.7,-900.1,1,
800103,8,ПК102,103,Дельта,102,,,17230.0,-905.0,0,
800104,8,ПК103,104,Дельта,103,,,17221.3,-909.9,1,
800105,8,ПК104,105,Дельта,104,,,17212.5,-914.6,0,
800106,8,ПК105,106,Дельта,105,,,17203.6,-919.3,0,
800107,8,ПК106,107,Дельта,106,,,17194.7,-923.9,24,
800108,8,ПК107,108,Дельта,107,,,17185.8,-928.4,1,
800109,8,ПК108,109,Дельта,108,,,17176.8,-932.8,8,
800110,8,ПК109,110,Дельта,109,,,17167.8,-937.1,4,
800111,8,ПК110,111,Дельта,110,,,17158.7,-941.2,0,
800112,8,ПК111,112,Дельта,111,,,17149.6,-945.3,1,
800113,8,ПК112,113,Дельта,112,,,17140.4,-949.2,1,
800114,8,ПК113,114,Дельта,113,,,17131.1,-953.0,0,
800115,8,ПК114,115,Дельта,114,,,17121.8,-956.8,0,
800116,8,ПК115,116,Дельта,115,,,17112.5,-960.4,1,
800117,8,ПК116,117,Дельта,116,,,17103.2,-964.0,0,
800118,8,ПК117,118,Дельта,117,,,17093.8,-967.4,2,
800119,8,ПК118,119,Дельта,118,,,17084.3,-970.7,2,
800120,8,ПК119,120,Дельта,119,,,17074.8,-973.8,0,
800121,8,ПК120,121,Дельта,120,,,17065.3,-976.8,0,
800122,8,ПК121,122,Дельта,121,,,17055.7,-979.7,0,
800123,8,ПК122,123,Дельта,122,,,17046.1,-982.4,2,
800124,8,ПК123,124,Дельта,123,,,17036.5,-985.1,0,
800125,8,ПК124,125,Дельта,124,,,17026.8,-987.7,0,
800126,8,ПК125,126,Дельта,125,,,17017.1,-990.1,0,
800127,8,ПК126,127,Дельта,126,,,17007.4,-992.5,3,
800128,8,ПК127,128,Дельта,127,,,16997.7,-994.8,0,
800129,8,ПК128,129,Дельта,128,,,16987.9,-997.0,0,
800130,8,ПК129,130,Дельта,129,,,16978.1,-999.1,1,
800131,8,ПК130,131,Дельта,130,,,16968.3,-1001.1,0,
800132,8,ПК131,132,Дельта,131,,,16958.5,-1003.1,1,
800133,8,ПК132,133,Дельта,132,,,16948.7,-1005.0,0,
800134,8,ПК133,134,Дельта,133,,,16938.9,-1006.8,9,
800135,8,ПК134,135,Дельта,134,,,16929.0,-1008.6,3,
800136,8,ПК135,136,Дельта,135,,,16919.2,-1010.3,1,
800137,8,ПК136,137,Дельта,136,,,16909.3,-1012.0,1,
800138,8,ПК137,138,Дельта,137,,,16899.5,-1013.7,0,
800139,8,ПК138,139,Дельта,138,,,16889.6,-1015.3,0,
800140,8,ПК139,140,Дельта,139,,,16879.7,-1016.8,1,
800141,8,ПК140,141,Дельта,140,,,16869.8,-1018.3,0,
800142,8,ПК141,142,Дельта,141,,,16859.9,-1019.8,0,
800143,8,ПК142,143,Дельта,142,,,16850.1,-1021.3,1,
800144,8,ПК143,144,Дельта,143,,,16840.2,-1022.8,0,
800145,8,ПК144,145,Дельта,144,,,16830.3,-1024.3,0,
800146,8,ПК145,146,Дельта,145,,,16820.4,-1025.9,2,
800147,8,ПК146,147,Дельта,146,,,16810.5,-1027.4,0,
800148,8,ПК147,148,Дельта,147,,,16800.6,-1028.9,1,
800149,8,ПК148,149,Дельта,148,,,16790.7,-1030.4,0,
800150,8,ПК149,150,Дельта,149,,,16780.9,-1031.8,0,
800151,8,ПК150,151,Дельта,150,,,16771.0,-1033.3,1,
800152,8,ПК151,152,Дельта,151,,,16761.1,-1034.7,0,
800153,8,ПК152,153,Дельта,152,,,16751.2,-1036.2,0,
800154,8,ПК153,154,Дельта,153,,,16741.3,-1037.7,1,
800155,8,ПК154,155,Дельта,154,,,16731.4,-1039.2,1,
800156,8,ПК155,156,Дельта,155,,,16721.5,-1040.8,4,
800157,8,ПК156,157,Дельта,156,,,16711.7,-1042.6,7,
800158,8,ПК157,158,Дельта,157,,,16701.9,-1044.4,0,
800159,8,ПК158,159,Дельта,158,,,16692.0,-1046.3,0,
800160,8,ПК159,160,Дельта,159,,,16682.2,-1048.3,0,
800161,8,ПК160,161,Дельта,160,,,16672.4,-1050.2,0,
800162,8,ПК161,162,Дельта,161,,,16662.6,-1052.2,0,
800163,8,ПК162,163,Дельта,162,,,16652.8,-1054.1,0,
800164,8,ПК163,164,Дельта,163,,,16643.0,-1056.0,0,
800165,8,ПК164,165,Дельта,164,,,16633.2,-1057.9,0,
800166,8,ПК165,166,Дельта,165,,,16623.4,-1059.8,0,
800167,8,ПК166,167,Дельта,166,,,16613.5,-1061.6,0,
800168,8,ПК167,168,Дельта,167,,,16603.7,-1063.4,0,
800169,8,ПК168,169,Дельта,168,,,16593.8,-1065.2,0,
800170,8,ПК169,170,Дельта,169,,,16584.0,-1067.0,0,
800171,8,ПК170,171,Дельта,170,,,16574.2,-1068.9,0,
800172,8,ПК171,172,Дельта,171,,,16564.4,-1070.8,0,
800173,8,ПК172,173,Дельта,172,,,16554.6,-1072.9,0,
800174,8,ПК173,174,Дельта,173,,,16544.8,-1075.1,0,
800175,8,ПК174,175,Дельта,174,,,16535.1,-1077.3,0,
800176,8,ПК175,176,Дельта,175,,,16525.4,-1079.6,0,
800177,8,ПК176,177,Дельта,176,,,16515.7,-1082.1,0,
800178,8,ПК177,178,Дельта,177,,,16506.0,-1084.7,0,
800179,8,ПК178,179,Дельта,178,,,16496.4,-1087.5,0,
800180,8,ПК179,180,Дельта,179,,,16486.8,-1090.3,0,
800181,8,ПК180,181,Дельта,180,,,16477.2,-1093.1,0,
800182,8,ПК181,182,Дельта,181,,,16467.7,-1096.0,0,
800183,8,ПК182,183,Дельта,182,,,16458.1,-1099.0,0,
800184,8,ПК183,184,Дельта,183,,,16448.6,-1102.1,0,
800185,8,ПК184,185,Дельта,184,,,16439.1,-1105.2,0,
800186,8,ПК185,186,Дельта,185,,,16429.7,-1108.5,0,
800187,8,ПК186,187,Дельта,186,,,16420.2,-1111.9,0,
800188,8,ПК187,188,Дельта,187,,,16410.9,-1115.4,0,
800189,8,ПК188,189,Дельта,188,,,16401.5,-1119.0,0,
800190,8,ПК189,190,Дельта,189,,,16392.3,-1122.7,0,
800191,8,ПК190,191,Дельта,190,,,16383.0,-1126.5,0,
800192,8,ПК191,192,Дельта,191,,,16373.8,-1130.5,0,
800193,8,ПК192,193,Дельта,192,,,16364.7,-1134.5,0,
800194,8,ПК193,194,Дельта,193,,,16355.6,-1138.7,0,
800195,8,ПК194,195,Дельта,194,,,16346.6,-1143.0,0,
800196,8,ПК195,196,Дельта,195,,,16337.5,-1147.2,0,
800197,8,ПК196,197,Дельта,196,,,16328.5,-1151.5,0,
800198,8,ПК197,198,Дельта,197,,,16319.4,-1155.7,0,
800199,8,ПК198,199,Дельта,198,,,16310.3,-1159.8,0,
800200,8,ПК199,200,Дельта,199,,,16301.1,-1163.8,0,
800201,8,ПК200,201,Дельта,200,,,16292.0,-1167.9,0,
800202,8,ПК201,202,Дельта,201,,,16282.8,-1171.9,0,
800203,8,ПК202,203,Дельта,202,,,16273.6,-1175.9,0,
800204,8,ПК203,204,Дельта,203,,,16264.5,-1179.8,0,
800205,8,ПК204,205,Дельта,204,,,16255.3,-1183.8,0,
800206,8,ПК205,206,Дельта,205,,,16246.2,-1188.0,0,
800207,8,ПК206,207,Дельта,206,,,16237.2,-1192.3,0,
800208,8,ПК207,208,Дельта,207,,,16228.2,-1196.7,0,
800209,8,ПК208,209,Дельта,208,,,16219.2,-1201.1,0,
800210,8,ПК209,210,Дельта,209,,,16210.4,-1205.8,0,
800211,8,ПК210,211,Дельта,210,,,16201.6,-1210.6,0,
800212,8,ПК211,212,Дельта,211,,,16192.9,-1215.4,0,
800213,8,ПК212,213,Дельта,212,,,16184.2,-1220.5,0,
800214,8,ПК213,214,Дельта,213,,,16175.7,-1225.6,0,
800215,8,ПК214,215,Дельта,214,,,16167.2,-1231.0,0,
800216,8,ПК215,216,Дельта,215,,,16158.8,-1236.4,0,
800217,8,ПК216,217,Дельта,216,,,16150.6,-1242.1,0,
800218,8,ПК217,218,Дельта,217,,,16142.4,-1247.8,0,
800219,8,ПК218,219,Дельта,218,,,16134.3,-1253.7,0,
800220,8,ПК219,220,Дельта,219,,,16126.2,-1259.6,0,
800221,8,ПК220,221,Дельта,220,,,16118.2,-1265.6,0,
800222,8,ПК221,222,Дельта,221,,,16110.2,-1271.6,0,
800223,8,ПК222,223,Дельта,222,,,16102.3,-1277.8,0,
800224,8,ПК223,224,Дельта,223,,,16094.5,-1283.9,0,
800225,8,ПК224,225,Дельта,224,,,16086.6,-1290.1,0,
800226,8,ПК225,226,Дельта,225,,,16078.8,-1296.3,0,
800227,8,ПК226,227,Дельта,226,,,16071.0,-1302.6,0,
800228,8,ПК227,228,Дельта,227,,,16063.4,-1309.1,0,
800229,8,ПК228,229,Дельта,228,,,16055.7,-1315.5,0,
800230,8,ПК229,230,Дельта,229,,,16048.1,-1322.0,0,
800231,8,ПК230,231,Дельта,230,,,16040.4,-1328.4,0,
800232,8,ПК231,232,Дельта,231,,,16032.8,-1334.8,4,
800233,8,ПК232,233,Дельта,232,,,16025.1,-1341.2,1,
800234,8,ПК233,234,Дельта,233,,,16017.3,-1347.6,0,
800235,8,ПК234,235,Дельта,234,,,16009.6,-1353.8,1,
800236,8,ПК235,236,Дельта,235,,,16001.7,-1360.1,0,
800237,8,ПК236,237,Дельта,236,,,15993.9,-1366.3,0,
800238,8,ПК237,238,Дельта,237,,,15986.0,-1372.5,0,
800239,8,ПК238,239,Дельта,238,,,15978.2,-1378.6,1,
800240,8,ПК239,240,Дельта,239,,,15970.3,-1384.8,1,
800241,8,ПК240,241,Дельта,240,,,15962.5,-1391.0,0,
800242,8,ПК241,242,Дельта,241,,,15954.7,-1397.3,1,
800243,8,ПК242,243,Дельта,242,,,15946.9,-1403.6,0,
800244,8,ПК243,244,Дельта,243,,,15939.3,-1410.0,0,
800245,8,ПК244,245,Дельта,244,,,15931.7,-1416.6,0,
800246,8,ПК245,246,Дельта,245,,,15924.2,-1423.2,1,
800247,8,ПК246,247,Дельта,246,,,15916.8,-1430.0,0,
800248,8,ПК247,248,Дельта,247,,,15909.6,-1436.8,1,
800249,8,ПК248,249,Дельта,248,,,15902.4,-1443.8,1,
800250,8,ПК249,250,Дельта,249,,,15895.4,-1450.9,28,
800251,8,ПК250,251,Дельта,250,,,15888.5,-1458.2,0,
800252,8,ПК251,252,Дельта,251,,,15881.9,-1465.7,1,
800253,8,ПК252,253,Дельта,252,,,15875.4,-1473.3,2,
800254,8,ПК253,254,Дельта,253,,,15869.1,-1481.1,1,
800255,8,ПК254,255,Дельта,254,,,15863.0,-1489.0,0,
800256,8,ПК255,256,Дельта,255,,,15857.1,-1497.0,1,
800257,8,ПК256,257,Дельта,256,,,15851.3,-1505.2,0,
800258,8,ПК257,258,Дельта,257,,,15845.7,-1513.5,1,
800259,8,ПК258,259,Дельта,258,,,15840.2,-1521.9,0,
800260,8,ПК259,260,Дельта,259,,,15834.9,-1530.3,0,
800261,8,ПК260,261,Дельта,260,,,15829.8,-1538.9,0,
800262,8,ПК261,262,Дельта,261,,,15824.8,-1547.6,2,
800263,8,ПК262,263,Дельта,262,,,15820.1,-1556.4,0,
800264,8,ПК263,264,Дельта,263,,,15815.6,-1565.4,1,
800265,8,ПК264,265,Дельта,264,,,15811.3,-1574.4,0,
800266,8,ПК265,266,Дельта,265,,,15807.1,-1583.5,0,
800267,8,ПК266,267,Дельта,266,,,15803.2,-1592.6,1,
800268,8,ПК267,268,Дельта,267,,,15799.4,-1601.9,0,
800269,8,ПК268,269,Дельта,268,,,15795.8,-1611.2,0,
800270,8,ПК269,270,Дельта,269,,,15792.5,-1620.7,1,
800271,8,ПК270,271,Дельта,270,,,15789.4,-1630.2,1,
800272,8,ПК271,272,Дельта,271,,,15786.5,-1639.7,0,
800273,8,ПК272,273,Дельта,272,,,15783.8,-1649.4,13,
800274,8,ПК273,274,Дельта,273,,,15781.3,-1659.1,0,
800275,8,ПК274,275,Дельта,274,,,15779.1,-1668.8,1,
800276,8,ПК275,276,Дельта,275,,,15777.1,-1678.6,1,
800277,8,ПК276,277,Дельта,276,,,15775.4,-1688.5,0,
800278,8,ПК277,278,Дельта,277,,,15773.8,-1698.3,0,
800279,8,ПК278,279,Дельта,278,,,15772.5,-1708.3,1,
800280,8,ПК279,280,Дельта,279,,,15771.3,-1718.2,0,
800281,8,ПК280,281,Дельта,280,,,15770.1,-1728.1,0,
800282,8,ПК281,282,Дельта,281,,,15769.1,-1738.1,1,
800283,8,ПК282,283,Дельта,282,,,15768.3,-1748.0,0,
800284,8,ПК283,284,Дельта,283,,,15767.5,-1758.0,0,
800285,8,ПК284,285,Дельта,284,,,15767.0,-1768.0,2,
800286,8,ПК285,286,Дельта,285,,,15766.6,-1778.0,0,
800287,8,ПК286,287,Дельта,286,,,15766.4,-1788.0,0,
800288,8,ПК287,288,Дельта,287,,,15766.2,-1798.0,0,
800289,8,ПК288,289,Дельта,288,,,15766.0,-1808.0,1,
800290,8,ПК289,290,Дельта,289,,,15766.0,-1818.0,0,
800291,8,ПК290,291,Дельта,290,,,15766.0,-1828.0,0,
800292,8,ПК291,292,Дельта,291,,,15766.1,-1838.0,1,
800293,8,ПК292,293,Дельта,292,,,15766.2,-1848.0,0,
800294,8,ПК293,294,Дельта,293,,,15766.4,-1858.0,0,
800295,8,ПК294,295,Дельта,294,,,15766.6,-1868.0,2,
800296,8,ПК295,296,Дельта,295,,,15766.8,-1878.0,1,
800297,8,ПК296,297,Дельта,296,,,15767.0,-1888.0,10,
800298,8,ПК297,298,Дельта,297,,,15767.2,-1898.0,2,
800299,8,ПК298,299,Дельта,298,,,15767.4,-1908.0,1,
800300,8,ПК299,300,Дельта,299,,,15767.7,-1918.0,2,
800301,8,ПК300,301,Дельта,300,,,15767.9,-1928.0,0,
800302,8,ПК301,302,Дельта,301,,,15768.2,-1938.0,0,
800303,8,ПК302,303,Дельта,302,,,15768.6,-1947.9,1,
800304,8,ПК303,304,Дельта,303,,,15769.0,-1957.9,0,
800305,8,ПК304,305,Дельта,304,,,15769.3,-1967.9,1,
800306,8,ПК305,306,Дельта,305,,,15769.6,-1977.9,56,
800307,8,ПК306,307,Дельта,306,,,15769.9,-1987.9,0,
800308,8,ПК307,308,Дельта,307,,,15770.1,-1997.9,6,
800309,8,ПК308,309,Дельта,308,,,15770.2,-2007.9,1,
800310,8,ПК309,310,Дельта,309,,,15770.2,-2017.9,0,
800311,8,ПК310,311,Дельта,310,,,15770.1,-2027.9,1,
800312,8,ПК311,312,Дельта,311,,,15770.0,-2037.9,0,
800313,8,ПК312,313,Дельта,312,,,15769.8,-2047.9,0,
800314,8,ПК313,314,Дельта,313,,,15769.4,-2057.9,1,
800315,8,ПК314,315,Дельта,314,,,15769.0,-2067.9,0,
800316,8,ПК315,316,Дельта,315,,,15768.4,-2077.9,0,
800317,8,ПК316,317,Дельта,316,,,15767.7,-2087.9,1,
800318,8,ПК317,318,Дельта,317,,,15766.8,-2097.8,2,
800319,8,ПК318,319,Дельта,318,,,15765.6,-2107.8,0,
800320,8,ПК319,320,Дельта,319,,,15764.3,-2117.7,0,
800321,8,ПК320,321,Дельта,320,,,15762.8,-2127.6,0,
800322,8,ПК321,322,Дельта,321,,,15761.2,-2137.4,0,
800323,8,ПК322,323,Дельта,322,,,15759.4,-2147.3,1,
800324,8,ПК323,324,Дельта,323,,,15757.5,-2157.1,0,
800325,8,ПК324,325,Дельта,324,,,15755.6,-2166.9,1,
800326,8,ПК325,326,Дельта,325,,,15753.5,-2176.7,0,
800327,8,ПК326,327,Дельта,326,,,15751.5,-2186.5,12,
800328,8,ПК327,328,Дельта,327,,,15749.4,-2196.2,1,
800329,8,ПК328,329,Дельта,328,,,15747.2,-2206.0,0,
800330,8,ПК329,330,Дельта,329,,,15745.0,-2215.8,0,
800331,8,ПК330,331,Дельта,330,,,15742.8,-2225.5,0,
800332,8,ПК331,332,Дельта,331,,,15740.5,-2235.3,2,
800333,8,ПК332,333,Дельта,332,,,15738.3,-2245.0,0,
800334,8,ПК333,334,Дельта,333,,,15736.0,-2254.7,1,
800335,8,ПК334,335,Дельта,334,,,15733.7,-2264.5,0,
800336,8,ПК335,336,Дельта,335,,,15731.4,-2274.2,1,
800337,8,ПК336,337,Дельта,336,,,15728.9,-2283.9,2,
800338,8,ПК337,338,Дельта,337,,,15726.5,-2293.6,0,
800339,8,ПК338,339,Дельта,338,,,15723.9,-2303.3,0,
800340,8,ПК339,340,Дельта,339,,,15721.4,-2312.9,0,
800341,8,ПК340,341,Дельта,340,,,15719.0,-2322.6,1,
800342,8,ПК341,342,Дельта,341,,,15716.5,-2332.3,0,
800343,8,ПК342,343,Дельта,342,,,15714.2,-2342.0,1,
800344,8,ПК343,344,Дельта,343,,,15711.9,-2351.8,0,
800345,8,ПК344,345,Дельта,344,,,15709.6,-2361.5,0,
800346,8,ПК345,346,Дельта,345,,,15707.1,-2371.2,1,
800347,8,ПК346,347,Дельта,346,,,15704.6,-2380.9,0,
800348,8,ПК347,348,Дельта,347,,,15702.1,-2390.5,2,
800349,8,ПК348,349,Дельта,348,,,15699.4,-2400.2,0,
800350,8,ПК349,350,Дельта,349,,,15696.6,-2409.8,0,
800351,8,ПК350,351,Дельта,350,,,15693.7,-2419.4,0,
800352,8,ПК351,352,Дельта,351,,,15690.9,-2428.9,2,
800353,8,ПК352,353,Дельта,352,,,15687.9,-2438.5,0,
800354,8,ПК353,354,Дельта,353,,,15684.9,-2448.0,1,
800355,8,ПК354,355,Дельта,354,,,15681.9,-2457.6,0,
800356,8,ПК355,356,Дельта,355,,,15678.8,-2467.1,0,
800357,8,ПК356,357,Дельта,356,,,15675.8,-2476.6,0,
800358,8,ПК357,358,Дельта,357,,,15672.9,-2486.2,0,
800359,8,ПК358,359,Дельта,358,,,15669.9,-2495.7,8,
800360,8,ПК359,360,Дельта,359,,,15666.9,-2505.3,2,
800361,8,ПК360,361,Дельта,360,,,15663.9,-2514.8,0,
800362,8,ПК361,362,Дельта,361,,,15661.0,-2524.4,0,
800363,8,ПК362,363,Дельта,362,,,15658.0,-2533.9,1,
800364,8,ПК363,364,Дельта,363,,,15655.1,-2543.5,0,
800365,8,ПК364,365,Дельта,364,,,15652.1,-2553.0,0,
800366,8,ПК365,366,Дельта,365,,,15649.2,-2562.6,1,
800367,8,ПК366,367,Дельта,366,,,15646.2,-2572.1,0,
800368,8,ПК367,368,Дельта,367,,,15643.2,-2581.7,1,
800369,8,ПК368,369,Дельта,368,,,15640.2,-2591.2,2,
800370,8,ПК369,370,Дельта,369,,,15637.1,-2600.7,0,
800371,8,ПК370,371,Дельта,370,,,15633.9,-2610.2,0,
800372,8,ПК371,372,Дельта,371,,,15630.6,-2619.6,0,
800373,8,ПК372,373,Дельта,372,,,15627.2,-2629.1,1,
800374,8,ПК373,374,Дельта,373,,,15623.8,-2638.5,0,
800375,8,ПК374,375,Дельта,374,,,15620.5,-2647.9,0,
800376,8,ПК375,376,Дельта,375,,,15617.1,-2657.3,1,
800377,8,ПК376,377,Дельта,376,,,15613.8,-2666.7,0,
800378,8,ПК377,378,Дельта,377,,,15610.4,-2676.1,0,
800379,8,ПК378,379,Дельта,378,,,15607.0,-2685.5,2,
800380,8,ПК379,380,Дельта,379,,,15603.6,-2694.9,0,
800381,8,ПК380,381,Дельта,380,,,15600.2,-2704.4,0,
800382,8,ПК381,382,Дельта,381,,,15596.8,-2713.8,0,
800383,8,ПК382,383,Дельта,382,,,15593.4,-2723.2,0,
800384,8,ПК383,384,Дельта,383,,,15590.1,-2732.6,1,
800385,8,ПК384,385,Дельта,384,,,15586.7,-2742.0,0,
800386,8,ПК385,386,Дельта,385,,,15583.4,-2751.4,32,
800387,8,ПК386,387,Дельта,386,,,15579.9,-2760.8,2,
800388,8,ПК387,388,Дельта,387,,,15576.4,-2770.2,6,
800389,8,ПК388,389,Дельта,388,,,15572.8,-2779.5,0,
800390,8,ПК389,390,Дельта,389,,,15569.0,-2788.7,0,
800391,8,ПК390,391,Дельта,390,,,15565.0,-2797.9,0,
800392,8,ПК391,392,Дельта,391,,,15560.8,-2807.0,0,
800393,8,ПК392,393,Дельта,392,,,15556.5,-2816.0,1,
800394,8,ПК393,394,Дельта,393,,,15551.9,-2824.9,0,
800395,8,ПК394,395,Дельта,394,,,15547.1,-2833.7,1,
800396,8,ПК395,396,Дельта,395,,,15542.2,-2842.4,0,
800397,8,ПК396,397,Дельта,396,,,15537.2,-2851.1,3,
800398,8,ПК397,398,Дельта,397,,,15532.1,-2859.6,1,
800399,8,ПК398,399,Дельта,398,,,15526.9,-2868.2,0,
800400,8,ПК399,400,Дельта,399,,,15521.8,-2876.8,0,
800401,8,ПК400,401,Дельта,400,,,15516.6,-2885.4,0,
800402,8,ПК401,402,Дельта,401,,,15511.5,-2893.9,1,
800403,8,ПК402,403,Дельта,402,,,15506.4,-2902.5,1,
800404,8,ПК403,404,Дельта,403,,,15501.4,-2911.2,0,
800405,8,ПК404,405,Дельта,404,,,15496.4,-2919.9,0,
800406,8,ПК405,406,Дельта,405,,,15491.4,-2928.6,3,
800407,8,ПК406,407,Дельта,406,,,15486.6,-2937.3,0,
800408,8,ПК407,408,Дельта,407,,,15481.9,-2946.1,0,
800409,8,ПК408,409,Дельта,408,,,15477.4,-2955.0,0,
800410,8,ПК409,410,Дельта,409,,,15473.0,-2964.0,1,
800411,8,ПК410,411,Дельта,410,,,15468.8,-2973.1,0,
800412,8,ПК411,412,Дельта,411,,,15464.7,-2982.2,0,
800413,8,ПК412,413,Дельта,412,,,15460.8,-2991.4,0,
800414,8,ПК413,414,Дельта,413,,,15457.0,-3000.7,2,
800415,8,ПК414,415,Дельта,414,,,15453.5,-3010.1,6,
800416,8,ПК415,416,Дельта,415,,,15450.2,-3019.5,3,
800417,8,ПК416,417,Дельта,416,,,15447.0,-3029.0,0,
800418,8,ПК417,418,Дельта,417,,,15444.0,-3038.5,0,
800419,8,ПК418,419,Дельта,418,,,15441.3,-3048.1,1,
800420,8,ПК419,420,Дельта,419,,,15438.8,-3057.8,0,
800421,8,ПК420,421,Дельта,420,,,15436.5,-3067.6,0,
800422,8,ПК421,422,Дельта,421,,,15434.5,-3077.4,1,
800423,8,ПК422,423,Дельта,422,,,15432.6,-3087.2,0,
800424,8,ПК423,424,Дельта,423,,,15430.9,-3097.0,0,
800425,8,ПК424,425,Дельта,424,,,15429.3,-3106.9,2,
800426,8,ПК425,426,Дельта,425,,,15427.9,-3116.8,1,
800427,8,ПК426,427,Дельта,426,,,15426.6,-3126.7,0,
800428,8,ПК427,428,Дельта,427,,,15425.4,-3136.7,1,
800429,8,ПК428,429,Дельта,428,,,15424.4,-3146.6,1,
800430,8,ПК429,430,Дельта,429,,,15423.7,-3156.6,0,
800431,8,ПК430,431,Дельта,430,,,15423.2,-3166.6,1,
800432,8,ПК431,432,Дельта,431,,,15422.9,-3176.6,0,
800433,8,ПК432,433,Дельта,432,,,15422.8,-3186.6,0,
800434,8,ПК433,434,Дельта,433,,,15422.9,-3196.6,1,
800435,8,ПК434,435,Дельта,434,,,15423.3,-3206.5,2,
800436,8,ПК435,436,Дельта,435,,,15423.9,-3216.5,0,
800437,8,ПК436,437,Дельта,436,,,15424.7,-3226.5,0,
800438,8,ПК437,438,Дельта,437,,,15425.8,-3236.4,1,
800439,8,ПК438,439,Дельта,438,,,15427.2,-3246.3,0,
800440,8,ПК439,440,Дельта,439,,,15428.7,-3256.2,0,
800441,8,ПК440,441,Дельта,440,,,15430.5,-3266.1,2,
800442,8,ПК441,442,Дельта,441,,,15432.3,-3275.9,14,
800443,8,ПК442,443,Дельта,442,,,15434.4,-3285.7,1,
800444,8,ПК443,444,Дельта,443,,,15436.5,-3295.5,0,
800445,8,ПК444,445,Дельта,444,,,15438.7,-3305.2,1,
800446,8,ПК445,446,Дельта,445,,,15441.1,-3314.9,0,
800447,8,ПК446,447,Дельта,446,,,15443.6,-3324.6,0,
800448,8,ПК447,448,Дельта,447,,,15446.4,-3334.2,1,
800449,8,ПК448,449,Дельта,448,,,15449.3,-3343.8,0,
800450,8,ПК449,450,Дельта,449,,,15452.4,-3353.3,1,
800451,8,ПК450,451,Дельта,450,,,15455.6,-3362.7,1,
800452,8,ПК451,452,Дельта,451,,,15459.1,-3372.1,0,
800453,8,ПК452,453,Дельта,452,,,15462.7,-3381.5,1,
800454,8,ПК453,454,Дельта,453,,,15466.4,-3390.7,2,
800455,8,ПК454,455,Дельта,454,,,15470.4,-3399.9,0,
800456,8,ПК455,456,Дельта,455,,,15474.6,-3409.0,0,
800457,8,ПК456,457,Дельта,456,,,15478.9,-3418.0,1,
800458,8,ПК457,458,Дельта,457,,,15483.5,-3426.9,0,
800459,8,ПК458,459,Дельта,458,,,15488.4,-3435.6,0,
800460,8,ПК459,460,Дельта,459,,,15493.4,-3444.3,1,
800461,8,ПК460,461,Дельта,460,,,15498.7,-3452.8,0,
800462,8,ПК461,462,Дельта,461,,,15504.1,-3461.2,0,
800463,8,ПК462,463,Дельта,462,,,15509.8,-3469.4,0,
800464,8,ПК463,464,Дельта,463,,,15515.6,-3477.5,1,
800465,8,ПК464,465,Дельта,464,,,15521.6,-3485.5,3,
800466,8,ПК465,466,Дельта,465,,,15527.7,-3493.5,1,
800467,8,ПК466,467,Дельта,466,,,15533.9,-3501.3,4,
800468,8,ПК467,468,Дельта,467,,,15540.2,-3509.1,4,
800469,8,ПК468,469,Дельта,468,,,15546.5,-3516.8,0,
800470,8,ПК469,470,Дельта,469,,,15552.9,-3524.5,1,
800471,8,ПК470,471,Дельта,470,,,15559.4,-3532.2,0,
800472,8,ПК471,472,Дельта,471,,,15565.8,-3539.8,0,
800473,8,ПК472,473,Дельта,472,,,15572.3,-3547.4,1,
800474,8,ПК473,474,Дельта,473,,,15578.8,-3555.0,1,
800475,8,ПК474,475,Дельта,474,,,15585.4,-3562.5,2,
800476,8,ПК475,476,Дельта,475,,,15592.1,-3570.0,3,
800477,8,ПК476,477,Дельта,476,,,15598.8,-3577.4,23,
800478,8,ПК477,478,Дельта,477,,,15605.5,-3584.8,1,
800479,8,ПК478,479,Дельта,478,,,15612.2,-3592.2,0,
800480,8,ПК479,480,Дельта,479,,,15619.0,-3599.5,1,
800481,8,ПК480,481,Дельта,480,,,15625.8,-3606.9,0,
800482,8,ПК481,482,Дельта,481,,,15632.6,-3614.2,0,
800483,8,ПК482,483,Дельта,482,,,15639.4,-3621.5,1,
800484,8,ПК483,484,Дельта,483,,,15646.3,-3628.8,0,
800485,8,ПК484,485,Дельта,484,,,15653.3,-3635.9,1,
800486,8,ПК485,486,Дельта,485,,,15660.5,-3642.9,0,
800487,8,ПК486,487,Дельта,486,,,15667.7,-3649.8,0,
800488,8,ПК487,488,Дельта,487,,,15675.1,-3656.6,0,
800489,8,ПК488,489,Дельта,488,,,15682.5,-3663.3,2,
800490,8,ПК489,490,Дельта,489,,,15689.9,-3669.9,0,
800491,8,ПК490,491,Дельта,490,,,15697.5,-3676.5,1,
800492,8,ПК491,492,Дельта,491,,,15705.0,-3683.0,0,
800493,8,ПК492,493,Дельта,492,,,15712.7,-3689.5,0,
800494,8,ПК493,494,Дельта,493,,,15720.3,-3695.9,1,
800495,8,ПК494,495,Дельта,494,,,15728.0,-3702.3,0,
800496,8,ПК495,496,Дельта,495,,,15735.8,-3708.6,0,
800497,8,ПК496,497,Дельта,496,,,15743.7,-3714.8,0,
800498,8,ПК497,498,Дельта,497,,,15751.6,-3720.9,1,
800499,8,ПК498,499,Дельта,498,,,15759.6,-3726.9,14,
800500,8,ПК499,500,Дельта,499,,,15767.6,-3732.9,0,
800501,8,ПК500,501,Дельта,500,,,15775.6,-3738.9,2,
800502,8,ПК501,502,Дельта,501,,,15783.7,-3744.8,0,
800503,8,ПК502,503,Дельта,502,,,15791.7,-3750.7,0,
800504,8,ПК503,504,Дельта,503,,,15799.8,-3756.6,1,
800505,8,ПК504,505,Дельта,504,,,15807.9,-3762.4,0,
800506,8,ПК505,506,Дельта,505,,,15816.0,-3768.3,0,
800507,8,ПК506,507,Дельта,506,,,15824.1,-3774.2,1,
800508,8,ПК507,508,Дельта,507,,,15832.2,-3780.1,0,
800509,8,ПК508,509,Дельта,508,,,15840.2,-3786.1,0,
800510,8,ПК509,510,Дельта,509,,,15848.1,-3792.2,2,
800511,8,ПК510,511,Дельта,510,,,15855.9,-3798.4,0,
800512,8,ПК511,512,Дельта,511,,,15863.7,-3804.7,0,
800513,8,ПК512,513,Дельта,512,,,15871.4,-3811.1,2,
800514,8,ПК513,514,Дельта,513,,,15879.0,-3817.6,0,
800515,8,ПК514,515,Дельта,514,,,15886.5,-3824.2,2,
800516,8,ПК515,516,Дельта,515,,,15893.9,-3830.9,3,
800517,8,ПК516,517,Дельта,516,,,15901.2,-3837.7,0,
800518,8,ПК517,518,Дельта,517,,,15908.5,-3844.6,1,
800519,8,ПК518,519,Дельта,518,,,15915.6,-3851.7,1,
800520,8,ПК519,520,Дельта,519,,,15922.6,-3858.8,3,
800521,8,ПК396 Г3 ПК0,521,Дельта,0,Г3,396,15537.2,-2851.1,5,
800522,8,ПК396 Г3 ПК1,522,Дельта,1,Г3,396,15546.1,-2855.5,3,
800523,8,ПК396 Г3 ПК2,523,Дельта,2,Г3,396,15555.1,-2860.0,2,
900001,9,ПК1,1,Вита,1,,,0.0,-8754.8,1,
900002,9,ПК2,2,Вита,2,,,2.8,-8745.2,0,
900003,9,ПК3,3,Вита,3,,,5.6,-8735.6,0,
900004,9,ПК4,4,Вита,4,,,8.6,-8726.0,0,
900005,9,ПК5,5,Вита,5,,,11.5,-8716.5,0,
900006,9,ПК6,6,Вита,6,,,14.5,-8706.9,0,
900007,9,ПК7,7,Вита,7,,,17.6,-8697.4,0,
900008,9,ПК8,8,Вита,8,,,20.7,-8687.9,0,
900009,9,ПК9,9,Вита,9,,,23.8,-8678.4,0,
900010,9,ПК10,10,Вита,10,,,27.0,-8668.9,0,
900011,9,ПК11,11,Вита,11,,,30.1,-8659.5,0,
900012,9,ПК12,12,Вита,12,,,33.4,-8650.0,0,
900013,9,ПК13,13,Вита,13,,,36.8,-8640.6,0,
900014,9,ПК14,14,Вита,14,,,40.3,-8631.2,0,
900015,9,ПК15,15,Вита,15,,,43.9,-8621.9,0,
900016,9,ПК16,16,Вита,16,,,47.5,-8612.6,0,
900017,9,ПК17,17,Вита,17,,,51.2,-8603.3,0,
900018,9,ПК18,18,Вита,18,,,54.9,-8594.0,0,
900019,9,ПК19,19,Вита,19,,,58.8,-8584.8,0,
900020,9,ПК20,20,Вита,20,,,62.8,-8575.6,0,
900021,9,ПК21,21,Вита,21,,,66.9,-8566.5,0,
900022,9,ПК22,22,Вита,22,,,71.0,-8557.4,0,
900023,9,ПК23,23,Вита,23,,,75.3,-8548.3,0,
900024,9,ПК24,24,Вита,24,,,79.6,-8539.3,15,
900025,9,ПК25,25,Вита,25,,,84.2,-8530.4,1,
900026,9,ПК26,26,Вита,26,,,88.9,-8521.6,0,
900027,9,ПК27,27,Вита,27,,,93.8,-8512.9,0,
900028,9,ПК28,28,Вита,28,,,99.0,-8504.4,0,
900029,9,ПК29,29,Вита,29,,,104.4,-8495.9,0,
900030,9,ПК30,30,Вита,30,,,109.9,-8487.6,0,
900031,9,ПК31,31,Вита,31,,,115.7,-8479.4,0,
900032,9,ПК32,32,Вита,32,,,121.7,-8471.4,0,
900033,9,ПК33,33,Вита,33,,,127.8,-8463.5,0,
900034,9,ПК34,34,Вита,34,,,134.1,-8455.7,0,
900035,9,ПК35,35,Вита,35,,,140.5,-8448.1,0,
900036,9,ПК36,36,Вита,36,,,147.0,-8440.5,0,
900037,9,ПК37,37,Вита,37,,,153.7,-8433.0,0,
900038,9,ПК38,38,Вита,38,,,160.5,-8425.7,0,
900039,9,ПК39,39,Вита,39,,,167.4,-8418.5,0,
900040,9,ПК40,40,Вита,40,,,174.5,-8411.4,0,
900041,9,ПК41,41,Вита,41,,,181.8,-8404.5,0,
900042,9,ПК42,42,Вита,42,,,189.1,-8397.7,0,
900043,9,ПК43,43,Вита,43,,,196.4,-8391.0,0,
900044,9,ПК44,44,Вита,44,,,203.9,-8384.4,0,
900045,9,ПК45,45,Вита,45,,,211.5,-8377.8,0,
900046,9,ПК46,46,Вита,46,,,219.1,-8371.3,0,
900047,9,ПК47,47,Вита,47,,,226.8,-8364.9,0,
900048,9,ПК48,48,Вита,48,,,234.4,-8358.5,0,
900049,9,ПК49,49,Вита,49,,,242.1,-8352.1,0,
900050,9,ПК50,50,Вита,50,,,249.9,-8345.8,0,
900051,9,ПК51,51,Вита,51,,,257.7,-8339.5,1,
900052,9,ПК52,52,Вита,52,,,265.5,-8333.3,0,
900053,9,ПК53,53,Вита,53,,,273.5,-8327.2,0,
900054,9,ПК54,54,Вита,54,,,281.5,-8321.3,0,
900055,9,ПК55,55,Вита,55,,,289.7,-8315.5,0,
900056,9,ПК56,56,Вита,56,,,297.9,-8309.8,0,
900057,9,ПК57,57,Вита,57,,,306.2,-8304.2,0,
900058,9,ПК58,58,Вита,58,,,314.5,-8298.7,0,
900059,9,ПК59,59,Вита,59,,,322.9,-8293.3,0,
900060,9,ПК60,60,Вита,60,,,331.3,-8287.9,0,
900061,9,ПК61,61,Вита,61,,,339.8,-8282.5,0,
900062,9,ПК62,62,Вита,62,,,348.2,-8277.1,0,
900063,9,ПК63,63,Вита,63,,,356.7,-8271.8,0,
900064,9,ПК64,64,Вита,64,,,365.2,-8266.6,3,
900065,9,ПК65,65,Вита,65,,,373.8,-8261.4,0,
900066,9,ПК66,66,Вита,66,,,382.3,-8256.2,0,
900067,9,ПК67,67,Вита,67,,,390.9,-8251.1,0,
900068,9,ПК68,68,Вита,68,,,399.5,-8246.0,0,
900069,9,ПК69,69,Вита,69,,,408.1,-8240.9,0,
900070,9,ПК70,70,Вита,70,,,416.7,-8235.8,0,
900071,9,ПК71,71,Вита,71,,,425.4,-8230.9,0,
900072,9,ПК72,72,Вита,72,,,434.2,-8226.0,0,
900073,9,ПК73,73,Вита,73,,,443.0,-8221.3,0,
900074,9,ПК74,74,Вита,74,,,451.9,-8216.7,0,
900075,9,ПК75,75,Вита,75,,,460.8,-8212.3,0,
900076,9,ПК76,76,Вита,76,,,469.9,-8208.1,0,
900077,9,ПК77,77,Вита,77,,,479.0,-8204.0,0,
900078,9,ПК78,78,Вита,78,,,488.2,-8200.0,0,
900079,9,ПК79,79,Вита,79,,,497.5,-8196.3,0,
900080,9,ПК80,80,Вита,80,,,506.8,-8192.6,5,
900081,9,ПК81,81,Вита,81,,,516.2,-8189.2,0,
900082,9,ПК82,82,Вита,82,,,525.6,-8185.9,0,
900083,9,ПК83,83,Вита,83,,,535.1,-8182.7,0,
900084,9,ПК84,84,Вита,84,,,544.7,-8179.8,0,
900085,9,ПК85,85,Вита,85,,,554.3,-8177.0,0,
900086,9,ПК86,86,Вита,86,,,563.9,-8174.4,0,
900087,9,ПК87,87,Вита,87,,,573.6,-8171.9,0,
900088,9,ПК88,88,Вита,88,,,583.3,-8169.5,0,
900089,9,ПК89,89,Вита,89,,,593.0,-8167.2,0,
900090,9,ПК90,90,Вита,90,,,602.8,-8165.1,0,
900091,9,ПК91,91,Вита,91,,,612.6,-8163.1,0,
900092,9,ПК92,92,Вита,92,,,622.4,-8161.2,0,
900093,9,ПК93,93,Вита,93,,,632.3,-8159.5,0,
900094,9,ПК94,94,Вита,94,,,642.2,-8157.9,0,
900095,9,ПК95,95,Вита,95,,,652.0,-8156.4,0,
900096,9,ПК96,96,Вита,96,,,662.0,-8155.1,0,
900097,9,ПК97,97,Вита,97,,,671.9,-8153.9,0,
900098,9,ПК98,98,Вита,98,,,681.8,-8152.8,0,
900099,9,ПК99,99,Вита,99,,,691.8,-8151.9,0,
900100,9,ПК100,100,Вита,100,,,701.7,-8151.0,0,
900101,9,ПК101,101,Вита,101,,,711.7,-8150.3,0,
900102,9,ПК102,102,Вита,102,,,721.7,-8149.7,0,
900103,9,ПК103,103,Вита,103,,,731.7,-8149.1,0,
900104,9,ПК104,104,Вита,104,,,741.7,-8148.6,0,
900105,9,ПК105,105,Вита,105,,,751.7,-8148.2,0,
900106,9,ПК106,106,Вита,106,,,761.7,-8147.8,0,
900107,9,ПК107,107,Вита,107,,,771.6,-8147.3,2,
900108,9,ПК108,108,Вита,108,,,781.6,-8147.0,0,
900109,9,ПК109,109,Вита,109,,,791.6,-8146.6,0,
900110,9,ПК110,110,Вита,110,,,801.6,-8146.4,0,
900111,9,ПК111,111,Вита,111,,,811.6,-8146.3,0,
900112,9,ПК112,112,Вита,112,,,821.6,-8146.2,0,
900113,9,ПК113,113,Вита,113,,,831.6,-8146.2,0,
900114,9,ПК114,114,Вита,114,,,841.6,-8146.2,0,
900115,9,ПК115,115,Вита,115,,,851.6,-8146.2,0,
900116,9,ПК116,116,Вита,116,,,861.6,-8146.3,0,
900117,9,ПК117,117,Вита,117,,,871.6,-8146.4,0,
900118,9,ПК118,118,Вита,118,,,881.6,-8146.6,0,
900119,9,ПК119,119,Вита,119,,,891.6,-8146.8,0,
900120,9,ПК120,120,Вита,120,,,901.6,-8147.0,0,
900121,9,ПК121,121,Вита,121,,,911.6,-8147.1,0,
900122,9,ПК122,122,Вита,122,,,921.6,-8147.1,0,
900123,9,ПК123,123,Вита,123,,,931.6,-8147.1,0,
900124,9,ПК124,124,Вита,124,,,941.6,-8146.9,0,
900125,9,ПК125,125,Вита,125,,,951.6,-8146.7,0,
900126,9,ПК126,126,Вита,126,,,961.6,-8146.3,0,
900127,9,ПК127,127,Вита,127,,,971.6,-8145.8,0,
900128,9,ПК128,128,Вита,128,,,981.6,-8145.3,0,
900129,9,ПК129,129,Вита,129,,,991.6,-8144.7,0,
900130,9,ПК130,130,Вита,130,,,1001.6,-8144.1,0,
900131,9,ПК131,131,Вита,131,,,1011.5,-8143.6,0,
900132,9,ПК132,132,Вита,132,,,1021.5,-8143.0,0,
900133,9,ПК133,133,Вита,133,,,1031.5,-8142.5,0,
900134,9,ПК134,134,Вита,134,,,1041.5,-8142.1,0,
900135,9,ПК135,135,Вита,135,,,1051.5,-8141.7,0,
900136,9,ПК136,136,Вита,136,,,1061.5,-8141.5,0,
900137,9,ПК137,137,Вита,137,,,1071.5,-8141.3,0,
900138,9,ПК138,138,Вита,138,,,1081.5,-8141.2,0,
900139,9,ПК139,139,Вита,139,,,1091.5,-8141.1,0,
900140,9,ПК140,140,Вита,140,,,1101.5,-8141.1,0,
900141,9,ПК141,141,Вита,141,,,1111.5,-8141.1,0,
900142,9,ПК142,142,Вита,142,,,1121.5,-8141.1,0,
900143,9,ПК143,143,Вита,143,,,1131.5,-8141.2,0,
900144,9,ПК144,144,Вита,144,,,1141.5,-8141.3,0,
900145,9,ПК145,145,Вита,145,,,1151.5,-8141.3,0,
900146,9,ПК146,146,Вита,146,,,1161.5,-8141.4,0,
900147,9,ПК147,147,Вита,147,,,1171.5,-8141.5,0,
900148,9,ПК148,148,Вита,148,,,1181.5,-8141.5,0,
900149,9,ПК149,149,Вита,149,,,1191.5,-8141.5,0,
900150,9,ПК150,150,Вита,150,,,1201.5,-8141.5,0,
900151,9,ПК151,151,Вита,151,,,1211.5,-8141.5,0,
900152,9,ПК152,152,Вита,152,,,1221.5,-8141.3,0,
900153,9,ПК153,153,Вита,153,,,1231.5,-8141.1,0,
900154,9,ПК154,154,Вита,154,,,1241.5,-8140.6,0,
900155,9,ПК155,155,Вита,155,,,1251.5,-8140.1,0,
900156,9,ПК156,156,Вита,156,,,1261.4,-8139.3,0,
900157,9,ПК157,157,Вита,157,,,1271.4,-8138.5,0,
900158,9,ПК158,158,Вита,158,,,1281.4,-8137.6,0,
900159,9,ПК159,159,Вита,159,,,1291.3,-8136.5,0,
900160,9,ПК160,160,Вита,160,,,1301.2,-8135.3,0,
900161,9,ПК161,161,Вита,161,,,1311.1,-8134.1,0,
900162,9,ПК162,162,Вита,162,,,1321.0,-8132.6,0,
900163,9,ПК163,163,Вита,163,,,1330.9,-8131.1,0,
900164,9,ПК164,164,Вита,164,,,1340.8,-8129.3,0,
900165,9,ПК165,165,Вита,165,,,1350.6,-8127.4,0,
900166,9,ПК166,166,Вита,166,,,1360.4,-8125.4,0,
900167,9,ПК167,167,Вита,167,,,1370.1,-8123.1,0,
900168,9,ПК168,168,Вита,168,,,1379.8,-8120.6,0,
900169,9,ПК169,169,Вита,169,,,1389.4,-8118.0,2,сопряжение с место 18
900170,9,ПК170,170,Вита,170,,,1399.1,-8115.3,1,
900171,9,ПК171,171,Вита,171,,,1408.7,-8112.5,0,
900172,9,ПК172,172,Вита,172,,,1418.3,-8109.7,0,
900173,9,ПК173,173,Вита,173,,,1427.8,-8106.8,0,
900174,9,ПК174,174,Вита,174,,,1437.4,-8103.8,0,
900175,9,ПК175,175,Вита,175,,,1446.9,-8100.7,5,
900176,9,ПК176,176,Вита,176,,,1456.4,-8097.6,0,
900177,9,ПК177,177,Вита,177,,,1465.8,-8094.3,7,
900178,9,ПК178,178,Вита,178,,,1475.2,-8090.9,0,
900179,9,ПК179,179,Вита,179,,,1484.6,-8087.5,0,
900180,9,ПК180,180,Вита,180,,,1494.0,-8084.0,0,
900181,9,ПК181,181,Вита,181,,,1503.4,-8080.5,0,
900182,9,ПК182,182,Вита,182,,,1512.8,-8077.0,0,
900183,9,ПК183,183,Вита,183,,,1522.1,-8073.6,0,
900184,9,ПК184,184,Вита,184,,,1531.5,-8070.1,0,
900185,9,ПК185,185,Вита,185,,,1540.9,-8066.6,0,
900186,9,ПК186,186,Вита,186,,,1550.2,-8063.0,2,
900187,9,ПК187,187,Вита,187,,,1559.6,-8059.5,0,
900188,9,ПК188,188,Вита,188,,,1568.9,-8055.9,0,
900189,9,ПК189,189,Вита,189,,,1578.3,-8052.4,0,
900190,9,ПК190,190,Вита,190,,,1587.6,-8048.9,0,
900191,9,ПК191,191,Вита,191,,,1596.9,-8045.2,0,
900192,9,ПК192,192,Вита,192,,,1606.2,-8041.4,12,
900193,9,ПК193,193,Вита,193,,,1615.4,-8037.6,0,
900194,9,ПК194,194,Вита,194,,,1624.6,-8033.7,0,
900195,9,ПК195,195,Вита,195,,,1633.8,-8029.7,0,
900196,9,ПК196,196,Вита,196,,,1642.9,-8025.6,0,
900197,9,ПК197,197,Вита,197,,,1652.0,-8021.5,0,
900198,9,ПК198,198,Вита,198,,,1661.1,-8017.2,0,
900199,9,ПК199,199,Вита,199,,,1670.1,-8012.8,0,
900200,9,ПК200,200,Вита,200,,,1679.0,-8008.3,0,
900201,9,ПК201,201,Вита,201,,,1687.9,-8003.7,0,
900202,9,ПК202,202,Вита,202,,,1696.8,-7999.1,0,
900203,9,ПК203,203,Вита,203,,,1705.6,-7994.5,0,
900204,9,ПК204,204,Вита,204,,,1714.5,-7989.8,0,
900205,9,ПК205,205,Вита,205,,,1723.3,-7985.1,0,
900206,9,ПК206,206,Вита,206,,,1732.1,-7980.3,0,
900207,9,ПК207,207,Вита,207,,,1740.9,-7975.5,0,
900208,9,ПК208,208,Вита,208,,,1749.6,-7970.7,0,
900209,9,ПК209,209,Вита,209,,,1758.4,-7965.9,0,
900210,9,ПК210,210,Вита,210,,,1767.2,-7961.2,0,
900211,9,ПК211,211,Вита,211,,,1776.0,-7956.5,0,
900212,9,ПК212,212,Вита,212,,,1784.9,-7951.8,0,
900213,9,ПК213,213,Вита,213,,,1793.7,-7947.2,0,
900214,9,ПК214,214,Вита,214,,,1802.6,-7942.6,0,
900215,9,ПК215,215,Вита,215,,,1811.5,-7938.0,0,
900216,9,ПК216,216,Вита,216,,,1820.4,-7933.4,0,
900217,9,ПК217,217,Вита,217,,,1829.3,-7928.8,2,
900218,9,ПК218,218,Вита,218,,,1838.2,-7924.3,0,
900219,9,ПК219,219,Вита,219,,,1847.1,-7919.8,0,
900220,9,ПК220,220,Вита,220,,,1856.1,-7915.3,0,
900221,9,ПК221,221,Вита,221,,,1865.0,-7910.9,0,
900222,9,ПК222,222,Вита,222,,,1874.0,-7906.5,0,
900223,9,ПК223,223,Вита,223,,,1883.0,-7902.1,3,
900224,9,ПК224,224,Вита,224,,,1892.0,-7897.7,0,
900225,9,ПК225,225,Вита,225,,,1901.0,-7893.4,0,
900226,9,ПК226,226,Вита,226,,,1910.0,-7889.1,0,
900227,9,ПК227,227,Вита,227,,,1919.1,-7884.9,2,
900228,9,ПК228,228,Вита,228,,,1928.2,-7880.8,1,
900229,9,ПК229,229,Вита,229,,,1937.3,-7876.6,0,
900230,9,ПК230,230,Вита,230,,,1946.4,-7872.4,0,
900231,9,ПК231,231,Вита,231,,,1955.5,-7868.2,0,
900232,9,ПК232,232,Вита,232,,,1964.5,-7864.0,0,
900233,9,ПК233,233,Вита,233,,,1973.5,-7859.7,0,
900234,9,ПК234,234,Вита,234,,,1982.5,-7855.3,0,
900235,9,ПК235,235,Вита,235,,,1991.5,-7850.9,0,
900236,9,ПК236,236,Вита,236,,,2000.4,-7846.3,0,
900237,9,ПК237,237,Вита,237,,,2009.3,-7841.7,0,
900238,9,ПК238,238,Вита,238,,,2018.1,-7837.0,0,
900239,9,ПК239,239,Вита,239,,,2027.0,-7832.4,0,
900240,9,ПК240,240,Вита,240,,,2035.8,-7827.7,0,
900241,9,ПК241,241,Вита,241,,,2044.7,-7823.1,0,
900242,9,ПК242,242,Вита,242,,,2053.5,-7818.5,0,
900243,9,ПК243,243,Вита,243,,,2062.4,-7813.8,0,
900244,9,ПК244,244,Вита,244,,,2071.3,-7809.2,0,
900245,9,ПК245,245,Вита,245,,,2080.1,-7804.6,0,
900246,9,ПК246,246,Вита,246,,,2089.0,-7800.0,0,
900247,9,ПК247,247,Вита,247,,,2097.9,-7795.3,0,
900248,9,ПК248,248,Вита,248,,,2106.7,-7790.6,0,
900249,9,ПК249,249,Вита,249,,,2115.5,-7785.8,0,
900250,9,ПК250,250,Вита,250,,,2124.2,-7781.0,0,
900251,9,ПК251,251,Вита,251,,,2132.9,-7776.1,0,
900252,9,ПК252,252,Вита,252,,,2141.6,-7771.1,0,
900253,9,ПК253,253,Вита,253,,,2150.1,-7765.9,0,
900254,9,ПК254,254,Вита,254,,,2158.6,-7760.5,43,
900255,9,ПК255,255,Вита,255,,,2166.9,-7755.0,0,
900256,9,ПК256,256,Вита,256,,,2175.2,-7749.3,0,
900257,9,ПК257,257,Вита,257,,,2183.3,-7743.5,0,
900258,9,ПК258,258,Вита,258,,,2191.4,-7737.6,0,
900259,9,ПК259,259,Вита,259,,,2199.3,-7731.5,0,
900260,9,ПК260,260,Вита,260,,,2207.1,-7725.3,0,
900261,9,ПК261,261,Вита,261,,,2214.8,-7718.9,0,
900262,9,ПК262,262,Вита,262,,,2222.4,-7712.4,0,
900263,9,ПК263,263,Вита,263,,,2229.9,-7705.8,0,
900264,9,ПК264,264,Вита,264,,,2237.3,-7699.1,0,
900265,9,ПК265,265,Вита,265,,,2244.7,-7692.3,0,
900266,9,ПК266,266,Вита,266,,,2252.0,-7685.4,0,
900267,9,ПК267,267,Вита,267,,,2259.1,-7678.5,0,
900268,9,ПК268,268,Вита,268,,,2266.3,-7671.5,0,
900269,9,ПК269,269,Вита,269,,,2273.4,-7664.5,0,
900270,9,ПК270,270,Вита,270,,,2280.4,-7657.4,0,
900271,9,ПК271,271,Вита,271,,,2287.4,-7650.2,0,
900272,9,ПК272,272,Вита,272,,,2294.2,-7642.9,0,
900273,9,ПК273,273,Вита,273,,,2301.0,-7635.6,0,
900274,9,ПК274,274,Вита,274,,,2307.8,-7628.2,5,
900275,9,ПК275,275,Вита,275,,,2314.4,-7620.7,1,
900276,9,ПК276,276,Вита,276,,,2320.8,-7613.0,0,
900277,9,ПК277,277,Вита,277,,,2327.1,-7605.2,0,
900278,9,ПК278,278,Вита,278,,,2333.2,-7597.3,0,
900279,9,ПК279,279,Вита,279,,,2339.2,-7589.3,0,
900280,9,ПК280,280,Вита,280,,,2345.0,-7581.2,0,
900281,9,ПК281,281,Вита,281,,,2350.6,-7572.9,0,
900282,9,ПК282,282,Вита,282,,,2356.2,-7564.6,1,
900283,9,ПК283,283,Вита,283,,,2361.6,-7556.1,0,
900284,9,ПК284,284,Вита,284,,,2366.8,-7547.6,0,
900285,9,ПК285,285,Вита,285,,,2372.0,-7539.1,0,
900286,9,ПК286,286,Вита,286,,,2377.2,-7530.5,0,
900287,9,ПК287,287,Вита,287,,,2382.3,-7521.9,0,
900288,9,ПК288,288,Вита,288,,,2387.2,-7513.2,0,
900289,9,ПК289,289,Вита,289,,,2392.1,-7504.5,0,
900290,9,ПК290,290,Вита,290,,,2397.0,-7495.8,0,
900291,9,ПК291,291,Вита,291,,,2401.7,-7487.0,0,
900292,9,ПК292,292,Вита,292,,,2406.5,-7478.2,0,
900293,9,ПК293,293,Вита,293,,,2411.1,-7469.3,0,
900294,9,ПК294,294,Вита,294,,,2415.8,-7460.5,2,
900295,9,ПК295,295,Вита,295,,,2420.5,-7451.7,0,
900296,9,ПК296,296,Вита,296,,,2425.3,-7442.9,5,
900297,9,ПК297,297,Вита,297,,,2430.2,-7434.1,1,
900298,9,ПК298,298,Вита,298,,,2435.0,-7425.4,0,
900299,9,ПК299,299,Вита,299,,,2440.0,-7416.7,0,
900300,9,ПК300,300,Вита,300,,,2445.0,-7408.1,10,
900301,9,ПК301,301,Вита,301,,,2450.1,-7399.5,0,
900302,9,ПК302,302,Вита,302,,,2455.3,-7390.9,0,
900303,9,ПК303,303,Вита,303,,,2460.5,-7382.4,0,
900304,9,ПК304,304,Вита,304,,,2465.7,-7373.9,0,
900305,9,ПК305,305,Вита,305,,,2471.0,-7365.4,0,
900306,9,ПК306,306,Вита,306,,,2476.3,-7356.9,0,
900307,9,ПК307,307,Вита,307,,,2481.7,-7348.4,0,
900308,9,ПК308,308,Вита,308,,,2487.0,-7340.0,0,
900309,9,ПК309,309,Вита,309,,,2492.3,-7331.5,0,
900310,9,ПК310,310,Вита,310,,,2497.7,-7323.1,0,
900311,9,ПК311,311,Вита,311,,,2503.1,-7314.7,0,
900312,9,ПК312,312,Вита,312,,,2508.6,-7306.3,10,
900313,9,ПК313,313,Вита,313,,,2514.2,-7298.1,1,
900314,9,ПК314,314,Вита,314,,,2519.9,-7289.8,0,
900315,9,ПК315,315,Вита,315,,,2525.7,-7281.7,0,
900316,9,ПК316,316,Вита,316,,,2531.5,-7273.5,0,
900317,9,ПК317,317,Вита,317,,,2537.4,-7265.4,0,
900318,9,ПК318,318,Вита,318,,,2543.3,-7257.4,0,
900319,9,ПК319,319,Вита,319,,,2549.4,-7249.5,0,
900320,9,ПК320,320,Вита,320,,,2555.6,-7241.6,0,
900321,9,ПК321,321,Вита,321,,,2561.9,-7233.8,15,
900322,9,ПК322,322,Вита,322,,,2568.3,-7226.2,0,
900323,9,ПК323,323,Вита,323,,,2574.8,-7218.6,0,
900324,9,ПК324,324,Вита,324,,,2581.5,-7211.1,0,
900325,9,ПК325,325,Вита,325,,,2588.2,-7203.7,0,
900326,9,ПК326,326,Вита,326,,,2595.1,-7196.5,0,
900327,9,ПК327,327,Вита,327,,,2602.2,-7189.4,0,
900328,9,ПК328,328,Вита,328,,,2609.4,-7182.5,0,
900329,9,ПК329,329,Вита,329,,,2616.7,-7175.7,0,
900330,9,ПК330,330,Вита,330,,,2624.2,-7169.0,0,
900331,9,ПК331,331,Вита,331,,,2631.7,-7162.5,0,
900332,9,ПК332,332,Вита,332,,,2639.4,-7156.0,0,
900333,9,ПК333,333,Вита,333,,,2647.0,-7149.6,0,
900334,9,ПК334,334,Вита,334,,,2654.7,-7143.2,0,
900335,9,ПК335,335,Вита,335,,,2662.4,-7136.7,0,
900336,9,ПК336,336,Вита,336,,,2670.0,-7130.3,0,
900337,9,ПК337,337,Вита,337,,,2677.7,-7123.9,0,
900338,9,ПК338,338,Вита,338,,,2685.4,-7117.6,0,
900339,9,ПК339,339,Вита,339,,,2693.1,-7111.2,2,
900340,9,ПК340,340,Вита,340,,,2700.9,-7104.8,0,
900341,9,ПК341,341,Вита,341,,,2708.6,-7098.5,0,
900342,9,ПК342,342,Вита,342,,,2716.3,-7092.1,0,
900343,9,ПК343,343,Вита,343,,,2724.0,-7085.7,0,
900344,9,ПК344,344,Вита,344,,,2731.7,-7079.3,0,
900345,9,ПК345,345,Вита,345,,,2739.3,-7072.9,0,
900346,9,ПК346,346,Вита,346,,,2747.0,-7066.5,0,
900347,9,ПК347,347,Вита,347,,,2754.7,-7060.1,0,
900348,9,ПК348,348,Вита,348,,,2762.4,-7053.8,0,
900349,9,ПК349,349,Вита,349,,,2770.1,-7047.3,4,
900350,9,ПК350,350,Вита,350,,,2777.8,-7040.9,1,
900351,9,ПК351,351,Вита,351,,,2785.5,-7034.5,1,
900352,9,ПК352,352,Вита,352,,,2793.2,-7028.2,0,
900353,9,ПК353,353,Вита,353,,,2800.9,-7021.8,0,
900354,9,ПК354,354,Вита,354,,,2808.6,-7015.5,1,
900355,9,ПК355,355,Вита,355,,,2816.4,-7009.1,0,
900356,9,ПК356,356,Вита,356,,,2824.0,-7002.7,0,
900357,9,ПК357,357,Вита,357,,,2831.6,-6996.1,0,
900358,9,ПК358,358,Вита,358,,,2839.0,-6989.5,0,
900359,9,ПК359,359,Вита,359,,,2846.4,-6982.7,0,
900360,9,ПК360,360,Вита,360,,,2853.7,-6975.9,0,
900361,9,ПК361,361,Вита,361,,,2860.9,-6969.0,0,
900362,9,ПК362,362,Вита,362,,,2868.1,-6962.0,0,
900363,9,ПК363,363,Вита,363,,,2875.2,-6955.0,0,
900364,9,ПК364,364,Вита,364,,,2882.3,-6947.9,0,
900365,9,ПК365,365,Вита,365,,,2889.5,-6941.0,0,
900366,9,ПК366,366,Вита,366,,,2896.8,-6934.1,16,
900367,9,ПК367,367,Вита,367,,,2904.1,-6927.4,0,
900368,9,ПК368,368,Вита,368,,,2911.6,-6920.7,0,
900369,9,ПК369,369,Вита,369,,,2919.1,-6914.1,0,
900370,9,ПК370,370,Вита,370,,,2926.7,-6907.6,0,
900371,9,ПК371,371,Вита,371,,,2934.4,-6901.2,0,
900372,9,ПК372,372,Вита,372,,,2942.1,-6894.8,0,
900373,9,ПК373,373,Вита,373,,,2949.9,-6888.5,0,
900374,9,ПК374,374,Вита,374,,,2957.8,-6882.4,0,
900375,9,ПК375,375,Вита,375,,,2965.8,-6876.4,0,
900376,9,ПК376,376,Вита,376,,,2973.8,-6870.4,0,
900377,9,ПК377,377,Вита,377,,,2981.9,-6864.6,3,
900378,9,ПК378,378,Вита,378,,,2990.1,-6858.8,5,
900379,9,ПК379,379,Вита,379,,,2998.3,-6853.1,0,
900380,9,ПК380,380,Вита,380,,,3006.6,-6847.6,0,
900381,9,ПК381,381,Вита,381,,,3015.0,-6842.1,0,
900382,9,ПК382,382,Вита,382,,,3023.4,-6836.6,0,
900383,9,ПК383,383,Вита,383,,,3031.8,-6831.3,0,
900384,9,ПК384,384,Вита,384,,,3040.4,-6826.1,0,
900385,9,ПК385,385,Вита,385,,,3049.0,-6821.0,0,
900386,9,ПК386,386,Вита,386,,,3057.6,-6816.0,0,
900387,9,ПК387,387,Вита,387,,,3066.3,-6811.1,0,
900388,9,ПК388,388,Вита,388,,,3075.1,-6806.3,0,
900389,9,ПК389,389,Вита,389,,,3083.9,-6801.5,1,
900390,9,ПК390,390,Вита,390,,,3092.7,-6796.9,0,
900391,9,ПК391,391,Вита,391,,,3101.6,-6792.2,0,
900392,9,ПК392,392,Вита,392,,,3110.5,-6787.6,0,
900393,9,ПК393,393,Вита,393,,,3119.3,-6783.0,0,
900394,9,ПК394,394,Вита,394,,,3128.2,-6778.4,0,
900395,9,ПК395,395,Вита,395,,,3137.1,-6773.8,0,
900396,9,ПК396,396,Вита,396,,,3146.0,-6769.1,0,
900397,9,ПК397,397,Вита,397,,,3154.8,-6764.5,0,
900398,9,ПК398,398,Вита,398,,,3163.7,-6759.9,0,
900399,9,ПК399,399,Вита,399,,,3172.6,-6755.4,7,
900400,9,ПК400,400,Вита,400,,,3181.5,-6750.8,0,
900401,9,ПК401,401,Вита,401,,,3190.5,-6746.4,0,
900402,9,ПК402,402,Вита,402,,,3199.5,-6742.2,0,
900403,9,ПК403,403,Вита,403,,,3208.7,-6738.1,0,
900404,9,ПК404,404,Вита,404,,,3217.9,-6734.2,0,
900405,9,ПК405,405,Вита,405,,,3227.2,-6730.5,0,
900406,9,ПК406,406,Вита,406,,,3236.6,-6727.1,0,
900407,9,ПК407,407,Вита,407,,,3246.0,-6723.9,0,
900408,9,ПК408,408,Вита,408,,,3255.6,-6720.9,0,
900409,9,ПК409,409,Вита,409,,,3265.2,-6718.2,0,
900410,9,ПК410,410,Вита,410,,,3274.9,-6715.7,4,
900411,9,ПК411,411,Вита,411,,,3284.6,-6713.4,4,
900412,9,ПК412,412,Вита,412,,,3294.4,-6711.2,1,
900413,9,ПК413,413,Вита,413,,,3304.2,-6709.1,0,
900414,9,ПК414,414,Вита,414,,,3314.0,-6707.1,1,
900415,9,ПК415,415,Вита,415,,,3323.8,-6705.1,0,
900416,9,ПК416,416,Вита,416,,,3333.6,-6703.2,0,
900417,9,ПК417,417,Вита,417,,,3343.4,-6701.3,0,
900418,9,ПК418,418,Вита,418,,,3353.2,-6699.5,0,
900419,9,ПК419,419,Вита,419,,,3363.1,-6697.7,0,
900420,9,ПК420,420,Вита,420,,,3372.9,-6695.9,0,
900421,9,ПК421,421,Вита,421,,,3382.7,-6694.1,0,
900422,9,ПК422,422,Вита,422,,,3392.6,-6692.4,0,
900423,9,ПК423,423,Вита,423,,,3402.4,-6690.7,0,
900424,9,ПК424,424,Вита,424,,,3412.3,-6689.1,7,
900425,9,ПК425,425,Вита,425,,,3422.2,-6687.5,0,
900426,9,ПК426,426,Вита,426,,,3432.1,-6686.0,0,
900427,9,ПК427,427,Вита,427,,,3442.0,-6684.7,0,
900428,9,ПК428,428,Вита,428,,,3451.9,-6683.4,2,
900429,9,ПК429,429,Вита,429,,,3461.8,-6682.1,0,
900430,9,ПК430,430,Вита,430,,,3471.7,-6680.8,0,
900431,9,ПК431,431,Вита,431,,,3481.7,-6679.5,0,
900432,9,ПК432,432,Вита,432,,,3491.6,-6678.3,0,
900433,9,ПК433,433,Вита,433,,,3501.5,-6677.1,0,
900434,9,ПК434,434,Вита,434,,,3511.5,-6676.1,0,
900435,9,ПК435,435,Вита,435,,,3521.4,-6675.1,0,
900436,9,ПК436,436,Вита,436,,,3531.4,-6674.1,0,
900437,9,ПК437,437,Вита,437,,,3541.3,-6673.1,0,
900438,9,ПК438,438,Вита,438,,,3551.3,-6672.1,0,
900439,9,ПК439,439,Вита,439,,,3561.2,-6670.9,0,
900440,9,ПК440,440,Вита,440,,,3571.1,-6669.8,0,
900441,9,ПК441,441,Вита,441,,,3581.1,-6668.6,0,
900442,9,ПК442,442,Вита,442,,,3591.0,-6667.4,0,
900443,9,ПК443,443,Вита,443,,,3600.9,-6666.3,0,
900444,9,ПК444,444,Вита,444,,,3610.9,-6665.2,0,
900445,9,ПК445,445,Вита,445,,,3620.8,-6664.1,0,
900446,9,ПК446,446,Вита,446,,,3630.7,-6663.1,0,
900447,9,ПК447,447,Вита,447,,,3640.7,-6662.1,0,
900448,9,ПК448,448,Вита,448,,,3650.7,-6661.2,0,
900449,9,ПК449,449,Вита,449,,,3660.6,-6660.5,0,
900450,9,ПК450,450,Вита,450,,,3670.6,-6659.8,0,
900451,9,ПК451,451,Вита,451,,,3680.6,-6659.2,24,
900452,9,ПК452,452,Вита,452,,,3690.6,-6658.5,0,
900453,9,ПК453,453,Вита,453,,,3700.6,-6658.0,0,
900454,9,ПК454,454,Вита,454,,,3710.5,-6657.4,0,
900455,9,ПК455,455,Вита,455,,,3720.5,-6656.9,0,
900456,9,ПК456,456,Вита,456,,,3730.5,-6656.3,0,
900457,9,ПК457,457,Вита,457,,,3740.5,-6655.9,9,
900458,9,ПК458,458,Вита,458,,,3750.5,-6655.4,0,
900459,9,ПК459,459,Вита,459,,,3760.5,-6655.0,0,
900460,9,ПК460,460,Вита,460,,,3770.5,-6654.7,0,
900461,9,ПК461,461,Вита,461,,,3780.5,-6654.5,0,
900462,9,ПК462,462,Вита,462,,,3790.5,-6654.3,0,
900463,9,ПК463,463,Вита,463,,,3800.5,-6654.3,0,
900464,9,ПК464,464,Вита,464,,,3810.5,-6654.3,0,
900465,9,ПК465,465,Вита,465,,,3820.5,-6654.4,0,
900466,9,ПК466,466,Вита,466,,,3830.5,-6654.7,0,
900467,9,ПК467,467,Вита,467,,,3840.5,-6655.1,0,
900468,9,ПК468,468,Вита,468,,,3850.4,-6655.6,0,
900469,9,ПК469,469,Вита,469,,,3860.4,-6656.2,5,
900470,9,ПК470,470,Вита,470,,,3870.4,-6656.8,0,
900471,9,ПК471,471,Вита,471,,,3880.4,-6657.5,0,
900472,9,ПК472,472,Вита,472,,,3890.4,-6658.2,0,
900473,9,ПК473,473,Вита,473,,,3900.3,-6659.0,0,
900474,9,ПК474,474,Вита,474,,,3910.3,-6659.9,0,
900475,9,ПК475,475,Вита,475,,,3920.3,-6660.8,0,
900476,9,ПК476,476,Вита,476,,,3930.2,-6661.6,0,
900477,9,ПК477,477,Вита,477,,,3940.2,-6662.5,0,
900478,9,ПК478,478,Вита,478,,,3950.2,-6663.2,0,
900479,9,ПК479,479,Вита,479,,,3960.1,-6664.0,0,
900480,9,ПК480,480,Вита,480,,,3970.1,-6664.7,0,
900481,9,ПК481,481,Вита,481,,,3980.1,-6665.3,0,
900482,9,ПК482,482,Вита,482,,,3990.1,-6665.9,0,
900483,9,ПК483,483,Вита,483,,,4000.1,-6666.3,2,
900484,9,ПК484,484,Вита,484,,,4010.0,-6666.7,7,
900485,9,ПК485,485,Вита,485,,,4020.0,-6666.9,0,
900486,9,ПК486,486,Вита,486,,,4030.0,-6667.0,0,
900487,9,ПК487,487,Вита,487,,,4040.0,-6666.9,0,
900488,9,ПК488,488,Вита,488,,,4050.0,-6666.7,0,
900489,9,ПК489,489,Вита,489,,,4060.0,-6666.4,0,
900490,9,ПК490,490,Вита,490,,,4070.0,-6666.0,0,
900491,9,ПК491,491,Вита,491,,,4080.0,-6665.5,0,
900492,9,ПК492,492,Вита,492,,,4090.0,-6665.0,0,
900493,9,ПК493,493,Вита,493,,,4100.0,-6664.4,0,
900494,9,ПК494,494,Вита,494,,,4110.0,-6663.9,0,
900495,9,ПК495,495,Вита,495,,,4120.0,-6663.3,0,
900496,9,ПК496,496,Вита,496,,,4129.9,-6662.8,0,
900497,9,ПК497,497,Вита,497,,,4139.9,-6662.3,0,
900498,9,ПК498,498,Вита,498,,,4149.9,-6661.7,2,
900499,9,ПК499,499,Вита,499,,,4159.9,-6661.0,0,
900500,9,ПК500,500,Вита,500,,,4169.9,-6660.2,0,
900501,9,ПК501,501,Вита,501,,,4179.8,-6659.4,0,
900502,9,ПК502,502,Вита,502,,,4189.8,-6658.4,0,
900503,9,ПК503,503,Вита,503,,,4199.7,-6657.4,0,
900504,9,ПК504,504,Вита,504,,,4209.7,-6656.3,0,
900505,9,ПК505,505,Вита,505,,,4219.6,-6655.0,0,
900506,9,ПК506,506,Вита,506,,,4229.5,-6653.5,3,
900507,9,ПК399 Г0 ПК0,507,Вита,0,Г0,399,3172.6,-6755.4,0,
900508,9,ПК399 Г0 ПК1,508,Вита,1,Г0,399,3177.3,-6764.2,0,
900509,9,ПК399 Г0 ПК2,509,Вита,2,Г0,399,3182.0,-6773.0,0,
900510,9,ПК399 Г0 ПК3,510,Вита,3,Г0,399,3186.8,-6781.8,1,
900511,9,ПК399 Г0 ПК4,511,Вита,4,Г0,399,3191.5,-6790.6,0,
900512,9,ПК399 Г0 ПК5,512,Вита,5,Г0,399,3196.3,-6799.4,2,
900513,9,ПК424 Г1 ПК0,513,Вита,0,Г1,424,3412.3,-6689.1,0,
900514,9,ПК424 Г1 ПК1,514,Вита,1,Г1,424,3413.1,-6699.0,0,
900515,9,ПК424 Г1 ПК2,515,Вита,2,Г1,424,3413.8,-6709.0,0,
900516,9,ПК424 Г1 ПК3,516,Вита,3,Г1,424,3414.6,-6719.0,3,
1100001,11,Эпсилон ПК0,1,Эпсилон,0,,,9529.0,-8092.2,4,
1100002,11,Эпсилон ПК1,2,Эпсилон,1,,,9525.1,-8101.4,1,
1100003,11,Эпсилон ПК2,3,Эпсилон,2,,,9521.2,-8110.6,0,
1100004,11,Эпсилон ПК3,4,Эпсилон,3,,,9517.3,-8119.8,0,
1100005,11,Эпсилон ПК4,5,Эпсилон,4,,,9513.4,-8129.0,0,
1100006,11,Эпсилон ПК5,6,Эпсилон,5,,,9509.3,-8138.1,0,
1100007,11,Эпсилон ПК6,7,Эпсилон,6,,,9505.3,-8147.3,0,
1100008,11,Эпсилон ПК7,8,Эпсилон,7,,,9501.1,-8156.4,0,
1100009,11,Эпсилон ПК8,9,Эпсилон,8,,,9496.9,-8165.4,0,
1100010,11,Эпсилон ПК9,10,Эпсилон,9,,,9492.5,-8174.4,0,
1100011,11,Эпсилон ПК10,11,Эпсилон,10,,,9488.2,-8183.4,0,
1100012,11,Эпсилон ПК11,12,Эпсилон,11,,,9483.7,-8192.4,0,
1100013,11,Эпсилон ПК12,13,Эпсилон,12,,,9479.1,-8201.2,1,
1100014,11,Эпсилон ПК13,14,Эпсилон,13,,,9474.4,-8210.1,7,
1100015,11,Эпсилон ПК14,15,Эпсилон,14,,,9469.7,-8218.9,1,
1100016,11,Эпсилон ПК15,16,Эпсилон,15,,,9464.9,-8227.7,0,
1100017,11,Эпсилон ПК16,17,Эпсилон,16,,,9460.1,-8236.5,0,
1100018,11,Эпсилон ПК17,18,Эпсилон,17,,,9455.2,-8245.2,0,
1100019,11,Эпсилон ПК18,19,Эпсилон,18,,,9450.3,-8253.9,0,
1100020,11,Эпсилон ПК19,20,Эпсилон,19,,,9445.4,-8262.6,0,
1100021,11,Эпсилон ПК20,21,Эпсилон,20,,,9440.6,-8271.4,0,
1100022,11,Эпсилон ПК21,22,Эпсилон,21,,,9435.7,-8280.1,0,
1100023,11,Эпсилон ПК22,23,Эпсилон,22,,,9430.8,-8288.8,0,
1100024,11,Эпсилон ПК23,24,Эпсилон,23,,,9426.0,-8297.6,0,
1100025,11,Эпсилон ПК24,25,Эпсилон,24,,,9421.1,-8306.3,0,
1100026,11,Эпсилон ПК25,26,Эпсилон,25,,,9416.3,-8315.1,0,
1100027,11,Эпсилон ПК26,27,Эпсилон,26,,,9411.6,-8323.9,0,
1100028,11,Эпсилон ПК27,28,Эпсилон,27,,,9406.9,-8332.7,1,
1100029,11,Эпсилон ПК28,29,Эпсилон,28,,,9402.3,-8341.6,23,
1100030,11,Эпсилон ПК29,30,Эпсилон,29,,,9397.9,-8350.6,2,
1100031,11,Эпсилон ПК30,31,Эпсилон,30,,,9393.7,-8359.6,0,
1100032,11,Эпсилон ПК31,32,Эпсилон,31,,,9389.5,-8368.8,0,
1100033,11,Эпсилон ПК32,33,Эпсилон,32,,,9385.6,-8377.9,0,
1100034,11,Эпсилон ПК33,34,Эпсилон,33,,,9381.7,-8387.2,0,
1100035,11,Эпсилон ПК34,35,Эпсилон,34,,,9378.1,-8396.5,0,
1100036,11,Эпсилон ПК35,36,Эпсилон,35,,,9374.5,-8405.8,0,
1100037,11,Эпсилон ПК36,37,Эпсилон,36,,,9371.0,-8415.2,0,
1100038,11,Эпсилон ПК37,38,Эпсилон,37,,,9367.5,-8424.6,0,
1100039,11,Эпсилон ПК38,39,Эпсилон,38,,,9364.0,-8433.9,0,
1100040,11,Эпсилон ПК39,40,Эпсилон,39,,,9360.5,-8443.3,0,
1100041,11,Эпсилон ПК40,41,Эпсилон,40,,,9356.9,-8452.6,0,
1100042,11,Эпсилон ПК41,42,Эпсилон,41,,,9353.2,-8461.9,1,
1100043,11,Эпсилон ПК42,43,Эпсилон,42,,,9349.4,-8471.2,1,
1100044,11,Эпсилон ПК43,44,Эпсилон,43,,,9345.5,-8480.4,0,
1100045,11,Эпсилон ПК44,45,Эпсилон,44,,,9341.3,-8489.5,1,
1100046,11,Эпсилон ПК45,46,Эпсилон,45,,,9337.1,-8498.5,0,
1100047,11,Эпсилон ПК46,47,Эпсилон,46,,,9332.6,-8507.5,0,
1100048,11,Эпсилон ПК47,48,Эпсилон,47,,,9328.1,-8516.4,0,
1100049,11,Эпсилон ПК48,49,Эпсилон,48,,,9323.3,-8525.2,0,
1100050,11,Эпсилон ПК49,50,Эпсилон,49,,,9318.5,-8533.9,0,
1100051,11,Эпсилон ПК50,51,Эпсилон,50,,,9313.4,-8542.5,0,
1100052,11,Эпсилон ПК51,52,Эпсилон,51,,,9308.2,-8551.1,0,
1100053,11,Эпсилон ПК52,53,Эпсилон,52,,,9302.8,-8559.5,0,
1100054,11,Эпсилон ПК53,54,Эпсилон,53,,,9297.1,-8567.7,0,
1100055,11,Эпсилон ПК54,55,Эпсилон,54,,,9291.3,-8575.9,1,
1100056,11,Эпсилон ПК55,56,Эпсилон,55,,,9285.3,-8583.9,3,
1100057,11,Эпсилон ПК56,57,Эпсилон,56,,,9279.2,-8591.8,2,
1100058,11,Эпсилон ПК57,58,Эпсилон,57,,,9272.9,-8599.5,0,
1100059,11,Эпсилон ПК58,59,Эпсилон,58,,,9266.4,-8607.1,1,
1100060,11,Эпсилон ПК59,60,Эпсилон,59,,,9259.8,-8614.6,0,
1100061,11,Эпсилон ПК60,61,Эпсилон,60,,,9253.0,-8622.0,1,
1100062,11,Эпсилон ПК61,62,Эпсилон,61,,,9246.1,-8629.2,0,
1100063,11,Эпсилон ПК62,63,Эпсилон,62,,,9239.0,-8636.3,0,
1100064,11,Эпсилон ПК63,64,Эпсилон,63,,,9231.8,-8643.2,0,
1100065,11,Эпсилон ПК64,65,Эпсилон,64,,,9224.4,-8650.0,0,
1100066,11,Эпсилон ПК65,66,Эпсилон,65,,,9216.9,-8656.6,0,
1100067,11,Эпсилон ПК66,67,Эпсилон,66,,,9209.3,-8663.0,0,
1100068,11,Эпсилон ПК67,68,Эпсилон,67,,,9201.5,-8669.3,0,
1100069,11,Эпсилон ПК68,69,Эпсилон,68,,,9193.6,-8675.4,0,
1100070,11,Эпсилон ПК69,70,Эпсилон,69,,,9185.5,-8681.2,3,
1100071,11,Эпсилон ПК70,71,Эпсилон,70,,,9177.2,-8686.9,1,
1100072,11,Эпсилон ПК71,72,Эпсилон,71,,,9168.9,-8692.5,2,
1100073,11,Эпсилон ПК72,73,Эпсилон,72,,,9160.5,-8697.8,0,
1100074,11,Эпсилон ПК73,74,Эпсилон,73,,,9151.9,-8703.0,0,
1100075,11,Эпсилон ПК74,75,Эпсилон,74,,,9143.3,-8708.0,0,
1100076,11,Эпсилон ПК75,76,Эпсилон,75,,,9134.5,-8712.9,0,
1100077,11,Эпсилон ПК76,77,Эпсилон,76,,,9125.7,-8717.6,0,
1100078,11,Эпсилон ПК77,78,Эпсилон,77,,,9116.8,-8722.2,1,
1100079,11,Эпсилон ПК78,79,Эпсилон,78,,,9107.9,-8726.6,0,
1100080,11,Эпсилон ПК79,80,Эпсилон,79,,,9098.8,-8730.9,0,
1100081,11,Эпсилон ПК80,81,Эпсилон,80,,,9089.7,-8735.1,0,
1100082,11,Эпсилон ПК81,82,Эпсилон,81,,,9080.6,-8739.1,4,
1100083,11,Эпсилон ПК82,83,Эпсилон,82,,,9071.4,-8743.0,2,
1100084,11,Эпсилон ПК83,84,Эпсилон,83,,,9062.1,-8746.8,0,
1100085,11,Эпсилон ПК84,85,Эпсилон,84,,,9052.8,-8750.4,0,
1100086,11,Эпсилон ПК85,86,Эпсилон,85,,,9043.4,-8753.9,0,
1100087,11,Эпсилон ПК86,87,Эпсилон,86,,,9034.0,-8757.3,0,
1100088,11,Эпсилон ПК87,88,Эпсилон,87,,,9024.6,-8760.5,0,
1100089,11,Эпсилон ПК88,89,Эпсилон,88,,,9015.1,-8763.7,0,
1100090,11,Эпсилон ПК89,90,Эпсилон,89,,,9005.6,-8766.8,0,
1100091,11,Эпсилон ПК90,91,Эпсилон,90,,,8996.0,-8769.9,0,
1100092,11,Эпсилон ПК91,92,Эпсилон,91,,,8986.5,-8772.8,0,
1100093,11,Эпсилон ПК92,93,Эпсилон,92,,,8976.9,-8775.7,1,
1100094,11,Эпсилон ПК93,94,Эпсилон,93,,,8967.4,-8778.6,2,
1100095,11,Эпсилон ПК94,95,Эпсилон,94,,,8957.8,-8781.6,1,
1100096,11,Эпсилон ПК95,96,Эпсилон,95,,,8948.3,-8784.6,1,
1100097,11,Эпсилон ПК96,97,Эпсилон,96,,,8938.8,-8787.8,0,
1100098,11,Эпсилон ПК97,98,Эпсилон,97,,,8929.3,-8791.0,0,
1100099,11,Эпсилон ПК98,99,Эпсилон,98,,,8919.9,-8794.5,0,
1100100,11,Эпсилон ПК99,100,Эпсилон,99,,,8910.6,-8798.0,0,
1100101,11,Эпсилон ПК100,101,Эпсилон,100,,,8901.3,-8801.7,0,
1100102,11,Эпсилон ПК101,102,Эпсилон,101,,,8892.0,-8805.5,0,
1100103,11,Эпсилон ПК102,103,Эпсилон,102,,,8882.8,-8809.4,0,
1100104,11,Эпсилон ПК103,104,Эпсилон,103,,,8873.7,-8813.4,0,
1100105,11,Эпсилон ПК104,105,Эпсилон,104,,,8864.6,-8817.6,0,
1100106,11,Эпсилон ПК105,106,Эпсилон,105,,,8855.5,-8821.8,2,
1100107,11,Эпсилон ПК106,107,Эпсилон,106,,,8846.5,-8826.1,3,
1100108,11,Эпсилон ПК107,108,Эпсилон,107,,,8837.6,-8830.6,1,
1100109,11,Эпсилон ПК108,109,Эпсилон,108,,,8828.7,-8835.2,0,
1100110,11,Эпсилон ПК109,110,Эпсилон,109,,,8819.8,-8839.9,0,
1100111,11,Эпсилон ПК110,111,Эпсилон,110,,,8811.0,-8844.6,0,
1100112,11,Эпсилон ПК111,112,Эпсилон,111,,,8802.3,-8849.4,0,
1100113,11,Эпсилон ПК112,113,Эпсилон,112,,,8793.5,-8854.3,0,
1100114,11,Эпсилон ПК113,114,Эпсилон,113,,,8784.8,-8859.3,0,
1100115,11,Эпсилон ПК114,115,Эпсилон,114,,,8776.2,-8864.3,0,
1100116,11,Эпсилон ПК115,116,Эпсилон,115,,,8767.6,-8869.4,0,
1100117,11,Эпсилон ПК116,117,Эпсилон,116,,,8759.1,-8874.6,0,
1100118,11,Эпсилон ПК117,118,Эпсилон,117,,,8750.6,-8879.9,0,
1100119,11,Эпсилон ПК118,119,Эпсилон,118,,,8742.1,-8885.2,0,
1100120,11,Эпсилон ПК119,120,Эпсилон,119,,,8733.7,-8890.6,0,
1100121,11,Эпсилон ПК120,121,Эпсилон,120,,,8725.3,-8896.1,1,
1100122,11,Эпсилон ПК121,122,Эпсилон,121,,,8717.0,-8901.6,0,
1100123,11,Эпсилон ПК122,123,Эпсилон,122,,,8708.7,-8907.3,3,
1100124,11,Эпсилон ПК123,124,Эпсилон,123,,,8700.5,-8912.9,2,
1100125,11,Эпсилон ПК124,125,Эпсилон,124,,,8692.3,-8918.6,0,
1100126,11,Эпсилон ПК125,126,Эпсилон,125,,,8684.1,-8924.3,0,
1100127,11,Эпсилон ПК126,127,Эпсилон,126,,,8675.8,-8929.9,0,
1100128,11,Эпсилон ПК127,128,Эпсилон,127,,,8667.5,-8935.5,0,
1100129,11,Эпсилон ПК128,129,Эпсилон,128,,,8659.2,-8941.0,2,
1100130,11,Эпсилон ПК129,130,Эпсилон,129,,,8650.8,-8946.6,3,
1100131,11,Эпсилон ПК130,131,Эпсилон,130,,,8642.5,-8952.2,0,
1100132,11,Эпсилон ПК131,132,Эпсилон,131,,,8634.2,-8957.7,0,
1100133,11,Эпсилон ПК132,133,Эпсилон,132,,,8626.0,-8963.4,0,
1100134,11,Эпсилон ПК133,134,Эпсилон,133,,,8617.7,-8969.0,0,
1100135,11,Эпсилон ПК134,135,Эпсилон,134,,,8609.4,-8974.6,0,
1100136,11,Эпсилон ПК135,136,Эпсилон,135,,,8601.1,-8980.2,0,
1100137,11,Эпсилон ПК136,137,Эпсилон,136,,,8592.9,-8985.8,0,
1100138,11,Эпсилон ПК137,138,Эпсилон,137,,,8584.6,-8991.4,1,
1100139,11,Эпсилон ПК138,139,Эпсилон,138,,,8576.4,-8997.1,5,
1100140,11,Эпсилон ПК139,140,Эпсилон,139,,,8568.2,-9002.9,2,
1100141,11,Эпсилон ПК140,141,Эпсилон,140,,,8560.0,-9008.7,0,
1100142,11,Эпсилон ПК141,142,Эпсилон,141,,,8552.0,-9014.6,0,
1100143,11,Эпсилон ПК142,143,Эпсилон,142,,,8543.9,-9020.5,0,
1100144,11,Эпсилон ПК143,144,Эпсилон,143,,,8535.9,-9026.5,0,
1100145,11,Эпсилон ПК144,145,Эпсилон,144,,,8527.9,-9032.5,0,
1100146,11,Эпсилон ПК145,146,Эпсилон,145,,,8519.9,-9038.4,1,
1100147,11,Эпсилон ПК146,147,Эпсилон,146,,,8511.8,-9044.4,0,
1100148,11,Эпсилон ПК147,148,Эпсилон,147,,,8503.8,-9050.3,3,
1100149,11,Эпсилон ПК148,149,Эпсилон,148,,,8495.8,-9056.3,1,
1100150,11,Эпсилон ПК149,150,Эпсилон,149,,,8487.8,-9062.3,0,
1100151,11,Эпсилон ПК150,151,Эпсилон,150,,,8479.8,-9068.4,0,
1100152,11,Эпсилон ПК151,152,Эпсилон,151,,,8471.9,-9074.5,0,
1100153,11,Эпсилон ПК152,153,Эпсилон,152,,,8464.0,-9080.6,0,
1100154,11,Эпсилон ПК153,154,Эпсилон,153,,,8456.0,-9086.6,0,
1100155,11,Эпсилон ПК154,155,Эпсилон,154,,,8448.0,-9092.6,0,
1100156,11,Эпсилон ПК155,156,Эпсилон,155,,,8440.0,-9098.6,1,
1100157,11,Эпсилон ПК156,157,Эпсилон,156,,,8431.9,-9104.5,0,
1100158,11,Эпсилон ПК157,158,Эпсилон,157,,,8423.8,-9110.4,23,
1100159,11,Эпсилон ПК158,159,Эпсилон,158,,,8415.7,-9116.2,0,
1100160,11,Эпсилон ПК159,160,Эпсилон,159,,,8407.6,-9122.0,1,
1100161,11,Эпсилон ПК160,161,Эпсилон,160,,,8399.4,-9127.8,0,
1100162,11,Эпсилон ПК161,162,Эпсилон,161,,,8391.2,-9133.6,0,
1100163,11,Эпсилон ПК162,163,Эпсилон,162,,,8383.0,-9139.2,0,
1100164,11,Эпсилон ПК163,164,Эпсилон,163,,,8374.8,-9144.9,0,
1100165,11,Эпсилон ПК164,165,Эпсилон,164,,,8366.5,-9150.5,0,
1100166,11,Эпсилон ПК165,166,Эпсилон,165,,,8358.2,-9156.1,0,
1100167,11,Эпсилон ПК166,167,Эпсилон,166,,,8349.8,-9161.6,0,
1100168,11,Эпсилон ПК167,168,Эпсилон,167,,,8341.4,-9167.0,0,
1100169,11,Эпсилон ПК168,169,Эпсилон,168,,,8333.0,-9172.5,0,
1100170,11,Эпсилон ПК169,170,Эпсилон,169,,,8324.6,-9177.8,1,
1100171,11,Эпсилон ПК170,171,Эпсилон,170,,,8316.1,-9183.2,0,
1100172,11,Эпсилон ПК171,172,Эпсилон,171,,,8307.6,-9188.4,6,
1100173,11,Эпсилон ПК172,173,Эпсилон,172,,,8299.1,-9193.6,1,
1100174,11,Эпсилон ПК173,174,Эпсилон,173,,,8290.5,-9198.8,0,
1100175,11,Эпсилон ПК174,175,Эпсилон,174,,,8281.9,-9203.8,0,
1100176,11,Эпсилон ПК175,176,Эпсилон,175,,,8273.3,-9208.9,0,
1100177,11,Эпсилон ПК176,177,Эпсилон,176,,,8264.6,-9213.8,0,
1100178,11,Эпсилон ПК177,178,Эпсилон,177,,,8255.9,-9218.8,0,
1100179,11,Эпсилон ПК178,179,Эпсилон,178,,,8247.1,-9223.6,0,
1100180,11,Эпсилон ПК179,180,Эпсилон,179,,,8238.3,-9228.4,0,
1100181,11,Эпсилон ПК180,181,Эпсилон,180,,,8229.5,-9233.0,0,
1100182,11,Эпсилон ПК181,182,Эпсилон,181,,,8220.6,-9237.6,0,
1100183,11,Эпсилон ПК182,183,Эпсилон,182,,,8211.7,-9242.2,0,
1100184,11,Эпсилон ПК183,184,Эпсилон,183,,,8202.7,-9246.6,0,
1100185,11,Эпсилон ПК184,185,Эпсилон,184,,,8193.7,-9250.9,0,
1100186,11,Эпсилон ПК185,186,Эпсилон,185,,,8184.6,-9255.1,1,
1100187,11,Эпсилон ПК186,187,Эпсилон,186,,,8175.5,-9259.2,2,
1100188,11,Эпсилон ПК187,188,Эпсилон,187,,,8166.3,-9263.0,3,
1100189,11,Эпсилон ПК188,189,Эпсилон,188,,,8157.0,-9266.7,0,
1100190,11,Эпсилон ПК189,190,Эпсилон,189,,,8147.6,-9270.2,0,
1100191,11,Эпсилон ПК190,191,Эпсилон,190,,,8138.2,-9273.5,0,
1100192,11,Эпсилон ПК191,192,Эпсилон,191,,,8128.7,-9276.7,0,
1100193,11,Эпсилон ПК192,193,Эпсилон,192,,,8119.1,-9279.6,0,
1100194,11,Эпсилон ПК193,194,Эпсилон,193,,,8109.5,-9282.4,0,
1100195,11,Эпсилон ПК194,195,Эпсилон,194,,,8099.9,-9285.0,0,
1100196,11,Эпсилон ПК195,196,Эпсилон,195,,,8090.2,-9287.4,0,
1100197,11,Эпсилон ПК196,197,Эпсилон,196,,,8080.4,-9289.6,0,
1100198,11,Эпсилон ПК197,198,Эпсилон,197,,,8070.6,-9291.6,0,
1100199,11,Эпсилон ПК198,199,Эпсилон,198,,,8060.8,-9293.4,0,
1100200,11,Эпсилон ПК199,200,Эпсилон,199,,,8050.9,-9295.1,0,
1100201,11,Эпсилон ПК200,201,Эпсилон,200,,,8041.0,-9296.6,0,
1100202,11,Эпсилон ПК201,202,Эпсилон,201,,,8031.1,-9298.1,0,
1100203,11,Эпсилон ПК202,203,Эпсилон,202,,,8021.2,-9299.5,1,
1100204,11,Эпсилон ПК203,204,Эпсилон,203,,,8011.3,-9300.9,2,
1100205,11,Эпсилон ПК204,205,Эпсилон,204,,,8001.4,-9302.3,1,
1100206,11,Эпсилон ПК205,206,Эпсилон,205,,,7991.5,-9303.6,0,
1100207,11,Эпсилон ПК206,207,Эпсилон,206,,,7981.6,-9305.0,0,
1100208,11,Эпсилон ПК207,208,Эпсилон,207,,,7971.7,-9306.4,0,
1100209,11,Эпсилон ПК208,209,Эпсилон,208,,,7961.8,-9307.8,0,
1100210,11,Эпсилон ПК209,210,Эпсилон,209,,,7951.9,-9309.2,0,
1100211,11,Эпсилон ПК210,211,Эпсилон,210,,,7942.0,-9310.5,0,
1100212,11,Эпсилон ПК211,212,Эпсилон,211,,,7932.1,-9311.7,0,
1100213,11,Эпсилон ПК212,213,Эпсилон,212,,,7922.1,-9313.0,0,
1100214,11,Эпсилон ПК213,214,Эпсилон,213,,,7912.2,-9314.2,0,
1100215,11,Эпсилон ПК214,215,Эпсилон,214,,,7902.3,-9315.3,0,
1100216,11,Эпсилон ПК215,216,Эпсилон,215,,,7892.3,-9316.3,0,
1100217,11,Эпсилон ПК216,217,Эпсилон,216,,,7882.4,-9317.2,0,
1100218,11,Эпсилон ПК217,218,Эпсилон,217,,,7872.4,-9318.1,0,
1100219,11,Эпсилон ПК218,219,Эпсилон,218,,,7862.4,-9318.9,5,
1100220,11,Эпсилон ПК219,220,Эпсилон,219,,,7852.5,-9319.6,2,
1100221,11,Эпсилон ПК220,221,Эпсилон,220,,,7842.5,-9320.3,1,
1100222,11,Эпсилон ПК221,222,Эпсилон,221,,,7832.5,-9320.9,0,
1100223,11,Эпсилон ПК222,223,Эпсилон,222,,,7822.5,-9321.5,0,
1100224,11,Эпсилон ПК223,224,Эпсилон,223,,,7812.5,-9322.0,5,
1100225,11,Эпсилон ПК224,225,Эпсилон,224,,,7802.6,-9322.5,0,
1100226,11,Эпсилон ПК225,226,Эпсилон,225,,,7792.6,-9323.0,0,
1100227,11,Эпсилон ПК226,227,Эпсилон,226,,,7782.6,-9323.5,0,
1100228,11,Эпсилон ПК227,228,Эпсилон,227,,,7772.6,-9323.9,0,
1100229,11,Эпсилон ПК228,229,Эпсилон,228,,,7762.6,-9324.2,0,
1100230,11,Эпсилон ПК229,230,Эпсилон,229,,,7752.6,-9324.5,1,
1100231,11,Эпсилон ПК230,231,Эпсилон,230,,,7742.6,-9324.7,0,
1100232,11,Эпсилон ПК231,232,Эпсилон,231,,,7732.6,-9324.8,1,
1100233,11,Эпсилон ПК232,233,Эпсилон,232,,,7722.6,-9324.8,2,
1100234,11,Эпсилон ПК233,234,Эпсилон,233,,,7712.6,-9324.7,0,
1100235,11,Эпсилон ПК234,235,Эпсилон,234,,,7702.6,-9324.4,0,
1100236,11,Эпсилон ПК235,236,Эпсилон,235,,,7692.6,-9324.1,0,
1100237,11,Эпсилон ПК236,237,Эпсилон,236,,,7682.6,-9323.5,0,
1100238,11,Эпсилон ПК237,238,Эпсилон,237,,,7672.7,-9322.8,0,
1100239,11,Эпсилон ПК238,239,Эпсилон,238,,,7662.7,-9322.0,1,
1100240,11,Эпсилон ПК239,240,Эпсилон,239,,,7652.7,-9321.1,0,
1100241,11,Эпсилон ПК240,241,Эпсилон,240,,,7642.8,-9320.2,0,
1100242,11,Эпсилон ПК241,242,Эпсилон,241,,,7632.8,-9319.2,0,
1100243,11,Эпсилон ПК242,243,Эпсилон,242,,,7622.9,-9318.1,0,
1100244,11,Эпсилон ПК243,244,Эпсилон,243,,,7612.9,-9317.0,0,
1100245,11,Эпсилон ПК244,245,Эпсилон,244,,,7603.0,-9315.8,1,
1100246,11,Эпсилон ПК245,246,Эпсилон,245,,,7593.1,-9314.7,1,
1100247,11,Эпсилон ПК246,247,Эпсилон,246,,,7583.1,-9313.6,4,
1100248,11,Эпсилон ПК247,248,Эпсилон,247,,,7573.2,-9312.6,1,
1100249,11,Эпсилон ПК248,249,Эпсилон,248,,,7563.2,-9311.5,0,
1100250,11,Эпсилон ПК249,250,Эпсилон,249,,,7553.3,-9310.4,0,
1100251,11,Эпсилон ПК250,251,Эпсилон,250,,,7543.4,-9309.1,0,
1100252,11,Эпсилон ПК251,252,Эпсилон,251,,,7533.5,-9307.9,1,
1100253,11,Эпсилон ПК252,253,Эпсилон,252,,,7523.5,-9306.7,0,
1100254,11,Эпсилон ПК253,254,Эпсилон,253,,,7513.6,-9305.5,0,
1100255,11,Эпсилон ПК254,255,Эпсилон,254,,,7503.7,-9304.2,0,
1100256,11,Эпсилон ПК255,256,Эпсилон,255,,,7493.8,-9303.0,0,
1100257,11,Эпсилон ПК256,257,Эпсилон,256,,,7483.8,-9301.9,0,
1100258,11,Эпсилон ПК257,258,Эпсилон,257,,,7473.9,-9300.8,0,
1100259,11,Эпсилон ПК258,259,Эпсилон,258,,,7463.9,-9299.8,0,
1100260,11,Эпсилон ПК259,260,Эпсилон,259,,,7454.0,-9298.8,1,
1100261,11,Эпсилон ПК260,261,Эпсилон,260,,,7444.0,-9297.9,21,
1100262,11,Эпсилон ПК261,262,Эпсилон,261,,,7434.1,-9297.0,1,
1100263,11,Эпсилон ПК262,263,Эпсилон,262,,,7424.1,-9296.2,0,
1100264,11,Эпсилон ПК263,264,Эпсилон,263,,,7414.1,-9295.4,0,
1100265,11,Эпсилон ПК264,265,Эпсилон,264,,,7404.1,-9294.8,0,
1100266,11,Эпсилон ПК265,266,Эпсилон,265,,,7394.2,-9294.3,0,
1100267,11,Эпсилон ПК266,267,Эпсилон,266,,,7384.2,-9293.9,0,
1100268,11,Эпсилон ПК267,268,Эпсилон,267,,,7374.2,-9293.5,0,
1100269,11,Эпсилон ПК268,269,Эпсилон,268,,,7364.2,-9293.2,0,
1100270,11,Эпсилон ПК269,270,Эпсилон,269,,,7354.2,-9293.1,0,
1100271,11,Эпсилон ПК270,271,Эпсилон,270,,,7344.2,-9293.0,0,
1100272,11,Эпсилон ПК271,272,Эпсилон,271,,,7334.2,-9293.0,0,
1100273,11,Эпсилон ПК272,273,Эпсилон,272,,,7324.2,-9293.1,0,
1100274,11,Эпсилон ПК273,274,Эпсилон,273,,,7314.2,-9293.3,3,
1100275,11,Эпсилон ПК274,275,Эпсилон,274,,,7304.2,-9293.7,3,
1100276,11,Эпсилон ПК275,276,Эпсилон,275,,,7294.2,-9294.1,1,
1100277,11,Эпсилон ПК276,277,Эпсилон,276,,,7284.2,-9294.7,5,
1100278,11,Эпсилон ПК277,278,Эпсилон,277,,,7274.2,-9295.2,0,
1100279,11,Эпсилон ПК278,279,Эпсилон,278,,,7264.2,-9295.8,0,
1100280,11,Эпсилон ПК279,280,Эпсилон,279,,,7254.3,-9296.2,0,
1100281,11,Эпсилон ПК280,281,Эпсилон,280,,,7244.3,-9296.7,0,
1100282,11,Эпсилон ПК281,282,Эпсилон,281,,,7234.3,-9297.2,0,
1100283,11,Эпсилон ПК282,283,Эпсилон,282,,,7224.3,-9297.6,0,
1100284,11,Эпсилон ПК283,284,Эпсилон,283,,,7214.3,-9298.1,0,
1100285,11,Эпсилон ПК284,285,Эпсилон,284,,,7204.3,-9298.6,0,
1100286,11,Эпсилон ПК285,286,Эпсилон,285,,,7194.3,-9299.0,0,
1100287,11,Эпсилон ПК286,287,Эпсилон,286,,,7184.3,-9299.4,1,
1100288,11,Эпсилон ПК287,288,Эпсилон,287,,,7174.3,-9299.7,5,
1100289,11,Эпсилон ПК288,289,Эпсилон,288,,,7164.3,-9300.0,1,
1100290,11,Эпсилон ПК289,290,Эпсилон,289,,,7154.3,-9300.1,0,
1100291,11,Эпсилон ПК290,291,Эпсилон,290,,,7144.3,-9300.1,0,
1100292,11,Эпсилон ПК291,292,Эпсилон,291,,,7134.3,-9299.9,0,
1100293,11,Эпсилон ПК292,293,Эпсилон,292,,,7124.3,-9299.5,0,
1100294,11,Эпсилон ПК293,294,Эпсилон,293,,,7114.4,-9299.0,0,
1100295,11,Эпсилон ПК294,295,Эпсилон,294,,,7104.4,-9298.4,0,
1100296,11,Эпсилон ПК295,296,Эпсилон,295,,,7094.4,-9297.6,0,
1100297,11,Эпсилон ПК296,297,Эпсилон,296,,,7084.4,-9296.8,0,
1100298,11,Эпсилон ПК297,298,Эпсилон,297,,,7074.5,-9296.0,0,
1100299,11,Эпсилон ПК298,299,Эпсилон,298,,,7064.5,-9295.1,0,
1100300,11,Эпсилон ПК299,300,Эпсилон,299,,,7054.5,-9294.3,0,
1100301,11,Эпсилон ПК300,301,Эпсилон,300,,,7044.6,-9293.3,0,
1100302,11,Эпсилон ПК301,302,Эпсилон,301,,,7034.6,-9292.5,1,
1100303,11,Эпсилон ПК302,303,Эпсилон,302,,,7024.7,-9291.5,4,
1100304,11,Эпсилон ПК303,304,Эпсилон,303,,,7014.7,-9290.7,1,
1100305,11,Эпсилон ПК304,305,Эпсилон,304,,,7004.7,-9289.8,0,
1100306,11,Эпсилон ПК305,306,Эпсилон,305,,,6994.8,-9289.0,0,
1100307,11,Эпсилон ПК306,307,Эпсилон,306,,,6984.8,-9288.2,0,
1100308,11,Эпсилон ПК307,308,Эпсилон,307,,,6974.8,-9287.4,0,
1100309,11,Эпсилон ПК308,309,Эпсилон,308,,,6964.9,-9286.5,0,
1100310,11,Эпсилон ПК309,310,Эпсилон,309,,,6954.9,-9285.7,0,
1100311,11,Эпсилон ПК310,311,Эпсилон,310,,,6945.0,-9284.8,0,
1100312,11,Эпсилон ПК311,312,Эпсилон,311,,,6935.0,-9283.9,0,
1100313,11,Эпсилон ПК312,313,Эпсилон,312,,,6925.0,-9283.1,0,
1100314,11,Эпсилон ПК313,314,Эпсилон,313,,,6915.1,-9282.3,0,
1100315,11,Эпсилон ПК314,315,Эпсилон,314,,,6905.1,-9281.5,0,
1100316,11,Эпсилон ПК315,316,Эпсилон,315,,,6895.1,-9280.7,1,
1100317,11,Эпсилон ПК316,317,Эпсилон,316,,,6885.2,-9279.9,4,
1100318,11,Эпсилон ПК317,318,Эпсилон,317,,,6875.2,-9279.0,1,
1100319,11,Эпсилон ПК318,319,Эпсилон,318,,,6865.2,-9278.2,0,
1100320,11,Эпсилон ПК319,320,Эпсилон,319,,,6855.3,-9277.3,0,
1100321,11,Эпсилон ПК320,321,Эпсилон,320,,,6845.3,-9276.3,0,
1100322,11,Эпсилон ПК321,322,Эпсилон,321,,,6835.4,-9275.4,0,
1100323,11,Эпсилон ПК322,323,Эпсилон,322,,,6825.4,-9274.4,0,
1100324,11,Эпсилон ПК323,324,Эпсилон,323,,,6815.4,-9273.5,0,
1100325,11,Эпсилон ПК324,325,Эпсилон,324,,,6805.5,-9272.6,0,
1100326,11,Эпсилон ПК325,326,Эпсилон,325,,,6795.5,-9271.7,0,
1100327,11,Эпсилон ПК326,327,Эпсилон,326,,,6785.6,-9270.9,1,
1100328,11,Эпсилон ПК327,328,Эпсилон,327,,,6775.6,-9270.3,4,
1100329,11,Эпсилон ПК328,329,Эпсилон,328,,,6765.6,-9269.8,1,
1100330,11,Эпсилон ПК329,330,Эпсилон,329,,,6755.6,-9269.4,0,
1100331,11,Эпсилон ПК330,331,Эпсилон,330,,,6745.6,-9269.3,0,
1100332,11,Эпсилон ПК331,332,Эпсилон,331,,,6735.6,-9269.4,0,
1100333,11,Эпсилон ПК332,333,Эпсилон,332,,,6725.6,-9269.6,0,
1100334,11,Эпсилон ПК333,334,Эпсилон,333,,,6715.6,-9269.9,0,
1100335,11,Эпсилон ПК334,335,Эпсилон,334,,,6705.6,-9270.4,0,
1100336,11,Эпсилон ПК335,336,Эпсилон,335,,,6695.6,-9270.9,0,
1100337,11,Эпсилон ПК336,337,Эпсилон,336,,,6685.6,-9271.5,0,
1100338,11,Эпсилон ПК337,338,Эпсилон,337,,,6675.7,-9272.1,0,
1100339,11,Эпсилон ПК338,339,Эпсилон,338,,,6665.7,-9272.7,0,
1100340,11,Эпсилон ПК339,340,Эпсилон,339,,,6655.7,-9273.4,0,
1100341,11,Эпсилон ПК340,341,Эпсилон,340,,,6645.7,-9274.2,0,
1100342,11,Эпсилон ПК341,342,Эпсилон,341,,,6635.8,-9275.0,0,
1100343,11,Эпсилон ПК342,343,Эпсилон,342,,,6625.8,-9276.0,0,
1100344,11,Эпсилон ПК343,344,Эпсилон,343,,,6615.9,-9277.0,8,
1100345,11,Эпсилон ПК344,345,Эпсилон,344,,,6605.9,-9278.0,17,
1100346,11,Эпсилон ПК345,346,Эпсилон,345,,,6596.0,-9278.9,2,
1100347,11,Эпсилон ПК346,347,Эпсилон,346,,,6586.0,-9279.8,1,
1100348,11,Эпсилон ПК347,348,Эпсилон,347,,,6576.0,-9280.7,1,
1100349,11,Эпсилон ПК348,349,Эпсилон,348,,,6566.1,-9281.5,1,
1100350,11,Эпсилон ПК349,350,Эпсилон,349,,,6556.1,-9282.4,2,
1100351,11,Эпсилон ПК350,351,Эпсилон,350,,,6546.2,-9283.2,1,
1100352,11,Эпсилон ПК351,352,Эпсилон,351,,,6536.2,-9284.2,1,
1100353,11,Эпсилон ПК352,353,Эпсилон,352,,,6526.3,-9285.2,1,
1100354,11,Эпсилон ПК353,354,Эпсилон,353,,,6516.3,-9286.4,2,
1100355,11,Эпсилон ПК354,355,Эпсилон,354,,,6506.4,-9287.7,1,
1100356,11,Эпсилон ПК355,356,Эпсилон,355,,,6496.5,-9289.1,37,
1100357,11,Эпсилон ПК356,357,Эпсилон,356,,,6486.6,-9290.5,8,
1100358,11,Эпсилон ПК357,358,Эпсилон,357,,,6476.7,-9291.9,2,
1100359,11,Эпсилон ПК358,359,Эпсилон,358,,,6466.8,-9293.2,1,
1100360,11,Эпсилон ПК359,360,Эпсилон,359,,,6456.9,-9294.6,1,
1100361,11,Эпсилон ПК360,361,Эпсилон,360,,,6447.0,-9296.0,1,
1100362,11,Эпсилон ПК361,362,Эпсилон,361,,,6437.1,-9297.4,1,
1100363,11,Эпсилон ПК362,363,Эпсилон,362,,,6427.2,-9298.7,2,
1100364,11,Эпсилон ПК363,364,Эпсилон,363,,,6417.2,-9300.0,1,
1100365,11,Эпсилон ПК364,365,Эпсилон,364,,,6407.3,-9301.3,1,
1100366,11,Эпсилон ПК365,366,Эпсилон,365,,,6397.4,-9302.6,4,
1100367,11,Эпсилон ПК366,367,Эпсилон,366,,,6387.5,-9303.8,1,
1100368,11,Эпсилон ПК367,368,Эпсилон,367,,,6377.6,-9305.1,1,
1100369,11,Эпсилон ПК368,369,Эпсилон,368,,,6367.6,-9306.2,2,
1100370,11,Эпсилон ПК369,370,Эпсилон,369,,,6357.7,-9307.2,1,
1100371,11,Эпсилон ПК370,371,Эпсилон,370,,,6347.7,-9308.2,1,
1100372,11,Эпсилон ПК371,372,Эпсилон,371,,,6337.8,-9309.1,1,
1100373,11,Эпсилон ПК372,373,Эпсилон,372,,,6327.8,-9310.1,2,
1100374,11,Эпсилон ПК373,374,Эпсилон,373,,,6317.9,-9311.0,11,
1100375,11,Эпсилон ПК374,375,Эпсилон,374,,,6307.9,-9311.8,1,
1100376,11,Эпсилон ПК375,376,Эпсилон,375,,,6297.9,-9312.6,3,
1100377,11,Эпсилон ПК376,377,Эпсилон,376,,,6288.0,-9313.4,6,
1100378,11,Эпсилон ПК377,378,Эпсилон,377,,,6278.0,-9314.0,1,
1100379,11,Эпсилон ПК378,379,Эпсилон,378,,,6268.0,-9314.6,1,
1100380,11,Эпсилон ПК379,380,Эпсилон,379,,,6258.0,-9315.2,1,
1100381,11,Эпсилон ПК380,381,Эпсилон,380,,,6248.0,-9315.7,1,
1100382,11,Эпсилон ПК381,382,Эпсилон,381,,,6238.0,-9316.0,2,
1100383,11,Эпсилон ПК382,383,Эпсилон,382,,,6228.0,-9316.3,1,
1100384,11,Эпсилон ПК383,384,Эпсилон,383,,,6218.0,-9316.6,2,
1100385,11,Эпсилон ПК384,385,Эпсилон,384,,,6208.0,-9316.9,9,
1100386,11,Эпсилон ПК385,386,Эпсилон,385,,,6198.1,-9317.3,11,
1100387,11,Эпсилон ПК386,387,Эпсилон,386,,,6188.1,-9317.6,2,
1100388,11,Эпсилон ПК387,388,Эпсилон,387,,,6178.1,-9318.1,1,
1100389,11,Эпсилон ПК388,389,Эпсилон,388,,,6168.1,-9318.6,1,
1100390,11,Эпсилон ПК389,390,Эпсилон,389,,,6158.1,-9319.1,2,
1100391,11,Эпсилон ПК390,391,Эпсилон,390,,,6148.1,-9319.8,1,
1100392,11,Эпсилон ПК391,392,Эпсилон,391,,,6138.1,-9320.5,2,
1100393,11,Эпсилон ПК392,393,Эпсилон,392,,,6128.2,-9321.4,2,
1100394,11,Эпсилон ПК393,394,Эпсилон,393,,,6118.2,-9322.4,1,
1100395,11,Эпсилон ПК394,395,Эпсилон,394,,,6108.3,-9323.5,12,
1100396,11,Эпсилон ПК395,396,Эпсилон,395,,,6098.4,-9324.9,7,
1100397,11,Эпсилон ПК396,397,Эпсилон,396,,,6088.5,-9326.4,2,
1100398,11,Эпсилон ПК397,398,Эпсилон,397,,,6078.7,-9328.2,2,
1100399,11,Эпсилон ПК398,399,Эпсилон,398,,,6068.9,-9330.1,1,
1100400,11,Эпсилон ПК399,400,Эпсилон,399,,,6059.1,-9332.2,1,
1100401,11,Эпсилон ПК400,401,Эпсилон,400,,,6049.3,-9334.5,1,
1100402,11,Эпсилон ПК401,402,Эпсилон,401,,,6039.6,-9336.9,2,
1100403,11,Эпсилон ПК402,403,Эпсилон,402,,,6030.0,-9339.6,1,
1100404,11,Эпсилон ПК403,404,Эпсилон,403,,,6020.4,-9342.5,6,
1100405,11,Эпсилон ПК404,405,Эпсилон,404,,,6010.9,-9345.6,13,
1100406,11,Эпсилон ПК405,406,Эпсилон,405,,,6001.5,-9348.8,2,
1100407,11,Эпсилон ПК406,407,Эпсилон,406,,,5992.0,-9352.2,2,
1100408,11,Эпсилон ПК407,408,Эпсилон,407,,,5982.7,-9355.7,1,
1100409,11,Эпсилон ПК408,409,Эпсилон,408,,,5973.4,-9359.3,1,
1100410,11,Эпсилон ПК409,410,Эпсилон,409,,,5964.1,-9363.1,1,
1100411,11,Эпсилон ПК410,411,Эпсилон,410,,,5954.9,-9366.9,1,
1100412,11,Эпсилон ПК411,412,Эпсилон,411,,,5945.7,-9370.9,1,
1100413,11,Эпсилон ПК412,413,Эпсилон,412,,,5936.5,-9374.9,2,
1100414,11,Эпсилон ПК413,414,Эпсилон,413,,,5927.4,-9379.0,4,
1100415,11,Эпсилон ПК414,415,Эпсилон,414,,,5918.4,-9383.3,17,
1100416,11,Эпсилон ПК415,416,Эпсилон,415,,,5909.4,-9387.6,3,
1100417,11,Эпсилон ПК416,417,Эпсилон,416,,,5900.4,-9392.1,1,
1100418,11,Эпсилон ПК417,418,Эпсилон,417,,,5891.5,-9396.7,1,
1100419,11,Эпсилон ПК418,419,Эпсилон,418,,,5882.7,-9401.4,1,
1100420,11,Эпсилон ПК419,420,Эпсилон,419,,,5873.9,-9406.2,5,
1100421,11,Эпсилон ПК420,421,Эпсилон,420,,,5865.3,-9411.2,1,
1100422,11,Эпсилон ПК421,422,Эпсилон,421,,,5856.6,-9416.2,2,
1100423,11,Эпсилон ПК422,423,Эпсилон,422,,,5848.1,-9421.4,3,
1100424,11,Эпсилон ПК423,424,Эпсилон,423,,,5839.6,-9426.7,16,
1100425,11,Эпсилон ПК424,425,Эпсилон,424,,,5831.2,-9432.1,5,
1100426,11,Эпсилон ПК425,426,Эпсилон,425,,,5822.9,-9437.7,2,
1100427,11,Эпсилон ПК426,427,Эпсилон,426,,,5814.6,-9443.3,2,
1100428,11,Эпсилон ПК427,428,Эпсилон,427,,,5806.4,-9449.0,1,
1100429,11,Эпсилон ПК428,429,Эпсилон,428,,,5798.3,-9454.9,1,
1100430,11,Эпсилон ПК429,430,Эпсилон,429,,,5790.3,-9460.9,1,
1100431,11,Эпсилон ПК430,431,Эпсилон,430,,,5782.4,-9467.1,1,
1100432,11,Эпсилон ПК431,432,Эпсилон,431,,,5774.7,-9473.4,1,
1100433,11,Эпсилон ПК432,433,Эпсилон,432,,,5767.0,-9479.7,3,
1100434,11,Эпсилон ПК433,434,Эпсилон,433,,,5759.4,-9486.2,9,
1100435,11,Эпсилон ПК434,435,Эпсилон,434,,,5751.8,-9492.8,1,
1100436,11,Эпсилон ПК435,436,Эпсилон,435,,,5744.3,-9499.4,1,
1100437,11,Эпсилон ПК436,437,Эпсилон,436,,,5736.9,-9506.1,3,
1100438,11,Эпсилон ПК437,438,Эпсилон,437,,,5729.5,-9512.8,5,
1100439,11,Эпсилон ПК343 Г1 ПК0,439,Эпсилон,0,Г1,343,6615.9,-9277.0,1,
1100440,11,Эпсилон ПК343 Г1 ПК1,440,Эпсилон,1,Г1,343,6615.7,-9287.0,1,
1100441,11,Эпсилон ПК414 Г1 ПК0,441,Эпсилон,0,Г1,414,5918.4,-9383.3,1,
1100442,11,Эпсилон ПК414 Г1 ПК1,442,Эпсилон,1,Г1,414,5911.2,-9376.3,1,
1100443,11,Эпсилон ПК414 Г1 ПК2,443,Эпсилон,2,Г1,414,5904.2,-9369.2,2,
1100444,11,Пси ПК0,444,Пси,0,,,8421.1,-7411.9,7,
1100445,11,Пси ПК1,445,Пси,1,,,8423.9,-7402.3,2,
1100446,11,Пси ПК2,446,Пси,2,,,8426.6,-7392.6,1,
1100447,11,Пси ПК3,447,Пси,3,,,8429.3,-7383.0,1,
1100448,11,Пси ПК4,448,Пси,4,,,8431.9,-7373.4,1,
1100449,11,Пси ПК5,449,Пси,5,,,8434.5,-7363.7,1,
1100450,11,Пси ПК6,450,Пси,6,,,8437.0,-7354.0,1,
1100451,11,Пси ПК7,451,Пси,7,,,8439.4,-7344.3,2,
1100452,11,Пси ПК8,452,Пси,8,,,8441.7,-7334.6,1,
1100453,11,Пси ПК9,453,Пси,9,,,8443.7,-7324.8,1,
1100454,11,Пси ПК10,454,Пси,10,,,8445.5,-7315.0,1,
1100455,11,Пси ПК11,455,Пси,11,,,8447.2,-7305.1,1,
1100456,11,Пси ПК12,456,Пси,12,,,8448.5,-7295.2,1,
1100457,11,Пси ПК13,457,Пси,13,,,8449.7,-7285.3,10,
1100458,11,Пси ПК14,458,Пси,14,,,8450.6,-7275.3,1,
1100459,11,Пси ПК15,459,Пси,15,,,8451.3,-7265.3,2,
1100460,11,Пси ПК16,460,Пси,16,,,8451.8,-7255.3,1,
1100461,11,Пси ПК17,461,Пси,17,,,8452.1,-7245.3,1,
1100462,11,Пси ПК18,462,Пси,18,,,8452.2,-7235.3,1,
1100463,11,Пси ПК19,463,Пси,19,,,8452.2,-7225.3,1,
1100464,11,Пси ПК20,464,Пси,20,,,8452.0,-7215.3,1,
1100465,11,Пси ПК21,465,Пси,21,,,8451.5,-7205.3,2,
1100466,11,Пси ПК22,466,Пси,22,,,8450.9,-7195.4,1,
1100467,11,Пси ПК23,467,Пси,23,,,8450.1,-7185.4,1,
1100468,11,Пси ПК24,468,Пси,24,,,8449.1,-7175.4,1,
1100469,11,Пси ПК25,469,Пси,25,,,8447.9,-7165.5,1,
1100470,11,Пси ПК26,470,Пси,26,,,8446.5,-7155.6,2,
1100471,11,Пси ПК27,471,Пси,27,,,8445.0,-7145.7,1,
1100472,11,Пси ПК28,472,Пси,28,,,8443.3,-7135.9,16,
1100473,11,Пси ПК29,473,Пси,29,,,8441.5,-7126.0,5,
1100474,11,Пси ПК30,474,Пси,30,,,8439.6,-7116.2,2,
1100475,11,Пси ПК31,475,Пси,31,,,8437.6,-7106.4,1,
1100476,11,Пси ПК32,476,Пси,32,,,8435.5,-7096.6,1,
1100477,11,Пси ПК33,477,Пси,33,,,8433.4,-7086.9,1,
1100478,11,Пси ПК34,478,Пси,34,,,8431.2,-7077.1,1,
1100479,11,Пси ПК35,479,Пси,35,,,8429.0,-7067.4,2,
1100480,11,Пси ПК36,480,Пси,36,,,8426.7,-7057.6,1,
1100481,11,Пси ПК37,481,Пси,37,,,8424.3,-7047.9,1,
1100482,11,Пси ПК38,482,Пси,38,,,8421.8,-7038.2,1,
1100483,11,Пси ПК39,483,Пси,39,,,8419.2,-7028.6,1,
1100484,11,Пси ПК40,484,Пси,40,,,8416.5,-7019.0,1,
1100485,11,Пси ПК41,485,Пси,41,,,8413.7,-7009.4,1,
1100486,11,Пси ПК42,486,Пси,42,,,8410.8,-6999.8,11,
1100487,11,Пси ПК43,487,Пси,43,,,8407.9,-6990.2,4,
1100488,11,Пси ПК44,488,Пси,44,,,8404.9,-6980.7,2,
1100489,11,Пси ПК45,489,Пси,45,,,8401.9,-6971.2,1,
1100490,11,Пси ПК46,490,Пси,46,,,8398.7,-6961.7,1,
1100491,11,Пси ПК47,491,Пси,47,,,8395.3,-6952.2,1,
1100492,11,Пси ПК48,492,Пси,48,,,8391.9,-6942.9,1,
1100493,11,Пси ПК49,493,Пси,49,,,8388.4,-6933.5,2,
1100494,11,Пси ПК50,494,Пси,50,,,8384.8,-6924.1,1,
1100495,11,Пси ПК51,495,Пси,51,,,8381.2,-6914.8,1,
1100496,11,Пси ПК52,496,Пси,52,,,8377.6,-6905.5,1,
1100497,11,Пси ПК53,497,Пси,53,,,8373.9,-6896.2,1,
1100498,11,Пси ПК54,498,Пси,54,,,8370.1,-6887.0,1,
1100499,11,Пси ПК55,499,Пси,55,,,8366.3,-6877.7,13,
1100500,11,Пси ПК56,500,Пси,56,,,8362.5,-6868.5,3,
1100501,11,Пси ПК57,501,Пси,57,,,8358.6,-6859.2,2,
1100502,11,Пси ПК58,502,Пси,58,,,8354.8,-6850.0,1,
1100503,11,Пси ПК59,503,Пси,59,,,8351.1,-6840.7,1,
1100504,11,Пси ПК60,504,Пси,60,,,8347.3,-6831.5,1,
1100505,11,Пси ПК61,505,Пси,61,,,8343.5,-6822.2,1,
1100506,11,Пси ПК62,506,Пси,62,,,8339.7,-6813.0,2,
1100507,11,Пси ПК63,507,Пси,63,,,8335.9,-6803.7,1,
1100508,11,Пси ПК64,508,Пси,64,,,8332.1,-6794.5,1,
1100509,11,Пси ПК65,509,Пси,65,,,8328.4,-6785.2,1,
1100510,11,Пси ПК66,510,Пси,66,,,8324.7,-6775.9,1,
1100511,11,Пси ПК67,511,Пси,67,,,8321.0,-6766.6,1,
1100512,11,Пси ПК68,512,Пси,68,,,8317.5,-6757.2,2,
1100513,11,Пси ПК69,513,Пси,69,,,8314.1,-6747.8,14,
1100514,11,Пси ПК70,514,Пси,70,,,8310.7,-6738.4,5,
1100515,11,Пси ПК71,515,Пси,71,,,8307.5,-6729.0,1,
1100516,11,Пси ПК72,516,Пси,72,,,8304.3,-6719.5,2,
1100517,11,Пси ПК73,517,Пси,73,,,8301.1,-6710.0,1,
1100518,11,Пси ПК74,518,Пси,74,,,8298.0,-6700.5,1,
1100519,11,Пси ПК75,519,Пси,75,,,8294.8,-6691.0,1,
1100520,11,Пси ПК76,520,Пси,76,,,8291.7,-6681.5,1,
1100521,11,Пси ПК77,521,Пси,77,,,8288.6,-6672.0,2,
1100522,11,Пси ПК78,522,Пси,78,,,8285.4,-6662.5,1,
1100523,11,Пси ПК79,523,Пси,79,,,8282.0,-6653.1,1,
1100524,11,Пси ПК80,524,Пси,80,,,8278.7,-6643.7,1,
1100525,11,Пси ПК81,525,Пси,81,,,8275.4,-6634.2,10,
1100526,11,Пси ПК82,526,Пси,82,,,8272.0,-6624.8,7,
1100527,11,Пси ПК83,527,Пси,83,,,8268.6,-6615.4,1,
1100528,11,Пси ПК84,528,Пси,84,,,8265.1,-6606.1,2,
1100529,11,Пси ПК85,529,Пси,85,,,8261.6,-6596.7,1,
1100530,11,Пси ПК86,530,Пси,86,,,8258.1,-6587.3,1,
1100531,11,Пси ПК87,531,Пси,87,,,8254.5,-6578.0,1,
1100532,11,Пси ПК88,532,Пси,88,,,8251.0,-6568.6,1,
1100533,11,Пси ПК89,533,Пси,89,,,8247.4,-6559.3,2,
1100534,11,Пси ПК90,534,Пси,90,,,8243.7,-6550.0,1,
1100535,11,Пси ПК91,535,Пси,91,,,8240.1,-6540.7,1,
1100536,11,Пси ПК92,536,Пси,92,,,8236.5,-6531.4,1,
1100537,11,Пси ПК93,537,Пси,93,,,8232.9,-6522.0,10,
1100538,11,Пси ПК94,538,Пси,94,,,8229.4,-6512.6,4,
1100539,11,Пси ПК95,539,Пси,95,,,8226.0,-6503.2,2,
1100540,11,Пси ПК96,540,Пси,96,,,8222.7,-6493.8,1,
1100541,11,Пси ПК97,541,Пси,97,,,8219.6,-6484.3,1,
1100542,11,Пси ПК98,542,Пси,98,,,8216.6,-6474.8,1,
1100543,11,Пси ПК99,543,Пси,99,,,8213.8,-6465.2,1,
1100544,11,Пси ПК100,544,Пси,100,,,8211.0,-6455.5,1,
1100545,11,Пси ПК101,545,Пси,101,,,8208.5,-6445.9,1,
1100546,11,Пси ПК102,546,Пси,102,,,8206.0,-6436.2,2,
1100547,11,Пси ПК103,547,Пси,103,,,8203.7,-6426.5,1,
1100548,11,Пси ПК104,548,Пси,104,,,8201.5,-6416.7,1,
1100549,11,Пси ПК105,549,Пси,105,,,8199.4,-6406.9,1,
1100550,11,Пси ПК106,550,Пси,106,,,8197.4,-6397.1,13,
1100551,11,Пси ПК107,551,Пси,107,,,8195.6,-6387.3,1,
1100552,11,Пси ПК108,552,Пси,108,,,8193.9,-6377.4,2,
1100553,11,Пси ПК109,553,Пси,109,,,8192.4,-6367.6,1,
1100554,11,Пси ПК110,554,Пси,110,,,8190.9,-6357.7,1,
1100555,11,Пси ПК111,555,Пси,111,,,8189.5,-6347.8,1,
1100556,11,Пси ПК112,556,Пси,112,,,8188.1,-6337.9,1,
1100557,11,Пси ПК113,557,Пси,113,,,8186.7,-6328.0,2,
1100558,11,Пси ПК114,558,Пси,114,,,8185.4,-6318.1,1,
1100559,11,Пси ПК115,559,Пси,115,,,8184.0,-6308.1,1,
1100560,11,Пси ПК116,560,Пси,116,,,8182.6,-6298.2,1,
1100561,11,Пси ПК117,561,Пси,117,,,8181.2,-6288.3,1,
1100562,11,Пси ПК118,562,Пси,118,,,8179.9,-6278.4,1,
1100563,11,Пси ПК119,563,Пси,119,,,8178.5,-6268.5,2,
1100564,11,Пси ПК120,564,Пси,120,,,8177.1,-6258.6,1,
1100565,11,Пси ПК121,565,Пси,121,,,8175.8,-6248.7,0,
1100566,11,Пси ПК122,566,Пси,122,,,8174.4,-6238.8,12,
1100567,11,Пси ПК123,567,Пси,123,,,8173.0,-6228.9,2,
1100568,11,Пси ПК124,568,Пси,124,,,8171.5,-6219.0,2,
1100569,11,Пси ПК125,569,Пси,125,,,8170.1,-6209.1,1,
1100570,11,Пси ПК126,570,Пси,126,,,8168.6,-6199.2,0,
1100571,11,Пси ПК127,571,Пси,127,,,8167.2,-6189.3,0,
1100572,11,Пси ПК128,572,Пси,128,,,8165.8,-6179.4,7,
1100573,11,Пси ПК129,573,Пси,129,,,8164.3,-6169.5,2,
1100574,11,Пси ПК130,574,Пси,130,,,8162.8,-6159.7,1,
1100575,11,Пси ПК131,575,Пси,131,,,8161.3,-6149.8,1,
1100576,11,Пси ПК132,576,Пси,132,,,8159.8,-6139.9,1,
1100577,11,Пси ПК133,577,Пси,133,,,8158.2,-6130.0,1,
1100578,11,Пси ПК134,578,Пси,134,,,8156.6,-6120.1,2,
1100579,11,Пси ПК135,579,Пси,135,,,8154.9,-6110.3,1,
1100580,11,Пси ПК136,580,Пси,136,,,8153.2,-6100.4,1,
1100581,11,Пси ПК137,581,Пси,137,,,8151.4,-6090.6,2,
1100582,11,Пси ПК138,582,Пси,138,,,8149.6,-6080.8,13,
1100583,11,Пси ПК139,583,Пси,139,,,8147.9,-6070.9,1,
1100584,11,Пси ПК140,584,Пси,140,,,8146.2,-6061.0,2,
1100585,11,Пси ПК141,585,Пси,141,,,8144.6,-6051.2,1,
1100586,11,Пси ПК142,586,Пси,142,,,8142.9,-6041.3,1,
1100587,11,Пси ПК143,587,Пси,143,,,8141.1,-6031.5,1,
1100588,11,Пси ПК144,588,Пси,144,,,8139.2,-6021.7,1,
1100589,11,Пси ПК145,589,Пси,145,,,8137.3,-6011.9,1,
1100590,11,Пси ПК146,590,Пси,146,,,8135.2,-6002.1,1,
1100591,11,Пси ПК147,591,Пси,147,,,8133.0,-5992.3,13,
1100592,11,Пси ПК148,592,Пси,148,,,8130.7,-5982.6,1,
1100593,11,Пси ПК149,593,Пси,149,,,8128.4,-5972.9,2,
1100594,11,Пси ПК150,594,Пси,150,,,8125.9,-5963.2,1,
1100595,11,Пси ПК151,595,Пси,151,,,8123.3,-5953.5,1,
1100596,11,Пси ПК152,596,Пси,152,,,8120.7,-5943.8,1,
1100597,11,Пси ПК153,597,Пси,153,,,8118.1,-5934.2,1,
1100598,11,Пси ПК154,598,Пси,154,,,8115.5,-5924.5,2,
1100599,11,Пси ПК155,599,Пси,155,,,8113.0,-5914.9,1,
1100600,11,Пси ПК156,600,Пси,156,,,8110.4,-5905.2,1,
1100601,11,Пси ПК157,601,Пси,157,,,8108.0,-5895.5,7,
1100602,11,Хи ПК0,602,Хи,0,,,6946.1,-7794.1,13,
1100603,11,Хи ПК1,603,Хи,1,,,6944.6,-7784.2,2,
1100604,11,Хи ПК2,604,Хи,2,,,6943.0,-7774.3,2,
1100605,11,Хи ПК3,605,Хи,3,,,6941.6,-7764.4,0,
1100606,11,Хи ПК4,606,Хи,4,,,6940.2,-7754.5,9,
1100607,11,Хи ПК5,607,Хи,5,,,6938.8,-7744.6,0,
1100608,11,Хи ПК6,608,Хи,6,,,6937.5,-7734.7,0,
1100609,11,Хи ПК7,609,Хи,7,,,6936.1,-7724.8,0,
1100610,11,Хи ПК8,610,Хи,8,,,6934.8,-7714.9,0,
1100611,11,Хи ПК9,611,Хи,9,,,6933.5,-7704.9,0,
1100612,11,Хи ПК10,612,Хи,10,,,6932.2,-7695.0,1,
1100613,11,Хи ПК11,613,Хи,11,,,6930.9,-7685.1,0,
1100614,11,Хи ПК12,614,Хи,12,,,6929.6,-7675.2,0,
1100615,11,Хи ПК13,615,Хи,13,,,6928.3,-7665.3,0,
1100616,11,Хи ПК14,616,Хи,14,,,6926.9,-7655.4,0,
1100617,11,Хи ПК15,617,Хи,15,,,6925.4,-7645.5,0,
1100618,11,Хи ПК16,618,Хи,16,,,6923.8,-7635.6,0,
1100619,11,Хи ПК17,619,Хи,17,,,6922.1,-7625.8,0,
1100620,11,Хи ПК18,620,Хи,18,,,6920.4,-7615.9,0,
1100621,11,Хи ПК19,621,Хи,19,,,6918.6,-7606.1,2,
1100622,11,Хи ПК20,622,Хи,20,,,6916.9,-7596.2,14,
1100623,11,Хи ПК21,623,Хи,21,,,6915.1,-7586.4,1,
1100624,11,Хи ПК22,624,Хи,22,,,6913.3,-7576.6,0,
1100625,11,Хи ПК23,625,Хи,23,,,6911.4,-7566.7,0,
1100626,11,Хи ПК24,626,Хи,24,,,6909.4,-7556.9,0,
1100627,11,Хи ПК25,627,Хи,25,,,6907.3,-7547.2,0,
1100628,11,Хи ПК26,628,Хи,26,,,6905.1,-7537.4,0,
1100629,11,Хи ПК27,629,Хи,27,,,6902.8,-7527.7,0,
1100630,11,Хи ПК28,630,Хи,28,,,6900.4,-7518.0,1,
1100631,11,Хи ПК29,631,Хи,29,,,6897.9,-7508.3,0,
1100632,11,Хи ПК30,632,Хи,30,,,6895.3,-7498.6,0,
1100633,11,Хи ПК31,633,Хи,31,,,6892.5,-7489.0,0,
1100634,11,Хи ПК32,634,Хи,32,,,6889.6,-7479.5,0,
1100635,11,Хи ПК33,635,Хи,33,,,6886.5,-7469.9,0,
1100636,11,Хи ПК34,636,Хи,34,,,6883.3,-7460.5,0,
1100637,11,Хи ПК35,637,Хи,35,,,6880.0,-7451.0,2,
1100638,11,Хи ПК36,638,Хи,36,,,6876.7,-7441.6,11,
1100639,11,Хи ПК37,639,Хи,37,,,6873.3,-7432.2,1,
1100640,11,Хи ПК38,640,Хи,38,,,6869.9,-7422.8,0,
1100641,11,Хи ПК39,641,Хи,39,,,6866.6,-7413.4,0,
1100642,11,Хи ПК40,642,Хи,40,,,6863.2,-7403.9,0,
1100643,11,Хи ПК41,643,Хи,41,,,6859.9,-7394.5,0,
1100644,11,Хи ПК42,644,Хи,42,,,6856.7,-7385.0,0,
1100645,11,Хи ПК43,645,Хи,43,,,6853.4,-7375.6,0,
1100646,11,Хи ПК44,646,Хи,44,,,6850.2,-7366.1,1,
1100647,11,Хи ПК45,647,Хи,45,,,6846.9,-7356.7,0,
1100648,11,Хи ПК46,648,Хи,46,,,6843.7,-7347.2,0,
1100649,11,Хи ПК47,649,Хи,47,,,6840.5,-7337.7,0,
1100650,11,Хи ПК48,650,Хи,48,,,6837.4,-7328.2,0,
1100651,11,Хи ПК49,651,Хи,49,,,6834.3,-7318.7,0,
1100652,11,Хи ПК50,652,Хи,50,,,6831.3,-7309.2,1,
1100653,11,Хи ПК51,653,Хи,51,,,6828.3,-7299.6,9,
1100654,11,Хи ПК52,654,Хи,52,,,6825.4,-7290.1,1,
1100655,11,Хи ПК53,655,Хи,53,,,6822.5,-7280.5,0,
1100656,11,Хи ПК54,656,Хи,54,,,6819.6,-7270.9,0,
1100657,11,Хи ПК55,657,Хи,55,,,6816.8,-7261.3,0,
1100658,11,Хи ПК56,658,Хи,56,,,6814.1,-7251.7,0,
1100659,11,Хи ПК57,659,Хи,57,,,6811.4,-7242.1,0,
1100660,11,Хи ПК58,660,Хи,58,,,6808.7,-7232.4,0,
1100661,11,Хи ПК59,661,Хи,59,,,6806.1,-7222.8,0,
1100662,11,Хи ПК60,662,Хи,60,,,6803.5,-7213.1,0,
1100663,11,Хи ПК61,663,Хи,61,,,6800.9,-7203.5,1,
1100664,11,Хи ПК62,664,Хи,62,,,6798.3,-7193.8,0,
1100665,11,Хи ПК63,665,Хи,63,,,6795.8,-7184.1,0,
1100666,11,Хи ПК64,666,Хи,64,,,6793.4,-7174.4,0,
1100667,11,Хи ПК65,667,Хи,65,,,6790.9,-7164.7,0,
1100668,11,Хи ПК66,668,Хи,66,,,6788.5,-7155.0,0,
1100669,11,Хи ПК67,669,Хи,67,,,6786.1,-7145.3,0,
1100670,11,Хи ПК68,670,Хи,68,,,6783.5,-7135.6,0,
1100671,11,Хи ПК69,671,Хи,69,,,6781.0,-7126.0,0,
1100672,11,Хи ПК70,672,Хи,70,,,6778.3,-7116.3,0,
1100673,11,Хи ПК71,673,Хи,71,,,6775.7,-7106.7,1,
1100674,11,Хи ПК72,674,Хи,72,,,6772.9,-7097.1,11,
1100675,11,Хи ПК73,675,Хи,73,,,6770.1,-7087.5,1,
1100676,11,Хи ПК74,676,Хи,74,,,6767.3,-7077.9,0,
1100677,11,Хи ПК75,677,Хи,75,,,6764.3,-7068.3,0,
1100678,11,Хи ПК76,678,Хи,76,,,6761.3,-7058.8,0,
1100679,11,Хи ПК77,679,Хи,77,,,6758.2,-7049.3,0,
1100680,11,Хи ПК78,680,Хи,78,,,6754.9,-7039.9,0,
1100681,11,Хи ПК79,681,Хи,79,,,6751.6,-7030.4,0,
1100682,11,Хи ПК80,682,Хи,80,,,6748.1,-7021.0,0,
1100683,11,Хи ПК81,683,Хи,81,,,6744.6,-7011.7,0,
1100684,11,Хи ПК82,684,Хи,82,,,6741.1,-7002.3,1,
1100685,11,Хи ПК83,685,Хи,83,,,6737.6,-6993.0,0,
1100686,11,Хи ПК84,686,Хи,84,,,6734.1,-6983.6,2,
1100687,11,Хи ПК85,687,Хи,85,,,6730.6,-6974.2,0,
1100688,11,Хи ПК86,688,Хи,86,,,6727.0,-6964.9,0,
1100689,11,Хи ПК87,689,Хи,87,,,6723.4,-6955.6,0,
1100690,11,Хи ПК88,690,Хи,88,,,6719.7,-6946.3,0,
1100691,11,Хи ПК89,691,Хи,89,,,6716.0,-6937.0,0,
1100692,11,Хи ПК90,692,Хи,90,,,6712.3,-6927.7,0,
1100693,11,Хи ПК91,693,Хи,91,,,6708.6,-6918.4,1,
1100694,11,Хи ПК92,694,Хи,92,,,6704.7,-6909.2,3,
1200001,12,Зита ПК0,1,Зита,0,,,14129.9,-7349.2,29,
1200002,12,Зита ПК1,2,Зита,1,,,14129.0,-7339.3,3,
1200003,12,Зита ПК2,3,Зита,2,,,14128.0,-7329.3,2,
1200004,12,Зита ПК3,4,Зита,3,,,14127.0,-7319.4,1,
1200005,12,Зита ПК4,5,Зита,4,,,14125.9,-7309.4,1,
1200006,12,Зита ПК5,6,Зита,5,,,14124.7,-7299.5,1,
1200007,12,Зита ПК6,7,Зита,6,,,14123.3,-7289.6,1,
1200008,12,Зита ПК7,8,Зита,7,,,14121.9,-7279.7,1,
1200009,12,Зита ПК8,9,Зита,8,,,14120.3,-7269.8,9,
1200010,12,Зита ПК9,10,Зита,9,,,14118.7,-7260.0,0,
1200011,12,Зита ПК10,11,Зита,10,,,14117.1,-7250.1,0,
1200012,12,Зита ПК11,12,Зита,11,,,14115.3,-7240.2,0,
1200013,12,Зита ПК12,13,Зита,12,,,14113.6,-7230.4,0,
1200014,12,Зита ПК13,14,Зита,13,,,14111.9,-7220.6,0,
1200015,12,Зита ПК14,15,Зита,14,,,14110.0,-7210.7,0,
1200016,12,Зита ПК15,16,Зита,15,,,14108.2,-7200.9,0,
1200017,12,Зита ПК16,17,Зита,16,,,14106.2,-7191.1,0,
1200018,12,Зита ПК17,18,Зита,17,,,14104.2,-7181.3,0,
1200019,12,Зита ПК18,19,Зита,18,,,14102.1,-7171.5,0,
1200020,12,Зита ПК19,20,Зита,19,,,14099.9,-7161.8,0,
1200021,12,Зита ПК20,21,Зита,20,,,14097.6,-7152.0,3,
1200022,12,Зита ПК21,22,Зита,21,,,14095.3,-7142.3,0,
1200023,12,Зита ПК22,23,Зита,22,,,14093.0,-7132.6,1,
1200024,12,Зита ПК23,24,Зита,23,,,14090.7,-7122.8,0,
1200025,12,Зита ПК24,25,Зита,24,,,14088.5,-7113.1,0,
1200026,12,Зита ПК25,26,Зита,25,,,14086.3,-7103.3,0,
1200027,12,Зита ПК26,27,Зита,26,,,14084.1,-7093.6,0,
1200028,12,Зита ПК27,28,Зита,27,,,14081.9,-7083.8,0,
1200029,12,Зита ПК28,29,Зита,28,,,14079.5,-7074.1,0,
1200030,12,Зита ПК29,30,Зита,29,,,14077.1,-7064.4,0,
1200031,12,Зита ПК30,31,Зита,30,,,14074.7,-7054.7,0,
1200032,12,Зита ПК31,32,Зита,31,,,14072.3,-7045.0,0,
1200033,12,Зита ПК32,33,Зита,32,,,14069.9,-7035.3,0,
1200034,12,Зита ПК33,34,Зита,33,,,14067.5,-7025.6,0,
1200035,12,Зита ПК34,35,Зита,34,,,14065.3,-7015.8,0,
1200036,12,Зита ПК35,36,Зита,35,,,14063.0,-7006.1,10,
1200037,12,Зита ПК36,37,Зита,36,,,14060.9,-6996.3,0,
1200038,12,Зита ПК37,38,Зита,37,,,14058.7,-6986.5,0,
1200039,12,Зита ПК38,39,Зита,38,,,14056.6,-6976.8,0,
1200040,12,Зита ПК39,40,Зита,39,,,14054.6,-6967.0,0,
1200041,12,Зита ПК40,41,Зита,40,,,14052.5,-6957.2,0,
1200042,12,Зита ПК41,42,Зита,41,,,14050.5,-6947.4,0,
1200043,12,Зита ПК42,43,Зита,42,,,14048.5,-6937.6,0,
1200044,12,Зита ПК43,44,Зита,43,,,14046.5,-6927.8,0,
1200045,12,Зита ПК44,45,Зита,44,,,14044.7,-6918.0,0,
1200046,12,Зита ПК45,46,Зита,45,,,14042.8,-6908.1,0,
1200047,12,Зита ПК46,47,Зита,46,,,14041.1,-6898.3,0,
1200048,12,Зита ПК47,48,Зита,47,,,14039.4,-6888.4,0,
1200049,12,Зита ПК48,49,Зита,48,,,14037.8,-6878.6,0,
1200050,12,Зита ПК49,50,Зита,49,,,14036.4,-6868.7,0,
1200051,12,Зита ПК50,51,Зита,50,,,14034.9,-6858.8,1,
1200052,12,Зита ПК51,52,Зита,51,,,14033.6,-6848.9,0,
1200053,12,Зита ПК52,53,Зита,52,,,14032.2,-6839.0,0,
1200054,12,Зита ПК53,54,Зита,53,,,14030.9,-6829.0,0,
1200055,12,Зита ПК54,55,Зита,54,,,14029.7,-6819.1,0,
1200056,12,Зита ПК55,56,Зита,55,,,14028.4,-6809.2,0,
1200057,12,Зита ПК56,57,Зита,56,,,14027.3,-6799.3,3,
1200058,12,Зита ПК57,58,Зита,57,,,14026.1,-6789.3,0,
1200059,12,Зита ПК58,59,Зита,58,,,14025.1,-6779.4,0,
1200060,12,Зита ПК59,60,Зита,59,,,14024.0,-6769.4,0,
1200061,12,Зита ПК60,61,Зита,60,,,14022.9,-6759.5,0,
1200062,12,Зита ПК61,62,Зита,61,,,14021.7,-6749.6,0,
1200063,12,Зита ПК62,63,Зита,62,,,14020.6,-6739.6,0,
1200064,12,Зита ПК63,64,Зита,63,,,14019.3,-6729.7,0,
1200065,12,Зита ПК64,65,Зита,64,,,14018.0,-6719.8,0,
1200066,12,Зита ПК65,66,Зита,65,,,14016.7,-6709.9,1,
1200067,12,Зита ПК66,67,Зита,66,,,14015.3,-6700.0,4,
1200068,12,Зита ПК67,68,Зита,67,,,14014.0,-6690.1,0,
1200069,12,Зита ПК68,69,Зита,68,,,14012.5,-6680.2,1,
1200070,12,Зита ПК69,70,Зита,69,,,14011.0,-6670.3,0,
1200071,12,Зита ПК70,71,Зита,70,,,14009.5,-6660.4,0,
1200072,12,Зита ПК71,72,Зита,71,,,14007.9,-6650.5,2,
1200073,12,Фита ПК0,73,Фита,0,,,15116.3,-6502.6,9,сопряжение с место 25
1200074,12,Фита ПК1,74,Фита,1,,,15124.6,-6508.2,0,
1200075,12,Фита ПК2,75,Фита,2,,,15132.9,-6513.8,0,
1200076,12,Фита ПК3,76,Фита,3,,,15141.1,-6519.6,0,
1200077,12,Фита ПК4,77,Фита,4,,,15149.2,-6525.4,0,
1200078,12,Фита ПК5,78,Фита,5,,,15157.3,-6531.2,0,
1200079,12,Фита ПК6,79,Фита,6,,,15165.4,-6537.1,1,
1200080,12,Фита ПК7,80,Фита,7,,,15173.4,-6543.1,0,
1200081,12,Фита ПК8,81,Фита,8,,,15181.4,-6549.0,0,
1200082,12,Фита ПК9,82,Фита,9,,,15189.5,-6555.0,0,
1200083,12,Фита ПК10,83,Фита,10,,,15197.5,-6561.0,0,
1200084,12,Фита ПК11,84,Фита,11,,,15205.5,-6566.9,0,
1200085,12,Фита ПК12,85,Фита,12,,,15213.5,-6573.0,0,
1200086,12,Фита ПК13,86,Фита,13,,,15221.5,-6579.0,0,
1200087,12,Фита ПК14,87,Фита,14,,,15229.4,-6585.0,0,
1200088,12,Фита ПК15,88,Фита,15,,,15237.4,-6591.1,0,
1200089,12,Фита ПК16,89,Фита,16,,,15245.4,-6597.1,0,
1200090,12,Фита ПК17,90,Фита,17,,,15253.4,-6603.0,0,
1200091,12,Фита ПК18,91,Фита,18,,,15261.4,-6609.0,0,
1200092,12,Фита ПК19,92,Фита,19,,,15269.4,-6615.0,0,
1200093,12,Фита ПК20,93,Фита,20,,,15277.5,-6621.0,6,
1200094,12,Фита ПК21,94,Фита,21,,,15285.5,-6627.0,0,
1200095,12,Фита ПК22,95,Фита,22,,,15293.5,-6633.0,0,
1200096,12,Фита ПК23,96,Фита,23,,,15301.5,-6639.0,0,
1200097,12,Фита ПК24,97,Фита,24,,,15309.5,-6645.0,0,
1200098,12,Фита ПК25,98,Фита,25,,,15317.5,-6650.9,0,
1200099,12,Фита ПК26,99,Фита,26,,,15325.6,-6656.9,0,
1200100,12,Фита ПК27,100,Фита,27,,,15333.6,-6662.8,0,
1200101,12,Фита ПК28,101,Фита,28,,,15341.7,-6668.7,0,
1200102,12,Фита ПК29,102,Фита,29,,,15349.7,-6674.7,0,
1200103,12,Фита ПК30,103,Фита,30,,,15357.7,-6680.7,0,
1200104,12,Фита ПК31,104,Фита,31,,,15365.7,-6686.7,0,
1200105,12,Фита ПК32,105,Фита,32,,,15373.8,-6692.6,1,
1200106,12,Фита ПК33,106,Фита,33,,,15381.9,-6698.4,0,
1200107,12,Фита ПК34,107,Фита,34,,,15390.1,-6704.1,0,
1200108,12,Фита ПК35,108,Фита,35,,,15398.3,-6709.8,4,
1200109,12,Фита ПК36,109,Фита,36,,,15406.6,-6715.5,0,
1200110,12,Фита ПК37,110,Фита,37,,,15414.8,-6721.1,0,
1200111,12,Фита ПК38,111,Фита,38,,,15423.0,-6726.8,0,
1200112,12,Фита ПК39,112,Фита,39,,,15431.2,-6732.6,0,
1200113,12,Фита ПК40,113,Фита,40,,,15439.4,-6738.3,0,
1200114,12,Фита ПК41,114,Фита,41,,,15447.6,-6744.1,0,
1200115,12,Фита ПК42,115,Фита,42,,,15455.7,-6749.9,0,
1200116,12,Фита ПК43,116,Фита,43,,,15463.8,-6755.7,0,
1200117,12,Фита ПК44,117,Фита,44,,,15472.0,-6761.5,0,
1200118,12,Фита ПК45,118,Фита,45,,,15480.2,-6767.3,0,
1200119,12,Фита ПК46,119,Фита,46,,,15488.4,-6773.0,0,
1200120,12,Фита ПК47,120,Фита,47,,,15496.6,-6778.7,0,
1200121,12,Фита ПК48,121,Фита,48,,,15504.9,-6784.3,0,
1200122,12,Фита ПК49,122,Фита,49,,,15513.2,-6789.8,0,
1200123,12,Фита ПК50,123,Фита,50,,,15521.6,-6795.3,0,
1200124,12,Фита ПК51,124,Фита,51,,,15530.0,-6800.7,0,
1200125,12,Фита ПК52,125,Фита,52,,,15538.5,-6805.9,0,
1200126,12,Фита ПК53,126,Фита,53,,,15547.1,-6811.1,0,
1200127,12,Фита ПК54,127,Фита,54,,,15555.7,-6816.1,0,
1200128,12,Фита ПК55,128,Фита,55,,,15564.5,-6821.0,1,
1200129,12,Фита ПК56,129,Фита,56,,,15573.3,-6825.7,13,
1200130,12,Фита ПК57,130,Фита,57,,,15582.3,-6830.1,2,
1200131,12,Фита ПК58,131,Фита,58,,,15591.3,-6834.4,0,
1200132,12,Фита ПК59,132,Фита,59,,,15600.5,-6838.4,0,
1200133,12,Фита ПК60,133,Фита,60,,,15609.7,-6842.2,3,
1200134,12,Фита ПК61,134,Фита,61,,,15619.1,-6845.8,1,
1200135,12,Фита ПК62,135,Фита,62,,,15628.4,-6849.2,3,
1200136,12,Фита ПК63,136,Фита,63,,,15637.9,-6852.6,0,
1200137,12,Фита ПК64,137,Фита,64,,,15647.3,-6855.9,1,
1200138,12,Фита ПК65,138,Фита,65,,,15656.7,-6859.3,2,
1200139,12,Фита ПК66,139,Фита,66,,,15666.1,-6862.6,2,
1200140,12,Фита ПК67,140,Фита,67,,,15675.6,-6865.9,5,
1200141,12,Фита ПК68,141,Фита,68,,,15685.0,-6869.2,3,
1200142,12,Фита ПК69,142,Фита,69,,,15694.5,-6872.5,8,
1200143,12,Фита ПК70,143,Фита,70,,,15704.0,-6875.6,0,
1200144,12,Фита ПК71,144,Фита,71,,,15713.4,-6878.8,15,
1200145,12,Дзета ПК0,145,Дзета,0,,,12002.6,-8844.2,9,сопряжение с место 3
1200146,12,Дзета ПК1,146,Дзета,1,,,11994.9,-8837.8,4,
1200147,12,Дзета ПК2,147,Дзета,2,,,11987.3,-8831.4,10,
1200148,12,Дзета ПК3,148,Дзета,3,,,11979.7,-8824.9,2,
1200149,12,Дзета ПК4,149,Дзета,4,,,11972.2,-8818.2,2,
1200150,12,Дзета ПК5,150,Дзета,5,,,11964.8,-8811.5,1,
1200151,12,Дзета ПК6,151,Дзета,6,,,11957.6,-8804.6,1,
1200152,12,Дзета ПК7,152,Дзета,7,,,11950.4,-8797.7,2,
1200153,12,Дзета ПК8,153,Дзета,8,,,11943.3,-8790.6,2,
1200154,12,Дзета ПК9,154,Дзета,9,,,11936.2,-8783.5,1,
1200155,12,Дзета ПК10,155,Дзета,10,,,11929.2,-8776.4,2,
1200156,12,Дзета ПК11,156,Дзета,11,,,11922.3,-8769.2,1,
1200157,12,Дзета ПК12,157,Дзета,12,,,11915.3,-8762.1,2,
1200158,12,Дзета ПК13,158,Дзета,13,,,11908.3,-8754.9,2,
1200159,12,Дзета ПК14,159,Дзета,14,,,11901.3,-8747.7,1,
1200160,12,Дзета ПК15,160,Дзета,15,,,11894.3,-8740.6,2,
1200161,12,Дзета ПК16,161,Дзета,16,,,11887.3,-8733.4,1,
1200162,12,Дзета ПК17,162,Дзета,17,,,11880.3,-8726.3,2,
1200163,12,Дзета ПК18,163,Дзета,18,,,11873.2,-8719.3,1,
1200164,12,Дзета ПК19,164,Дзета,19,,,11866.0,-8712.4,2,
1200165,12,Дзета ПК20,165,Дзета,20,,,11858.8,-8705.4,3,
1200166,12,Дзета ПК21,166,Дзета,21,,,11851.6,-8698.4,1,
1200167,12,Дзета ПК22,167,Дзета,22,,,11844.5,-8691.5,2,
1200168,12,Дзета ПК23,168,Дзета,23,,,11837.4,-8684.4,19,
1200169,12,Дзета ПК24,169,Дзета,24,,,11830.3,-8677.3,2,
1200170,12,Дзета ПК25,170,Дзета,25,,,11823.4,-8670.1,2,
1200171,12,Дзета ПК26,171,Дзета,26,,,11816.6,-8662.8,0,
1200172,12,Дзета ПК27,172,Дзета,27,,,11809.8,-8655.4,2,
1200173,12,Дзета ПК28,173,Дзета,28,,,11803.2,-8647.9,1,
1200174,12,Дзета ПК29,174,Дзета,29,,,11796.7,-8640.3,2,
1200175,12,Дзета ПК30,175,Дзета,30,,,11790.3,-8632.7,1,
1200176,12,Дзета ПК31,176,Дзета,31,,,11783.9,-8625.0,1,
1200177,12,Дзета ПК32,177,Дзета,32,,,11777.6,-8617.2,1,
1200178,12,Дзета ПК33,178,Дзета,33,,,11771.3,-8609.4,1,
1200179,12,Дзета ПК34,179,Дзета,34,,,11765.1,-8601.6,2,
1200180,12,Дзета ПК35,180,Дзета,35,,,11759.0,-8593.7,2,
1200181,12,Дзета ПК36,181,Дзета,36,,,11752.9,-8585.7,2,
1200182,12,Дзета ПК37,182,Дзета,37,,,11747.0,-8577.7,2,
1200183,12,Дзета ПК38,183,Дзета,38,,,11741.1,-8569.6,2,
1200184,12,Дзета ПК39,184,Дзета,39,,,11735.4,-8561.4,1,
1200185,12,Дзета ПК40,185,Дзета,40,,,11729.7,-8553.2,1,
1200186,12,Дзета ПК41,186,Дзета,41,,,11724.1,-8544.9,2,
1200187,12,Дзета ПК42,187,Дзета,42,,,11718.7,-8536.5,1,
1200188,12,Дзета ПК43,188,Дзета,43,,,11713.5,-8527.9,1,
1200189,12,Дзета ПК44,189,Дзета,44,,,11708.5,-8519.3,2,
1200190,12,Дзета ПК45,190,Дзета,45,,,11703.7,-8510.5,2,
1200191,12,Дзета ПК46,191,Дзета,46,,,11699.0,-8501.6,1,
1200192,12,Дзета ПК47,192,Дзета,47,,,11694.6,-8492.7,1,
1200193,12,Дзета ПК48,193,Дзета,48,,,11690.3,-8483.6,7,
1200194,12,Дзета ПК49,194,Дзета,49,,,11686.3,-8474.5,3,
1200195,12,Дзета ПК50,195,Дзета,50,,,11682.4,-8465.3,2,
1200196,12,Дзета ПК51,196,Дзета,51,,,11678.7,-8456.0,3,
1200197,12,Дзета ПК52,197,Дзета,52,,,11675.1,-8446.7,3,
1200198,12,Дзета ПК53,198,Дзета,53,,,11671.5,-8437.3,10,
1200199,12,Дзета ПК54,199,Дзета,54,,,11668.1,-8427.9,3,
1200200,12,Дзета ПК55,200,Дзета,55,,,11664.7,-8418.5,7,
1200201,12,Дзета ПК56,201,Дзета,56,,,11661.4,-8409.1,2,
1200202,12,Дзета ПК57,202,Дзета,57,,,11658.2,-8399.6,1,
1200203,12,Дзета ПК58,203,Дзета,58,,,11655.1,-8390.1,6,
1200204,12,Дзета ПК59,204,Дзета,59,,,11652.1,-8380.5,1,
1200205,12,Дзета ПК60,205,Дзета,60,,,11649.2,-8371.0,1,
1200206,12,Дзета ПК61,206,Дзета,61,,,11646.4,-8361.4,2,
1200207,12,Дзета ПК62,207,Дзета,62,,,11643.7,-8351.8,1,
1200208,12,Дзета ПК63,208,Дзета,63,,,11641.0,-8342.1,1,
1200209,12,Дзета ПК64,209,Дзета,64,,,11638.3,-8332.5,1,
1200210,12,Дзета ПК65,210,Дзета,65,,,11635.7,-8322.8,1,
1200211,12,Дзета ПК66,211,Дзета,66,,,11633.2,-8313.2,1,
1200212,12,Дзета ПК67,212,Дзета,67,,,11630.6,-8303.5,2,
1200213,12,Дзета ПК68,213,Дзета,68,,,11628.1,-8293.8,1,
1200214,12,Дзета ПК69,214,Дзета,69,,,11625.6,-8284.1,1,
1200215,12,Дзета ПК70,215,Дзета,70,,,11623.1,-8274.5,6,сопряжение с место 17
1200216,12,Дзета ПК71,216,Дзета,71,,,11620.7,-8264.7,8,
1200217,12,Дзета ПК72,217,Дзета,72,,,11618.4,-8255.0,3,
1200218,12,Дзета ПК73,218,Дзета,73,,,11616.2,-8245.3,1,
1200219,12,Дзета ПК74,219,Дзета,74,,,11614.0,-8235.5,2,
1200220,12,Дзета ПК75,220,Дзета,75,,,11611.8,-8225.7,1,
1200221,12,Дзета ПК76,221,Дзета,76,,,11609.6,-8216.0,1,
1200222,12,Дзета ПК77,222,Дзета,77,,,11607.3,-8206.3,2,
1200223,12,Дзета ПК78,223,Дзета,78,,,11605.1,-8196.5,1,
1200224,12,Дзета ПК79,224,Дзета,79,,,11602.8,-8186.8,1,
1200225,12,Дзета ПК80,225,Дзета,80,,,11600.5,-8177.1,2,
1200226,12,Дзета ПК81,226,Дзета,81,,,11598.2,-8167.3,12,
1200227,12,Дзета ПК82,227,Дзета,82,,,11596.1,-8157.5,17,
1200228,12,Дзета ПК83,228,Дзета,83,,,11594.1,-8147.7,2,
1200229,12,Дзета ПК84,229,Дзета,84,,,11592.2,-8137.9,1,
1200230,12,Дзета ПК85,230,Дзета,85,,,11590.5,-8128.1,1,
1200231,12,Дзета ПК86,231,Дзета,86,,,11588.8,-8118.2,1,
1200232,12,Дзета ПК87,232,Дзета,87,,,11587.3,-8108.3,3,
1200233,12,Дзета ПК88,233,Дзета,88,,,11585.8,-8098.4,1,
1200234,12,Дзета ПК89,234,Дзета,89,,,11584.5,-8088.5,2,
1200235,12,Дзета ПК90,235,Дзета,90,,,11583.2,-8078.6,2,
1200236,12,Дзета ПК91,236,Дзета,91,,,11582.1,-8068.7,1,
1200237,12,Дзета ПК92,237,Дзета,92,,,11581.1,-8058.7,1,
1200238,12,Дзета ПК93,238,Дзета,93,,,11580.1,-8048.8,3,
1200239,12,Дзета ПК94,239,Дзета,94,,,11579.0,-8038.8,1,
1200240,12,Дзета ПК95,240,Дзета,95,,,11577.9,-8028.9,1,
1200241,12,Дзета ПК96,241,Дзета,96,,,11576.6,-8019.0,1,
1200242,12,Дзета ПК97,242,Дзета,97,,,11575.2,-8009.1,1,
1200243,12,Дзета ПК98,243,Дзета,98,,,11573.6,-7999.2,2,
1200244,12,Дзета ПК99,244,Дзета,99,,,11571.8,-7989.4,2,
1200245,12,Дзета ПК100,245,Дзета,100,,,11569.7,-7979.6,1,
1200246,12,Дзета ПК101,246,Дзета,101,,,11567.5,-7969.8,1,
1200247,12,Дзета ПК102,247,Дзета,102,,,11564.9,-7960.2,1,
1200248,12,Дзета ПК103,248,Дзета,103,,,11562.2,-7950.5,1,
1200249,12,Дзета ПК104,249,Дзета,104,,,11559.2,-7941.0,1,
1200250,12,Дзета ПК105,250,Дзета,105,,,11556.1,-7931.5,6,
1200251,12,Дзета ПК106,251,Дзета,106,,,11552.8,-7922.1,1,
1200252,12,Дзета ПК107,252,Дзета,107,,,11549.3,-7912.7,3,
1200253,12,Дзета ПК108,253,Дзета,108,,,11545.7,-7903.4,6,
1200254,12,Дзета ПК109,254,Дзета,109,,,11542.0,-7894.1,1,
1200255,12,Дзета ПК110,255,Дзета,110,,,11538.1,-7884.9,3,
1200256,12,Дзета ПК111,256,Дзета,111,,,11534.2,-7875.6,1,
1200257,12,Дзета ПК112,257,Дзета,112,,,11530.2,-7866.5,1,
1200258,12,Дзета ПК113,258,Дзета,113,,,11526.1,-7857.4,1,
1200259,12,Дзета ПК114,259,Дзета,114,,,11521.8,-7848.3,1,
1200260,12,Дзета ПК115,260,Дзета,115,,,11517.3,-7839.4,2,
1200261,12,Дзета ПК116,261,Дзета,116,,,11512.7,-7830.5,2,
1200262,12,Дзета ПК117,262,Дзета,117,,,11508.0,-7821.7,1,
1200263,12,Дзета ПК118,263,Дзета,118,,,11503.1,-7813.0,2,
1200264,12,Дзета ПК119,264,Дзета,119,,,11498.0,-7804.4,1,
1200265,12,Дзета ПК120,265,Дзета,120,,,11492.7,-7795.9,4,
1200266,12,Дзета ПК121,266,Дзета,121,,,11487.3,-7787.5,1,
1200267,12,Дзета ПК122,267,Дзета,122,,,11481.8,-7779.2,1,
1200268,12,Дзета ПК123,268,Дзета,123,,,11476.1,-7770.9,4,
1200269,12,Дзета ПК124,269,Дзета,124,,,11470.2,-7762.8,1,
1200270,12,Дзета ПК125,270,Дзета,125,,,11464.3,-7754.8,1,
1200271,12,Дзета ПК126,271,Дзета,126,,,11458.3,-7746.8,2,
1200272,12,Дзета ПК127,272,Дзета,127,,,11452.2,-7738.9,1,
1200273,12,Дзета ПК128,273,Дзета,128,,,11446.0,-7731.0,1,
1200274,12,Дзета ПК129,274,Дзета,129,,,11439.7,-7723.2,1,
1200275,12,Дзета ПК130,275,Дзета,130,,,11433.4,-7715.5,1,
1200276,12,Дзета ПК131,276,Дзета,131,,,11427.0,-7707.8,2,
1200277,12,Дзета ПК132,277,Дзета,132,,,11420.4,-7700.2,17,
1200278,12,Дзета ПК133,278,Дзета,133,,,11413.8,-7692.7,9,
1200279,12,Дзета ПК134,279,Дзета,134,,,11407.1,-7685.3,1,
1200280,12,Дзета ПК135,280,Дзета,135,,,11400.3,-7678.0,1,
1200281,12,Дзета ПК136,281,Дзета,136,,,11393.3,-7670.8,2,
1200282,12,Дзета ПК137,282,Дзета,137,,,11386.2,-7663.8,2,
1200283,12,Дзета ПК138,283,Дзета,138,,,11379.0,-7656.9,1,
1200284,12,Дзета ПК139,284,Дзета,139,,,11371.7,-7650.1,0,
1200285,12,Дзета ПК140,285,Дзета,140,,,11364.2,-7643.5,1,
1200286,12,Дзета ПК141,286,Дзета,141,,,11356.5,-7637.0,1,
1200287,12,Дзета ПК142,287,Дзета,142,,,11348.8,-7630.7,3,
1200288,12,Дзета ПК143,288,Дзета,143,,,11340.9,-7624.6,4,
1200289,12,Дзета ПК144,289,Дзета,144,,,11332.9,-7618.6,2,
1200290,12,Дзета ПК145,290,Дзета,145,,,11324.7,-7612.8,3,
1200291,12,Дзета ПК146,291,Дзета,146,,,11316.4,-7607.2,1,
1200292,12,Дзета ПК147,292,Дзета,147,,,11308.0,-7601.8,3,
1200293,12,Дзета ПК148,293,Дзета,148,,,11299.5,-7596.6,1,
1200294,12,Дзета ПК149,294,Дзета,149,,,11290.9,-7591.4,1,
1200295,12,Дзета ПК150,295,Дзета,150,,,11282.3,-7586.3,1,
1200296,12,Дзета ПК151,296,Дзета,151,,,11273.6,-7581.3,7,
1200297,12,Дзета ПК152,297,Дзета,152,,,11264.9,-7576.4,1,
1200298,12,Дзета ПК153,298,Дзета,153,,,11256.1,-7571.7,1,
1200299,12,Дзета ПК154,299,Дзета,154,,,11247.3,-7567.0,1,
1200300,12,Дзета ПК155,300,Дзета,155,,,11238.4,-7562.4,2,
1200301,12,Дзета ПК156,301,Дзета,156,,,11229.4,-7558.0,0,
1200302,12,Дзета ПК157,302,Дзета,157,,,11220.4,-7553.7,2,
1200303,12,Дзета ПК158,303,Дзета,158,,,11211.3,-7549.5,1,
1200304,12,Дзета ПК159,304,Дзета,159,,,11202.2,-7545.5,2,
1200305,12,Дзета ПК160,305,Дзета,160,,,11192.9,-7541.6,1,
1200306,12,Дзета ПК161,306,Дзета,161,,,11183.6,-7537.9,1,
1200307,12,Дзета ПК162,307,Дзета,162,,,11174.3,-7534.5,2,
1200308,12,Дзета ПК163,308,Дзета,163,,,11164.8,-7531.1,7,
1200309,12,Дзета ПК164,309,Дзета,164,,,11155.3,-7528.0,2,
1200310,12,Дзета ПК165,310,Дзета,165,,,11145.8,-7525.0,1,
1200311,12,Дзета ПК166,311,Дзета,166,,,11136.2,-7522.1,1,
1200312,12,Дзета ПК167,312,Дзета,167,,,11126.6,-7519.4,2,
1200313,12,Дзета ПК168,313,Дзета,168,,,11117.0,-7516.7,1,
1200314,12,Дзета ПК169,314,Дзета,169,,,11107.3,-7514.2,45,сопряжение с место 12
1200315,12,Дзета ПК170,315,Дзета,170,,,11097.6,-7511.7,1,
1200316,12,Дзета ПК171,316,Дзета,171,,,11087.9,-7509.3,0,
1200317,12,Дзета ПК172,317,Дзета,172,,,11078.2,-7507.1,0,
1200318,12,Дзета ПК173,318,Дзета,173,,,11068.4,-7505.0,0,
1200319,12,Дзета ПК174,319,Дзета,174,,,11058.6,-7503.1,0,
1200320,12,Дзета ПК175,320,Дзета,175,,,11048.7,-7501.4,0,
1200321,12,Дзета ПК176,321,Дзета,176,,,11038.8,-7499.7,0,
1200322,12,Дзета ПК177,322,Дзета,177,,,11029.0,-7498.2,2,
1200323,12,Дзета ПК48 Г1 ПК0,323,Дзета,0,Г1,48,11690.3,-8483.6,1,
1200324,12,Дзета ПК48 Г1 ПК1,324,Дзета,1,Г1,48,11682.9,-8490.3,1,
1200325,12,Дзета ПК48 Г1 ПК2,325,Дзета,2,Г1,48,11675.4,-8496.9,1,
1200326,12,Дзета ПК48 Г1 ПК3,326,Дзета,3,Г1,48,11667.9,-8503.5,1,
1200327,12,Дзета ПК48 Г1 ПК4,327,Дзета,4,Г1,48,11660.4,-8510.1,1,
1200328,12,Дзета ПК48 Г1 ПК5,328,Дзета,5,Г1,48,11652.9,-8516.7,84,
1200329,12,Дзета ПК52 Г2 ПК0,329,Дзета,0,Г2,52,11675.1,-8446.7,3,
1200330,12,Дзета ПК52 Г2 ПК1,330,Дзета,1,Г2,52,11665.7,-8450.2,1,
1200331,12,Дзета ПК52 Г2 ПК2,331,Дзета,2,Г2,52,11656.4,-8453.7,2,
1200332,12,Дзета ПК52 Г2 ПК3,332,Дзета,3,Г2,52,11647.0,-8457.1,1,
1200333,12,Дзета ПК52 Г2 ПК4,333,Дзета,4,Г2,52,11637.6,-8460.6,1,
1200334,12,Дзета ПК52 Г2 ПК5,334,Дзета,5,Г2,52,11628.2,-8464.1,1,
1200335,12,Дзета ПК52 Г2 ПК6,335,Дзета,6,Г2,52,11618.8,-8467.5,1,
1200336,12,Дзета ПК52 Г2 ПК7,336,Дзета,7,Г2,52,11609.5,-8471.0,1,
1200337,12,Дзета ПК52 Г2 ПК8,337,Дзета,8,Г2,52,11600.1,-8474.5,1,
1200338,12,Дзета ПК52 Г2 ПК9,338,Дзета,9,Г2,52,11590.8,-8478.1,1,
1200339,12,Дзета ПК52 Г2 ПК10,339,Дзета,10,Г2,52,11581.4,-8481.7,10,
1200340,12,Дзета ПК53 Г2 ПК0,340,Дзета,0,Г2,53,11671.5,-8437.3,0,
1200341,12,Дзета ПК53 Г2 ПК1,341,Дзета,1,Г2,53,11679.2,-8430.9,0,
1200342,12,Дзета ПК53 Г2 ПК2,342,Дзета,2,Г2,53,11686.9,-8424.5,0,
1200343,12,Дзета ПК53 Г2 ПК3,343,Дзета,3,Г2,53,11694.5,-8418.1,0,
1200344,12,Дзета ПК53 Г2 ПК4,344,Дзета,4,Г2,53,11702.3,-8411.7,0,
1200345,12,Дзета ПК53 Г2 ПК5,345,Дзета,5,Г2,53,11710.0,-8405.4,0,
1200346,12,Дзета ПК53 Г2 ПК6,346,Дзета,6,Г2,53,11717.7,-8399.0,0,
1200347,12,Дзета ПК53 Г2 ПК7,347,Дзета,7,Г2,53,11725.5,-8392.7,0,
1200348,12,Дзета ПК53 Г2 ПК8,348,Дзета,8,Г2,53,11733.3,-8386.4,0,
1200349,12,Дзета ПК53 Г2 ПК9,349,Дзета,9,Г2,53,11741.1,-8380.2,1,
1200350,12,Дзета ПК53 Г2 ПК10,350,Дзета,10,Г2,53,11748.8,-8373.9,3,
1200351,12,Дзета Г2 ПК0,351,Дзета,0,Г2,,12002.6,-8844.2,0,
1200352,12,Дзета Г2 ПК1,352,Дзета,1,Г2,,11994.7,-8850.3,0,
1200353,12,Дзета Г2 ПК2,353,Дзета,2,Г2,,11986.8,-8856.4,0,
1200354,12,Дзета Г2 ПК3,354,Дзета,3,Г2,,11978.9,-8862.5,0,
1200355,12,Дзета Г2 ПК4,355,Дзета,4,Г2,,11971.0,-8868.7,1,
1200356,12,Дзета Г2 ПК5,356,Дзета,5,Г2,,11963.1,-8874.8,0,
1200357,12,Дзета Г2 ПК6,357,Дзета,6,Г2,,11955.2,-8880.9,0,
1200358,12,Дзета Г2 ПК7,358,Дзета,7,Г2,,11947.3,-8887.1,0,
1200359,12,Дзета Г2 ПК8,359,Дзета,8,Г2,,11939.5,-8893.3,0,
1200360,12,Дзета Г2 ПК9,360,Дзета,9,Г2,,11931.6,-8899.5,0,
1200361,12,Дзета Г2 ПК10,361,Дзета,10,Г2,,11923.8,-8905.8,1,
1500001,15,ПК506,1,Каппа,506,,,18604.4,-8532.1,3,
1500002,15,ПК507,2,Каппа,507,,,18611.4,-8524.9,13,сопряжение с место 12
1500003,15,ПК508,3,Каппа,508,,,18618.4,-8517.8,2,
1500004,15,ПК509,4,Каппа,509,,,18625.4,-8510.7,1,
1500005,15,ПК510,5,Каппа,510,,,18632.5,-8503.6,4,
1500006,15,ПК511,6,Каппа,511,,,18639.5,-8496.5,16,
1500007,15,ПК512,7,Каппа,512,,,18646.5,-8489.4,1,
1500008,15,ПК513,8,Каппа,513,,,18653.5,-8482.2,1,
1500009,15,ПК514,9,Каппа,514,,,18660.5,-8475.0,1,
1500010,15,ПК515,10,Каппа,515,,,18667.3,-8467.7,1,
1500011,15,ПК516,11,Каппа,516,,,18674.0,-8460.3,3,
1500012,15,ПК517,12,Каппа,517,,,18680.7,-8452.9,2,
1500013,15,ПК518,13,Каппа,518,,,18687.4,-8445.5,1,
1500014,15,ПК519,14,Каппа,519,,,18694.1,-8438.0,1,
1500015,15,ПК520,15,Каппа,520,,,18700.7,-8430.5,1,
1500016,15,ПК521,16,Каппа,521,,,18707.2,-8422.9,3,
1500017,15,ПК522,17,Каппа,522,,,18713.6,-8415.2,1,
1500018,15,ПК523,18,Каппа,523,,,18719.8,-8407.4,1,
1500019,15,ПК524,19,Каппа,524,,,18726.0,-8399.5,1,
1500020,15,ПК525,20,Каппа,525,,,18731.9,-8391.5,1,
1500021,15,ПК526,21,Каппа,526,,,18737.7,-8383.3,1,
1500022,15,ПК527,22,Каппа,527,,,18743.4,-8375.1,3,
1500023,15,ПК528,23,Каппа,528,,,18748.9,-8366.8,10,
1500024,15,ПК529,24,Каппа,529,,,18754.3,-8358.3,3,
1500025,15,ПК530,25,Каппа,530,,,18759.6,-8349.9,1,
1500026,15,ПК531,26,Каппа,531,,,18764.8,-8341.3,1,
1500027,15,ПК532,27,Каппа,532,,,18770.0,-8332.7,1,
1500028,15,ПК533,28,Каппа,533,,,18775.0,-8324.1,4,
1500029,15,ПК534,29,Каппа,534,,,18779.9,-8315.4,2,
1500030,15,ПК535,30,Каппа,535,,,18784.8,-8306.7,1,
1500031,15,ПК536,31,Каппа,536,,,18789.6,-8297.9,0,
1500032,15,ПК537,32,Каппа,537,,,18794.4,-8289.1,2,
1500033,15,ПК538,33,Каппа,538,,,18799.0,-8280.3,2,
1500034,15,ПК539,34,Каппа,539,,,18803.6,-8271.4,1,
1500035,15,ПК540,35,Каппа,540,,,18808.1,-8262.4,1,
1500036,15,ПК541,36,Каппа,541,,,18812.5,-8253.4,1,
1500037,15,ПК542,37,Каппа,542,,,18816.8,-8244.4,3,
1500038,15,ПК543,38,Каппа,543,,,18821.0,-8235.4,10,
1500039,15,ПК544,39,Каппа,544,,,18825.1,-8226.3,2,
1500040,15,ПК545,40,Каппа,545,,,18829.2,-8217.1,1,
1500041,15,ПК546,41,Каппа,546,,,18833.3,-8208.0,2,
1500042,15,ПК547,42,Каппа,547,,,18837.3,-8198.8,0,
1500043,15,ПК548,43,Каппа,548,,,18841.2,-8189.6,1,
1500044,15,ПК549,44,Каппа,549,,,18845.1,-8180.4,1,
1500045,15,ПК550,45,Каппа,550,,,18849.0,-8171.2,2,
1500046,15,ПК551,46,Каппа,551,,,18852.7,-8161.9,3,
1500047,15,ПК552,47,Каппа,552,,,18856.5,-8152.6,1,
1500048,15,ПК553,48,Каппа,553,,,18860.1,-8143.3,1,
1500049,15,ПК554,49,Каппа,554,,,18863.7,-8134.0,1,
1500050,15,ПК555,50,Каппа,555,,,18867.2,-8124.6,3,
1500051,15,ПК556,51,Каппа,556,,,18870.6,-8115.2,1,
1500052,15,ПК557,52,Каппа,557,,,18873.9,-8105.8,1,
1500053,15,ПК558,53,Каппа,558,,,18877.2,-8096.4,3,
1500054,15,ПК559,54,Каппа,559,,,18880.4,-8086.9,3,
1500055,15,ПК560,55,Каппа,560,,,18883.6,-8077.4,2,
1500056,15,ПК561,56,Каппа,561,,,18886.7,-8067.9,1,
1500057,15,ПК562,57,Каппа,562,,,18889.7,-8058.4,1,
1500058,15,ПК563,58,Каппа,563,,,18892.7,-8048.8,1,
1500059,15,ПК564,59,Каппа,564,,,18895.6,-8039.3,1,
1500060,15,ПК565,60,Каппа,565,,,18898.5,-8029.7,1,
1500061,15,ПК566,61,Каппа,566,,,18901.4,-8020.1,20,
1500062,15,ПК567,62,Каппа,567,,,18904.2,-8010.5,2,
1500063,15,ПК568,63,Каппа,568,,,18907.1,-8000.9,1,
1500064,15,ПК569,64,Каппа,569,,,18910.0,-7991.4,1,
1500065,15,ПК570,65,Каппа,570,,,18912.9,-7981.8,1,
1500066,15,ПК571,66,Каппа,571,,,18915.8,-7972.2,2,
1500067,15,ПК572,67,Каппа,572,,,18918.9,-7962.7,2,
1500068,15,ПК573,68,Каппа,573,,,18922.0,-7953.2,3,
1500069,15,ПК574,69,Каппа,574,,,18925.1,-7943.7,1,
1500070,15,ПК575,70,Каппа,575,,,18928.4,-7934.3,1,
1500071,15,ПК576,71,Каппа,576,,,18931.8,-7924.9,2,
1500072,15,ПК577,72,Каппа,577,,,18935.2,-7915.5,2,
1500073,15,ПК578,73,Каппа,578,,,18938.7,-7906.1,1,
1500074,15,ПК579,74,Каппа,579,,,18942.2,-7896.7,1,
1500075,15,ПК580,75,Каппа,580,,,18945.8,-7887.4,1,
1500076,15,ПК581,76,Каппа,581,,,18949.3,-7878.0,2,
1500077,15,ПК582,77,Каппа,582,,,18952.9,-7868.7,8,
1500078,15,ПК583,78,Каппа,583,,,18956.5,-7859.4,49,
1500079,15,ПК584,79,Каппа,584,,,18960.0,-7850.0,2,
1500080,15,ПК585,80,Каппа,585,,,18963.6,-7840.7,2,
1500081,15,ПК586,81,Каппа,586,,,18967.1,-7831.3,2,
1500082,15,ПК587,82,Каппа,587,,,18970.6,-7821.9,1,
1500083,15,ПК588,83,Каппа,588,,,18974.1,-7812.6,2,
1500084,15,ПК589,84,Каппа,589,,,18977.5,-7803.2,1,
1500085,15,ПК590,85,Каппа,590,,,18981.1,-7793.8,1,
1500086,15,ПК591,86,Каппа,591,,,18984.6,-7784.5,1,
1500087,15,ПК592,87,Каппа,592,,,18988.1,-7775.1,1,
1500088,15,ПК593,88,Каппа,593,,,18991.4,-7765.7,2,
1500089,15,ПК594,89,Каппа,594,,,18994.7,-7756.2,1,
1500090,15,ПК595,90,Каппа,595,,,18997.8,-7746.7,2,
1500091,15,ПК596,91,Каппа,596,,,19000.8,-7737.2,1,
1500092,15,ПК597,92,Каппа,597,,,19003.8,-7727.6,9,
1500093,15,ПК598,93,Каппа,598,,,19006.7,-7718.0,2,
1500094,15,ПК599,94,Каппа,599,,,19009.4,-7708.4,1,
1500095,15,ПК600,95,Каппа,600,,,19012.1,-7698.8,0,
1500096,15,ПК601,96,Каппа,601,,,19014.7,-7689.2,1,
1500097,15,ПК602,97,Каппа,602,,,19017.2,-7679.5,1,
1500098,15,ПК603,98,Каппа,603,,,19019.6,-7669.8,1,
1500099,15,ПК604,99,Каппа,604,,,19021.9,-7660.0,2,
1500100,15,ПК605,100,Каппа,605,,,19024.1,-7650.3,3,
1500101,15,ПК606,101,Каппа,606,,,19026.2,-7640.5,1,
1500102,15,ПК607,102,Каппа,607,,,19028.3,-7630.7,2,
1500103,15,ПК608,103,Каппа,608,,,19030.3,-7620.9,1,
1500104,15,ПК609,104,Каппа,609,,,19032.3,-7611.1,1,
1500105,15,ПК610,105,Каппа,610,,,19034.3,-7601.3,2,
1500106,15,ПК611,106,Каппа,611,,,19036.1,-7591.5,2,
1500107,15,ПК612,107,Каппа,612,,,19038.0,-7581.7,1,
1500108,15,ПК613,108,Каппа,613,,,19039.7,-7571.8,1,
1500109,15,ПК614,109,Каппа,614,,,19041.4,-7562.0,1,
1500110,15,ПК615,110,Каппа,615,,,19043.1,-7552.1,1,
1500111,15,ПК616,111,Каппа,616,,,19044.6,-7542.2,2,
1500112,15,ПК617,112,Каппа,617,,,19046.0,-7532.3,1,
1500113,15,ПК618,113,Каппа,618,,,19047.4,-7522.4,1,
1500114,15,ПК619,114,Каппа,619,,,19048.6,-7512.5,1,
1500115,15,ПК620,115,Каппа,620,,,19049.7,-7502.6,10,
1500116,15,ПК621,116,Каппа,621,,,19050.7,-7492.6,1,
1500117,15,ПК622,117,Каппа,622,,,19051.4,-7482.6,3,
1500118,15,ПК623,118,Каппа,623,,,19051.8,-7472.6,0,
1500119,15,ПК624,119,Каппа,624,,,19052.1,-7462.6,2,
1500120,15,ПК625,120,Каппа,625,,,19052.2,-7452.6,1,
1500121,15,ПК626,121,Каппа,626,,,19052.1,-7442.6,2,
1500122,15,ПК627,122,Каппа,627,,,19051.8,-7432.6,1,
1500123,15,ПК628,123,Каппа,628,,,19051.4,-7422.6,1,
1500124,15,ПК629,124,Каппа,629,,,19050.8,-7412.7,1,
1500125,15,ПК630,125,Каппа,630,,,19050.0,-7402.7,1,
1500126,15,ПК631,126,Каппа,631,,,19049.0,-7392.7,2,
1500127,15,ПК632,127,Каппа,632,,,19047.7,-7382.8,65,
1500128,15,ПК633,128,Каппа,633,,,19046.2,-7372.9,9,
1500129,15,ПК634,129,Каппа,634,,,19044.4,-7363.1,1,
1500130,15,ПК635,130,Каппа,635,,,19042.4,-7353.3,1,
1500131,15,ПК636,131,Каппа,636,,,19040.1,-7343.6,1,
1500132,15,ПК637,132,Каппа,637,,,19037.6,-7333.9,2,
1500133,15,ПК638,133,Каппа,638,,,19034.9,-7324.3,1,
1500134,15,ПК639,134,Каппа,639,,,19032.0,-7314.7,1,
1500135,15,ПК640,135,Каппа,640,,,19028.8,-7305.2,1,
1500136,15,ПК641,136,Каппа,641,,,19025.4,-7295.8,1,
1500137,15,ПК642,137,Каппа,642,,,19021.7,-7286.5,2,
1500138,15,ПК643,138,Каппа,643,,,19017.8,-7277.3,2,
1500139,15,ПК644,139,Каппа,644,,,19013.7,-7268.2,1,
1500140,15,ПК645,140,Каппа,645,,,19009.4,-7259.2,1,
1500141,15,ПК646,141,Каппа,646,,,19004.9,-7250.3,1,
1500142,15,ПК647,142,Каппа,647,,,19000.2,-7241.4,2,
1500143,15,ПК648,143,Каппа,648,,,18995.3,-7232.7,1,
1500144,15,ПК649,144,Каппа,649,,,18990.4,-7224.0,1,
1500145,15,ПК650,145,Каппа,650,,,18985.4,-7215.3,2,
1500146,15,ПК651,146,Каппа,651,,,18980.3,-7206.7,4,
1500147,15,ПК652,147,Каппа,652,,,18975.2,-7198.1,5,
1500148,15,ПК653,148,Каппа,653,,,18970.1,-7189.5,9,
1500149,15,ПК654,149,Каппа,654,,,18964.9,-7181.0,1,
1500150,15,ПК655,150,Каппа,655,,,18959.8,-7172.3,2,
1500151,15,ПК656,151,Каппа,656,,,18954.7,-7163.7,1,
1500152,15,ПК657,152,Каппа,657,,,18949.6,-7155.1,2,
1500153,15,ПК658,153,Каппа,658,,,18944.6,-7146.5,1,
1500154,15,ПК659,154,Каппа,659,,,18939.5,-7137.9,1,
1500155,15,ПК660,155,Каппа,660,,,18934.4,-7129.3,0,
1500156,15,ПК661,156,Каппа,661,,,18929.1,-7120.8,2,
1500157,15,ПК662,157,Каппа,662,,,18923.8,-7112.3,1,
1500158,15,ПК663,158,Каппа,663,,,18918.4,-7103.9,1,
1500159,15,ПК664,159,Каппа,664,,,18912.8,-7095.6,1,
1500160,15,ПК665,160,Каппа,665,,,18907.1,-7087.4,0,
1500161,15,ПК666,161,Каппа,666,,,18901.3,-7079.3,1,
1500162,15,ПК667,162,Каппа,667,,,18895.2,-7071.3,1,
1500163,15,ПК668,163,Каппа,668,,,18889.0,-7063.5,1,
1500164,15,ПК669,164,Каппа,669,,,18882.5,-7055.9,1,
1500165,15,ПК670,165,Каппа,670,,,18875.9,-7048.4,2,
1500166,15,ПК671,166,Каппа,671,,,18869.1,-7041.0,4,
1500167,15,ПК672,167,Каппа,672,,,18862.2,-7033.9,11,
1500168,15,ПК673,168,Каппа,673,,,18855.0,-7026.8,2,
1500169,15,ПК674,169,Каппа,674,,,18847.8,-7020.0,1,
1500170,15,ПК675,170,Каппа,675,,,18840.4,-7013.3,1,
1500171,15,ПК676,171,Каппа,676,,,18832.9,-7006.6,1,
1500172,15,ПК677,172,Каппа,677,,,18825.3,-7000.1,1,
1500173,15,ПК678,173,Каппа,678,,,18817.6,-6993.8,1,
1500174,15,ПК679,174,Каппа,679,,,18809.7,-6987.5,1,
1500175,15,ПК680,175,Каппа,680,,,18801.8,-6981.5,2,
1500176,15,ПК681,176,Каппа,681,,,18793.7,-6975.6,2,
1500177,15,ПК682,177,Каппа,682,,,18785.5,-6969.9,4,
1500178,15,ПК683,178,Каппа,683,,,18777.2,-6964.3,19,
1500179,15,ПК684,179,Каппа,684,,,18768.8,-6958.9,1,
1500180,15,ПК685,180,Каппа,685,,,18760.3,-6953.6,1,
1500181,15,ПК686,181,Каппа,686,,,18751.8,-6948.3,1,
1500182,15,ПК687,182,Каппа,687,,,18743.2,-6943.2,1,
1500183,15,ПК688,183,Каппа,688,,,18734.6,-6938.2,1,
1500184,15,ПК689,184,Каппа,689,,,18725.8,-6933.3,1,
1500185,15,ПК690,185,Каппа,690,,,18717.0,-6928.7,2,
1500186,15,ПК691,186,Каппа,691,,,18708.0,-6924.2,1,
1500187,15,ПК692,187,Каппа,692,,,18698.9,-6920.0,1,
1500188,15,ПК693,188,Каппа,693,,,18689.8,-6916.0,2,
1500189,15,ПК694,189,Каппа,694,,,18680.5,-6912.2,1,
1500190,15,ПК695,190,Каппа,695,,,18671.2,-6908.6,2,
1500191,15,ПК696,191,Каппа,696,,,18661.8,-6905.3,1,
1500192,15,ПК697,192,Каппа,697,,,18652.3,-6902.2,2,
1500193,15,ПК698,193,Каппа,698,,,18642.7,-6899.3,1,
1500194,15,ПК699,194,Каппа,699,,,18633.0,-6896.7,1,
1500195,15,ПК700,195,Каппа,700,,,18623.3,-6894.3,1,
1500196,15,ПК701,196,Каппа,701,,,18613.6,-6892.0,1,
1500197,15,ПК702,197,Каппа,702,,,18603.8,-6889.9,1,
1500198,15,ПК703,198,Каппа,703,,,18594.0,-6888.1,1,
1500199,15,ПК704,199,Каппа,704,,,18584.1,-6886.4,1,
1500200,15,ПК705,200,Каппа,705,,,18574.2,-6884.8,2,
1500201,15,ПК706,201,Каппа,706,,,18564.3,-6883.5,2,
1500202,15,ПК707,202,Каппа,707,,,18554.4,-6882.4,0,
1500203,15,ПК708,203,Каппа,708,,,18544.4,-6881.4,6,
1500204,15,ПК709,204,Каппа,709,,,18534.5,-6880.6,2,
1500205,15,ПК710,205,Каппа,710,,,18524.5,-6880.0,3,
1500206,15,ПК711,206,Каппа,711,,,18514.5,-6879.6,1,
1500207,15,ПК712,207,Каппа,712,,,18504.5,-6879.4,1,
1500208,15,ПК713,208,Каппа,713,,,18494.5,-6879.2,1,
1500209,15,ПК714,209,Каппа,714,,,18484.5,-6879.0,1,
1500210,15,ПК715,210,Каппа,715,,,18474.5,-6878.9,3,
1500211,15,ПК716,211,Каппа,716,,,18464.5,-6878.9,1,
1500212,15,ПК717,212,Каппа,717,,,18454.5,-6879.0,1,
1500213,15,ПК718,213,Каппа,718,,,18444.5,-6879.1,2,
1500214,15,ПК719,214,Каппа,719,,,18434.5,-6879.2,1,
1500215,15,ПК720,215,Каппа,720,,,18424.5,-6879.4,2,
1500216,15,ПК721,216,Каппа,721,,,18414.5,-6879.5,1,
1500217,15,ПК722,217,Каппа,722,,,18404.5,-6879.6,2,
1500218,15,ПК723,218,Каппа,723,,,18394.5,-6879.6,1,
1500219,15,ПК724,219,Каппа,724,,,18384.5,-6879.4,2,
1500220,15,ПК725,220,Каппа,725,,,18374.5,-6879.3,2,
1500221,15,ПК726,221,Каппа,726,,,18364.5,-6879.1,1,
1500222,15,ПК727,222,Каппа,727,,,18354.5,-6878.9,2,
1500223,15,ПК728,223,Каппа,728,,,18344.5,-6878.6,7,
1500224,15,ПК729,224,Каппа,729,,,18334.5,-6878.3,1,
1500225,15,ПК730,225,Каппа,730,,,18324.5,-6877.9,63,
1500226,15,ПК731,226,Каппа,731,,,18314.5,-6877.5,1,
1500227,15,ПК732,227,Каппа,732,,,18304.5,-6877.2,1,
1500228,15,ПК733,228,Каппа,733,,,18294.6,-6876.9,1,
1500229,15,ПК734,229,Каппа,734,,,18284.6,-6876.6,1,
1500230,15,ПК735,230,Каппа,735,,,18274.6,-6876.4,2,
1500231,15,ПК736,231,Каппа,736,,,18264.6,-6876.3,3,
1500232,15,ПК737,232,Каппа,737,,,18254.6,-6876.2,1,
1500233,15,ПК738,233,Каппа,738,,,18244.6,-6876.2,1,
1500234,15,ПК739,234,Каппа,739,,,18234.6,-6876.3,1,
1500235,15,ПК740,235,Каппа,740,,,18224.6,-6876.4,1,
1500236,15,ПК741,236,Каппа,741,,,18214.6,-6876.6,2,
1500237,15,ПК742,237,Каппа,742,,,18204.6,-6876.8,2,
1500238,15,ПК743,238,Каппа,743,,,18194.6,-6877.1,0,
1500239,15,ПК744,239,Каппа,744,,,18184.6,-6877.4,3,
1500240,15,ПК745,240,Каппа,745,,,18174.6,-6877.8,8,
1500241,15,ПК746,241,Каппа,746,,,18164.6,-6878.3,3,
1500242,15,ПК747,242,Каппа,747,,,18154.6,-6878.8,1,
1500243,15,ПК748,243,Каппа,748,,,18144.6,-6879.4,1,
1500244,15,ПК749,244,Каппа,749,,,18134.6,-6880.0,1,
1500245,15,ПК750,245,Каппа,750,,,18124.7,-6880.8,2,
1500246,15,ПК751,246,Каппа,751,,,18114.7,-6881.6,2,
1500247,15,ПК752,247,Каппа,752,,,18104.8,-6882.5,1,
1500248,15,ПК753,248,Каппа,753,,,18094.8,-6883.5,1,
1500249,15,ПК754,249,Каппа,754,,,18084.9,-6884.6,1,
1500250,15,ПК755,250,Каппа,755,,,18074.9,-6885.8,1,
1500251,15,ПК756,251,Каппа,756,,,18065.0,-6887.0,7,
1500252,15,ПК757,252,Каппа,757,,,18055.1,-6888.2,0,
1500253,15,ПК758,253,Каппа,758,,,18045.1,-6889.4,1,
1500254,15,ПК759,254,Каппа,759,,,18035.2,-6890.6,3,
1500255,15,ПК760,255,Каппа,760,,,18025.3,-6891.7,1,
1500256,15,ПК761,256,Каппа,761,,,18015.4,-6892.9,1,
1500257,15,ПК762,257,Каппа,762,,,18005.4,-6894.0,1,
1500258,15,ПК763,258,Каппа,763,,,17995.5,-6895.1,1,
1500259,15,ПК764,259,Каппа,764,,,17985.5,-6896.2,2,
1500260,15,ПК765,260,Каппа,765,,,17975.6,-6897.2,1,
1500261,15,ПК766,261,Каппа,766,,,17965.6,-6898.1,1,
1500262,15,ПК767,262,Каппа,767,,,17955.7,-6899.0,2,
1500263,15,ПК768,263,Каппа,768,,,17945.7,-6899.8,1,
1500264,15,ПК769,264,Каппа,769,,,17935.7,-6900.7,2,
1500265,15,ПК770,265,Каппа,770,,,17925.8,-6901.5,1,
1500266,15,ПК771,266,Каппа,771,,,17915.8,-6902.3,1,
1500267,15,ПК772,267,Каппа,772,,,17905.8,-6903.2,2,
1500268,15,ПК773,268,Каппа,773,,,17895.9,-6904.2,1,
1500269,15,ПК774,269,Каппа,774,,,17885.9,-6905.2,19,
1500270,15,ПК775,270,Каппа,775,,,17876.0,-6906.3,3,
1500271,15,ПК776,271,Каппа,776,,,17866.1,-6907.5,2,
1500272,15,ПК777,272,Каппа,777,,,17856.2,-6908.7,1,
1500273,15,ПК778,273,Каппа,778,,,17846.2,-6910.0,2,
1500274,15,ПК779,274,Каппа,779,,,17836.3,-6911.4,2,
1500275,15,ПК780,275,Каппа,780,,,17826.5,-6913.0,1,
1500276,15,ПК781,276,Каппа,781,,,17816.6,-6914.7,1,
1500277,15,ПК782,277,Каппа,782,,,17806.8,-6916.5,1,
1500278,15,ПК783,278,Каппа,783,,,17797.0,-6918.6,2,
1500279,15,ПК784,279,Каппа,784,,,17787.3,-6920.9,2,
1500280,15,ПК785,280,Каппа,785,,,17777.6,-6923.3,1,
1500281,15,ПК786,281,Каппа,786,,,17767.9,-6926.0,1,
1500282,15,ПК787,282,Каппа,787,,,17758.4,-6928.9,1,
1500283,15,ПК788,283,Каппа,788,,,17748.8,-6931.9,2,
1500284,15,ПК789,284,Каппа,789,,,17739.3,-6935.1,2,
1500285,15,ПК790,285,Каппа,790,,,17729.9,-6938.5,2,
1500286,15,ПК791,286,Каппа,791,,,17720.5,-6941.9,1,
1500287,15,ПК792,287,Каппа,792,,,17711.2,-6945.5,1,
1500288,15,ПК793,288,Каппа,793,,,17702.0,-6949.3,1,
1500289,15,ПК794,289,Каппа,794,,,17692.8,-6953.3,2,
1500290,15,ПК795,290,Каппа,795,,,17683.7,-6957.4,2,
1500291,15,ПК796,291,Каппа,796,,,17674.6,-6961.7,1,
1500292,15,ПК797,292,Каппа,797,,,17665.6,-6966.1,2,
1500293,15,ПК798,293,Каппа,798,,,17656.7,-6970.6,1,
1500294,15,ПК799,294,Каппа,799,,,17647.8,-6975.2,2,
1500295,15,ПК800,295,Каппа,800,,,17639.0,-6979.9,2,
1500296,15,ПК801,296,Каппа,801,,,17630.2,-6984.6,1,
1500297,15,ПК802,297,Каппа,802,,,17621.5,-6989.5,1,
1500298,15,ПК803,298,Каппа,803,,,17612.8,-6994.5,2,
1500299,15,ПК804,299,Каппа,804,,,17604.2,-6999.5,7,
1500300,15,ПК805,300,Каппа,805,,,17595.5,-7004.6,3,
1500301,15,ПК806,301,Каппа,806,,,17586.9,-7009.7,1,
1500302,15,ПК807,302,Каппа,807,,,17578.4,-7014.8,2,
1500303,15,ПК808,303,Каппа,808,,,17569.8,-7020.0,2,
1500304,15,ПК809,304,Каппа,809,,,17561.4,-7025.4,2,
1500305,15,ПК810,305,Каппа,810,,,17553.0,-7030.8,0,
1500306,15,ПК811,306,Каппа,811,,,17544.7,-7036.4,1,
1500307,15,ПК812,307,Каппа,812,,,17536.5,-7042.2,2,
1500308,15,ПК813,308,Каппа,813,,,17528.5,-7048.2,1,
1500309,15,ПК814,309,Каппа,814,,,17520.6,-7054.3,1,
1500310,15,ПК815,310,Каппа,815,,,17512.9,-7060.6,1,
1500311,15,ПК816,311,Каппа,816,,,17505.2,-7067.1,1,
1500312,15,ПК817,312,Каппа,817,,,17497.7,-7073.6,3,
1500313,15,ПК818,313,Каппа,818,,,17490.2,-7080.3,1,
1500314,15,ПК819,314,Каппа,819,,,17482.8,-7087.0,1,
1500315,15,ПК820,315,Каппа,820,,,17475.6,-7093.9,2,
1500316,15,ПК821,316,Каппа,821,,,17468.5,-7101.0,1,
1500317,15,ПК822,317,Каппа,822,,,17461.6,-7108.2,2,
1500318,15,ПК823,318,Каппа,823,,,17454.8,-7115.6,1,
1500319,15,ПК824,319,Каппа,824,,,17448.2,-7123.1,1,
1500320,15,ПК825,320,Каппа,825,,,17441.7,-7130.7,1,
1500321,15,ПК826,321,Каппа,826,,,17435.4,-7138.4,3,
1500322,15,ПК827,322,Каппа,827,,,17429.3,-7146.4,23,
1500323,15,ПК828,323,Каппа,828,,,17423.4,-7154.4,1,
1500324,15,ПК829,324,Каппа,829,,,17417.6,-7162.6,1,
1500325,15,ПК830,325,Каппа,830,,,17412.1,-7170.9,1,
1500326,15,ПК831,326,Каппа,831,,,17406.7,-7179.3,1,
1500327,15,ПК832,327,Каппа,832,,,17401.4,-7187.8,1,
1500328,15,ПК833,328,Каппа,833,,,17396.3,-7196.4,3,
1500329,15,ПК834,329,Каппа,834,,,17391.3,-7205.1,1,
1500330,15,ПК835,330,Каппа,835,,,17386.4,-7213.8,1,
1500331,15,ПК836,331,Каппа,836,,,17381.7,-7222.6,1,
1500332,15,ПК837,332,Каппа,837,,,17377.1,-7231.5,1,
1500333,15,ПК838,333,Каппа,838,,,17372.6,-7240.4,2,
1500334,15,ПК839,334,Каппа,839,,,17368.2,-7249.4,2,
1500335,15,ПК840,335,Каппа,840,,,17364.0,-7258.5,1,
1500336,15,ПК841,336,Каппа,841,,,17360.0,-7267.6,1,
1500337,15,ПК842,337,Каппа,842,,,17356.2,-7276.9,1,
1500338,15,ПК843,338,Каппа,843,,,17352.6,-7286.2,2,
1500339,15,ПК844,339,Каппа,844,,,17349.3,-7295.7,2,
1500340,15,ПК845,340,Каппа,845,,,17346.2,-7305.2,1,
1500341,15,ПК846,341,Каппа,846,,,17343.2,-7314.7,1,
1500342,15,ПК847,342,Каппа,847,,,17340.5,-7324.3,3,
1500343,15,ПК848,343,Каппа,848,,,17337.8,-7334.0,15,
1500344,15,ПК849,344,Каппа,849,,,17335.2,-7343.6,2,
1500345,15,ПК850,345,Каппа,850,,,17332.7,-7353.3,1,
1500346,15,ПК851,346,Каппа,851,,,17330.3,-7363.0,2,
1500347,15,ПК852,347,Каппа,852,,,17328.0,-7372.8,1,
1500348,15,ПК853,348,Каппа,853,,,17325.8,-7382.5,2,
1500349,15,ПК854,349,Каппа,854,,,17323.8,-7392.3,0,
1500350,15,ПК855,350,Каппа,855,,,17321.9,-7402.1,1,
1500351,15,ПК856,351,Каппа,856,,,17320.1,-7412.0,1,
1500352,15,ПК857,352,Каппа,857,,,17318.3,-7421.8,1,
1500353,15,ПК858,353,Каппа,858,,,17316.5,-7431.6,3,
1500354,15,ПК859,354,Каппа,859,,,17314.7,-7441.5,3,
1500355,15,ПК860,355,Каппа,860,,,17312.8,-7451.3,1,
1500356,15,ПК861,356,Каппа,861,,,17310.8,-7461.1,2,
1500357,15,ПК862,357,Каппа,862,,,17308.6,-7470.8,2,
1500358,15,ПК863,358,Каппа,863,,,17306.3,-7480.6,16,
1500359,15,ПК521 Г6 ПК0,359,Каппа,0,Г6,521,18707.2,-8422.9,6,
1500360,15,ПК521 Г6 ПК1,360,Каппа,1,Г6,521,18715.4,-8428.6,2,
1500361,15,ПК521 Г6 ПК2,361,Каппа,2,Г6,521,18723.5,-8434.4,2,
1500362,15,ПК521 Г6 ПК3,362,Каппа,3,Г6,521,18731.7,-8440.1,2,
1500363,15,ПК583 Г4 ПК0,363,Каппа,0,Г4,583,18956.5,-7859.4,6,
1500364,15,ПК583 Г4 ПК1,364,Каппа,1,Г4,583,18947.0,-7856.1,2,
1500365,15,ПК583 Г4 ПК2,365,Каппа,2,Г4,583,18937.5,-7852.9,1,
1500366,15,ПК583 Г4 ПК3,366,Каппа,3,Г4,583,18928.1,-7849.6,1,
1500367,15,ПК583 Г4 ПК4,367,Каппа,4,Г4,583,18918.6,-7846.5,2,
1500368,15,ПК583 Г4 ПК5,368,Каппа,5,Г4,583,18909.1,-7843.3,2,
1500369,15,ПК583 Г5 ПК0,369,Каппа,0,Г5,583,18956.5,-7859.4,4,
1500370,15,ПК583 Г5 ПК1,370,Каппа,1,Г5,583,18948.7,-7853.0,2,
1500371,15,ПК583 Г5 ПК2,371,Каппа,2,Г5,583,18941.0,-7846.6,2,
1500372,15,ПК583 Г5 ПК3,372,Каппа,3,Г5,583,18933.4,-7840.2,3,
1500373,15,ПК583 Г5 ПК4,373,Каппа,4,Г5,583,18925.7,-7833.8,2,
1500374,15,ПК632 Г3 ПК0,374,Каппа,0,Г3,632,19047.7,-7382.8,4,
1500375,15,ПК632 Г3 ПК1,375,Каппа,1,Г3,632,19057.4,-7380.4,11,
1500376,15,ПК632 Г3 ПК2,376,Каппа,2,Г3,632,19067.1,-7378.0,3,
1500377,15,ПК632 Г3 ПК3,377,Каппа,3,Г3,632,19076.8,-7375.5,1,
1500378,15,ПК632 Г3 ПК4,378,Каппа,4,Г3,632,19086.5,-7373.1,2,
1500379,15,ПК632 Г3 ПК5,379,Каппа,5,Г3,632,19096.2,-7370.6,1,
1500380,15,ПК632 Г3 ПК6,380,Каппа,6,Г3,632,19105.9,-7368.1,1,
1500381,15,ПК632 Г3 ПК7,381,Каппа,7,Г3,632,19115.6,-7365.6,1,
1500382,15,ПК632 Г3 ПК8,382,Каппа,8,Г3,632,19125.2,-7363.1,2,
1500383,15,ПК632 Г3 ПК9,383,Каппа,9,Г3,632,19134.9,-7360.4,1,
1500384,15,ПК632 Г3 ПК10,384,Каппа,10,Г3,632,19144.5,-7357.7,1,
1500385,15,ПК632 Г3 ПК11,385,Каппа,11,Г3,632,19154.1,-7355.0,1,
1500386,15,ПК632 Г3 ПК12,386,Каппа,12,Г3,632,19163.7,-7352.2,1,
1500387,15,ПК632 Г3 ПК13,387,Каппа,13,Г3,632,19173.3,-7349.3,5,
1500388,15,ПК672 Г2 ПК0,388,Каппа,0,Г2,672,18862.2,-7033.9,9,
1500389,15,ПК672 Г2 ПК1,389,Каппа,1,Г2,672,18866.8,-7025.0,2,
1500390,15,ПК672 Г2 ПК2,390,Каппа,2,Г2,672,18871.4,-7016.1,1,
1500391,15,ПК672 Г2 ПК3,391,Каппа,3,Г2,672,18876.0,-7007.3,2,
1500392,15,ПК672 Г2 ПК4,392,Каппа,4,Г2,672,18880.7,-6998.4,1,
1500393,15,ПК672 Г2 ПК5,393,Каппа,5,Г2,672,18885.5,-6989.6,1,
1500394,15,ПК672 Г2 ПК6,394,Каппа,6,Г2,672,18890.3,-6980.9,1,
1500395,15,ПК672 Г2 ПК7,395,Каппа,7,Г2,672,18895.2,-6972.1,2,
1500396,15,ПК863 Г1 ПК0,396,Каппа,0,Г1,863,17306.3,-7480.6,8,
1500397,15,ПК863 Г1 ПК1,397,Каппа,1,Г1,863,17297.1,-7476.8,1,
1500398,15,ПК863 Г1 ПК2,398,Каппа,2,Г1,863,17287.8,-7473.0,1,
1500399,15,ПК863 Г1 ПК3,399,Каппа,3,Г1,863,17278.6,-7469.2,2,
1500400,15,ПК863 Г1 ПК4,400,Каппа,4,Г1,863,17269.3,-7465.5,1,
1500401,15,ПК863 Г1 ПК5,401,Каппа,5,Г1,863,17260.0,-7461.7,2,
1500402,15,ПК863 Г1 ПК6,402,Каппа,6,Г1,863,17250.8,-7458.0,2,
1500403,15,ПК863 Г1 ПК7,403,Каппа,7,Г1,863,17241.5,-7454.3,4,
1500404,15,ПК863 Г1 ПК8,404,Каппа,8,Г1,863,17232.1,-7450.7,1,
1500405,15,ПК863 Г1 ПК9,405,Каппа,9,Г1,863,17222.8,-7447.1,3,
1500406,15,ПК863 Г1 ПК10,406,Каппа,10,Г1,863,17213.4,-7443.6,1,
321800001,3218,ПК499,1,Йота,499,,,1719.9,-12185.4,1,
321800002,3218,ПК500,2,Йота,500,,,1709.9,-12185.9,2,
321800003,3218,ПК501,3,Йота,501,,,1699.9,-12186.4,2,
321800004,3218,ПК502,4,Йота,502,,,1689.9,-12187.0,0,
321800005,3218,ПК503,5,Йота,503,,,1680.0,-12187.5,0,
321800006,3218,ПК504,6,Йота,504,,,1670.0,-12188.0,0,
321800007,3218,ПК505,7,Йота,505,,,1660.0,-12188.5,2,
321800008,3218,ПК506,8,Йота,506,,,1650.0,-12189.0,2,
321800009,3218,ПК507,9,Йота,507,,,1640.0,-12189.4,5,
321800010,3218,ПК508,10,Йота,508,,,1630.0,-12189.7,4,
321800011,3218,ПК509,11,Йота,509,,,1620.0,-12190.0,0,
321800012,3218,ПК510,12,Йота,510,,,1610.0,-12190.1,0,
321800013,3218,ПК511,13,Йота,511,,,1600.0,-12190.2,0,
321800014,3218,ПК512,14,Йота,512,,,1590.0,-12190.1,0,
321800015,3218,ПК513,15,Йота,513,,,1580.0,-12189.9,0,
321800016,3218,ПК514,16,Йота,514,,,1570.0,-12189.6,0,
321800017,3218,ПК515,17,Йота,515,,,1560.0,-12189.2,0,
321800018,3218,ПК516,18,Йота,516,,,1550.0,-12188.8,0,
321800019,3218,ПК517,19,Йота,517,,,1540.0,-12188.3,0,
321800020,3218,ПК518,20,Йота,518,,,1530.1,-12187.8,0,
321800021,3218,ПК519,21,Йота,519,,,1520.1,-12187.2,0,
321800022,3218,ПК520,22,Йота,520,,,1510.1,-12186.5,0,
321800023,3218,ПК521,23,Йота,521,,,1500.1,-12185.8,0,
321800024,3218,ПК522,24,Йота,522,,,1490.1,-12185.2,0,
321800025,3218,ПК523,25,Йота,523,,,1480.2,-12184.5,0,
321800026,3218,ПК524,26,Йота,524,,,1470.2,-12183.7,0,
321800027,3218,ПК525,27,Йота,525,,,1460.2,-12182.9,0,
321800028,3218,ПК526,28,Йота,526,,,1450.3,-12182.1,9,
321800029,3218,ПК527,29,Йота,527,,,1440.3,-12181.4,1,
321800030,3218,ПК528,30,Йота,528,,,1430.3,-12180.7,0,
321800031,3218,ПК529,31,Йота,529,,,1420.3,-12180.0,1,
321800032,3218,ПК530,32,Йота,530,,,1410.4,-12179.5,0,
321800033,3218,ПК531,33,Йота,531,,,1400.4,-12179.1,0,
321800034,3218,ПК532,34,Йота,532,,,1390.4,-12178.8,0,
321800035,3218,ПК533,35,Йота,533,,,1380.4,-12178.6,0,
321800036,3218,ПК534,36,Йота,534,,,1370.4,-12178.5,0,
321800037,3218,ПК535,37,Йота,535,,,1360.4,-12178.5,0,
321800038,3218,ПК536,38,Йота,536,,,1350.4,-12178.5,1,
321800039,3218,ПК537,39,Йота,537,,,1340.4,-12178.5,0,
321800040,3218,ПК538,40,Йота,538,,,1330.4,-12178.7,0,
321800041,3218,ПК539,41,Йота,539,,,1320.4,-12179.0,2,
321800042,3218,ПК540,42,Йота,540,,,1310.4,-12179.3,3,
321800043,3218,ПК541,43,Йота,541,,,1300.4,-12179.7,4,
321800044,3218,ПК542,44,Йота,542,,,1290.4,-12180.2,0,
321800045,3218,ПК543,45,Йота,543,,,1280.4,-12180.7,0,
321800046,3218,ПК544,46,Йота,544,,,1270.4,-12181.3,0,
321800047,3218,ПК545,47,Йота,545,,,1260.4,-12181.9,0,
321800048,3218,ПК546,48,Йота,546,,,1250.5,-12182.5,0,
321800049,3218,ПК547,49,Йота,547,,,1240.5,-12183.1,0,
321800050,3218,ПК548,50,Йота,548,,,1230.5,-12183.6,0,
321800051,3218,ПК549,51,Йота,549,,,1220.5,-12184.0,0,
321800052,3218,ПК550,52,Йота,550,,,1210.5,-12184.4,0,
321800053,3218,ПК551,53,Йота,551,,,1200.5,-12184.7,0,
321800054,3218,ПК552,54,Йота,552,,,1190.5,-12185.0,0,
321800055,3218,ПК553,55,Йота,553,,,1180.5,-12185.3,0,
321800056,3218,ПК554,56,Йота,554,,,1170.5,-12185.5,0,
321800057,3218,ПК555,57,Йота,555,,,1160.5,-12185.7,0,
321800058,3218,ПК556,58,Йота,556,,,1150.5,-12185.8,0,
321800059,3218,ПК557,59,Йота,557,,,1140.5,-12185.7,0,
321800060,3218,ПК558,60,Йота,558,,,1130.5,-12185.6,0,
321800061,3218,ПК559,61,Йота,559,,,1120.5,-12185.3,0,
321800062,3218,ПК560,62,Йота,560,,,1110.5,-12184.8,0,
321800063,3218,ПК561,63,Йота,561,,,1100.6,-12184.2,0,
321800064,3218,ПК562,64,Йота,562,,,1090.6,-12183.5,0,
321800065,3218,ПК563,65,Йота,563,,,1080.6,-12182.6,0,
321800066,3218,ПК564,66,Йота,564,,,1070.7,-12181.5,0,
321800067,3218,ПК565,67,Йота,565,,,1060.8,-12180.3,0,
321800068,3218,ПК566,68,Йота,566,,,1050.9,-12178.9,0,
321800069,3218,ПК567,69,Йота,567,,,1041.0,-12177.4,0,
321800070,3218,ПК568,70,Йота,568,,,1031.1,-12175.6,0,
321800071,3218,ПК569,71,Йота,569,,,1021.3,-12173.8,0,
321800072,3218,ПК570,72,Йота,570,,,1011.5,-12171.9,0,
321800073,3218,ПК571,73,Йота,571,,,1001.7,-12169.9,0,
321800074,3218,ПК572,74,Йота,572,,,991.9,-12168.0,0,
321800075,3218,ПК573,75,Йота,573,,,982.1,-12166.0,0,
321800076,3218,ПК574,76,Йота,574,,,972.3,-12163.8,0,
321800077,3218,ПК575,77,Йота,575,,,962.5,-12161.7,0,
321800078,3218,ПК576,78,Йота,576,,,952.8,-12159.6,0,
321800079,3218,ПК577,79,Йота,577,,,943.0,-12157.4,0,
321800080,3218,ПК578,80,Йота,578,,,933.3,-12155.2,0,
321800081,3218,ПК579,81,Йота,579,,,923.5,-12153.1,0,
321800082,3218,ПК580,82,Йота,580,,,913.7,-12151.0,0,
321800083,3218,ПК581,83,Йота,581,,,903.9,-12149.1,0,
321800084,3218,ПК582,84,Йота,582,,,894.1,-12147.2,0,
321800085,3218,ПК583,85,Йота,583,,,884.2,-12145.4,0,
321800086,3218,ПК584,86,Йота,584,,,874.4,-12143.7,0,
321800087,3218,ПК585,87,Йота,585,,,864.5,-12142.0,0,
321800088,3218,ПК586,88,Йота,586,,,854.7,-12140.3,0,
321800089,3218,ПК587,89,Йота,587,,,844.8,-12138.7,0,
321800090,3218,ПК588,90,Йота,588,,,834.9,-12137.2,0,
321800091,3218,ПК589,91,Йота,589,,,825.0,-12135.8,0,
321800092,3218,ПК590,92,Йота,590,,,815.1,-12134.5,0,
321800093,3218,ПК591,93,Йота,591,,,805.2,-12133.2,0,
321800094,3218,ПК592,94,Йота,592,,,795.2,-12132.0,0,
321800095,3218,ПК593,95,Йота,593,,,785.3,-12130.9,0,
321800096,3218,ПК594,96,Йота,594,,,775.4,-12129.9,0,
321800097,3218,ПК595,97,Йота,595,,,765.4,-12129.0,0,
321800098,3218,ПК596,98,Йота,596,,,755.4,-12128.3,0,
321800099,3218,ПК597,99,Йота,597,,,745.4,-12127.6,0,
321800100,3218,ПК598,100,Йота,598,,,735.5,-12127.1,0,
321800101,3218,ПК599,101,Йота,599,,,725.5,-12126.7,0,
321800102,3218,ПК600,102,Йота,600,,,715.5,-12126.3,0,
321800103,3218,ПК601,103,Йота,601,,,705.5,-12126.1,0,
321800104,3218,ПК602,104,Йота,602,,,695.5,-12125.9,0,
321800105,3218,ПК603,105,Йота,603,,,685.5,-12125.9,0,
321800106,3218,ПК604,106,Йота,604,,,675.5,-12126.1,0,
321800107,3218,ПК605,107,Йота,605,,,665.5,-12126.4,0,
321800108,3218,ПК606,108,Йота,606,,,655.5,-12126.9,0,
321800109,3218,ПК607,109,Йота,607,,,645.5,-12127.5,0,
321800110,3218,ПК608,110,Йота,608,,,635.5,-12128.3,0,
321800111,3218,ПК609,111,Йота,609,,,625.6,-12129.3,0,
321800112,3218,ПК610,112,Йота,610,,,615.6,-12130.3,0,
321800113,3218,ПК611,113,Йота,611,,,605.7,-12131.3,0,
321800114,3218,ПК612,114,Йота,612,,,595.8,-12132.4,0,
321800115,3218,ПК613,115,Йота,613,,,585.8,-12133.5,0,
321800116,3218,ПК614,116,Йота,614,,,575.9,-12134.7,0,
321800117,3218,ПК615,117,Йота,615,,,566.0,-12136.0,0,
321800118,3218,ПК616,118,Йота,616,,,556.0,-12137.2,0,
321800119,3218,ПК617,119,Йота,617,,,546.1,-12138.6,0,
321800120,3218,ПК618,120,Йота,618,,,536.2,-12140.0,0,
321800121,3218,ПК619,121,Йота,619,,,526.3,-12141.4,0,
321800122,3218,ПК620,122,Йота,620,,,516.5,-12143.1,0,
321800123,3218,ПК621,123,Йота,621,,,506.6,-12144.9,0,
321800124,3218,ПК622,124,Йота,622,,,496.9,-12146.9,0,
321800125,3218,ПК623,125,Йота,623,,,487.1,-12149.2,0,
321800126,3218,ПК624,126,Йота,624,,,477.4,-12151.5,0,
321800127,3218,ПК625,127,Йота,625,,,467.7,-12153.9,0,
321800128,3218,ПК626,128,Йота,626,,,458.0,-12156.4,0,
321800129,3218,ПК627,129,Йота,627,,,448.4,-12159.1,0,
321800130,3218,ПК628,130,Йота,628,,,438.8,-12162.1,0,
321800131,3218,ПК629,131,Йота,629,,,429.3,-12165.2,0,
321800132,3218,ПК630,132,Йота,630,,,419.9,-12168.5,0,
321800133,3218,ПК631,133,Йота,631,,,410.5,-12172.1,0,
321800134,3218,ПК632,134,Йота,632,,,401.3,-12175.9,0,
321800135,3218,ПК633,135,Йота,633,,,392.1,-12179.8,0,
321800136,3218,ПК634,136,Йота,634,,,383.0,-12184.0,0,
321800137,3218,ПК635,137,Йота,635,,,374.0,-12188.4,0,
321800138,3218,ПК636,138,Йота,636,,,365.1,-12192.9,0,
321800139,3218,ПК637,139,Йота,637,,,356.3,-12197.6,0,
321800140,3218,ПК638,140,Йота,638,,,347.6,-12202.5,0,
321800141,3218,ПК639,141,Йота,639,,,338.9,-12207.5,0,
321800142,3218,ПК640,142,Йота,640,,,330.4,-12212.7,0,
321800143,3218,ПК641,143,Йота,641,,,322.0,-12218.1,0,
321800144,3218,ПК642,144,Йота,642,,,313.6,-12223.7,0,
321800145,3218,ПК643,145,Йота,643,,,305.4,-12229.3,0,
321800146,3218,ПК644,146,Йота,644,,,297.3,-12235.2,0,
321800147,3218,ПК645,147,Йота,645,,,289.3,-12241.2,0,
321800148,3218,ПК646,148,Йота,646,,,281.4,-12247.4,0,
321800149,3218,ПК647,149,Йота,647,,,273.7,-12253.7,0,
321800150,3218,ПК648,150,Йота,648,,,266.0,-12260.1,0,
321800151,3218,ПК649,151,Йота,649,,,258.5,-12266.7,0,
321800152,3218,ПК650,152,Йота,650,,,251.0,-12273.3,0,
321800153,3218,ПК651,153,Йота,651,,,243.6,-12280.0,0,
321800154,3218,ПК652,154,Йота,652,,,236.3,-12286.9,0,
321800155,3218,ПК653,155,Йота,653,,,229.1,-12293.9,0,
321800156,3218,ПК654,156,Йота,654,,,222.1,-12300.9,0,
321800157,3218,ПК655,157,Йота,655,,,215.1,-12308.1,0,
321800158,3218,ПК656,158,Йота,656,,,208.3,-12315.4,0,
321800159,3218,ПК657,159,Йота,657,,,201.5,-12322.8,0,
321800160,3218,ПК658,160,Йота,658,,,194.9,-12330.3,0,
321800161,3218,ПК659,161,Йота,659,,,188.3,-12337.8,0,
321800162,3218,ПК660,162,Йота,660,,,181.9,-12345.5,0,
321800163,3218,ПК661,163,Йота,661,,,175.6,-12353.2,0,
321800164,3218,ПК662,164,Йота,662,,,169.4,-12361.1,0,
321800165,3218,ПК663,165,Йота,663,,,163.2,-12369.0,0,
321800166,3218,ПК664,166,Йота,664,,,157.2,-12376.9,0,
321800167,3218,ПК665,167,Йота,665,,,151.2,-12384.9,0,
321800168,3218,ПК666,168,Йота,666,,,145.3,-12393.0,0,
321800169,3218,ПК667,169,Йота,667,,,139.4,-12401.1,0,
321800170,3218,ПК668,170,Йота,668,,,133.7,-12409.3,0,
321800171,3218,ПК669,171,Йота,669,,,128.0,-12417.5,0,
321800172,3218,ПК670,172,Йота,670,,,122.5,-12425.8,0,
321800173,3218,ПК671,173,Йота,671,,,117.1,-12434.3,0,
321800174,3218,ПК672,174,Йота,672,,,111.8,-12442.7,0,
321800175,3218,ПК673,175,Йота,673,,,106.5,-12451.3,0,
321800176,3218,ПК674,176,Йота,674,,,101.4,-12459.9,0,
321800177,3218,ПК675,177,Йота,675,,,96.4,-12468.5,0,
321800178,3218,ПК676,178,Йота,676,,,91.4,-12477.2,0,
321800179,3218,ПК677,179,Йота,677,,,86.5,-12485.9,0,
321800180,3218,ПК678,180,Йота,678,,,81.6,-12494.6,0,
321800181,3218,ПК679,181,Йота,679,,,76.8,-12503.4,0,
321800182,3218,ПК680,182,Йота,680,,,72.1,-12512.2,0,
321800183,3218,ПК681,183,Йота,681,,,67.5,-12521.1,0,
321800184,3218,ПК682,184,Йота,682,,,63.1,-12530.1,0,
321800185,3218,ПК683,185,Йота,683,,,58.7,-12539.1,0,
321800186,3218,ПК684,186,Йота,684,,,54.5,-12548.1,0,
321800187,3218,ПК685,187,Йота,685,,,50.4,-12557.3,0,
321800188,3218,ПК686,188,Йота,686,,,46.5,-12566.5,0,
321800189,3218,ПК687,189,Йота,687,,,42.8,-12575.7,0,
321800190,3218,ПК688,190,Йота,688,,,39.2,-12585.1,1,
321800191,3218,ПК689,191,Йота,689,,,35.9,-12594.5,0,
321800192,3218,ПК690,192,Йота,690,,,32.8,-12604.0,0,
321800193,3218,ПК691,193,Йота,691,,,29.8,-12613.6,0,
321800194,3218,ПК692,194,Йота,692,,,27.1,-12623.2,0,
321800195,3218,ПК693,195,Йота,693,,,24.6,-12632.9,1,
321800196,3218,ПК694,196,Йота,694,,,22.4,-12642.6,0,
321800197,3218,ПК695,197,Йота,695,,,20.3,-12652.4,0,
321800198,3218,ПК696,198,Йота,696,,,18.4,-12662.2,0,
321800199,3218,ПК697,199,Йота,697,,,16.7,-12672.1,0,
321800200,3218,ПК698,200,Йота,698,,,15.2,-12682.0,0,
321800201,3218,ПК699,201,Йота,699,,,13.7,-12691.9,0,
321800202,3218,ПК700,202,Йота,700,,,12.4,-12701.8,0,
321800203,3218,ПК701,203,Йота,701,,,11.1,-12711.7,0,
321800204,3218,ПК702,204,Йота,702,,,10.0,-12721.6,0,
321800205,3218,ПК703,205,Йота,703,,,8.9,-12731.6,0,
321800206,3218,ПК704,206,Йота,704,,,7.9,-12741.5,0,
321800207,3218,ПК705,207,Йота,705,,,6.9,-12751.5,0,
321800208,3218,ПК706,208,Йота,706,,,5.8,-12761.4,0,
321800209,3218,ПК707,209,Йота,707,,,4.8,-12771.4,0,
321800210,3218,ПК708,210,Йота,708,,,3.9,-12781.3,2,сопряжение
321800211,3218,ПК709,211,Йота,709,,,3.1,-12791.3,0,
321800212,3218,ПК710,212,Йота,710,,,2.3,-12801.2,0,
321800213,3218,ПК711,213,Йота,711,,,1.6,-12811.2,0,
321800214,3218,ПК712,214,Йота,712,,,1.1,-12821.2,0,
321800215,3218,ПК713,215,Йота,713,,,0.6,-12831.2,1,
321800216,3218,ПК714,216,Йота,714,,,0.3,-12841.2,1,
321800217,3218,ПК715,217,Йота,715,,,0.1,-12851.2,0,
321800218,3218,ПК716,218,Йота,716,,,0.0,-12861.2,1,
321800219,3218,ПК717,219,Йота,717,,,0.1,-12871.2,0,
321800220,3218,ПК718,220,Йота,718,,,0.3,-12881.2,0,
321800221,3218,ПК719,221,Йота,719,,,0.7,-12891.2,0,
321800222,3218,ПК720,222,Йота,720,,,1.1,-12901.2,6,
321800223,3218,ПК721,223,Йота,721,,,1.7,-12911.2,0,
321800224,3218,ПК722,224,Йота,722,,,2.3,-12921.1,5,
321800225,3218,ПК723,225,Йота,723,,,3.0,-12931.1,3,
321800226,3218,ПК724,226,Йота,724,,,3.7,-12941.1,0,
321800227,3218,ПК725,227,Йота,725,,,4.5,-12951.1,0,
321800228,3218,ПК726,228,Йота,726,,,5.4,-12961.0,0,
321800229,3218,ПК727,229,Йота,727,,,6.2,-12971.0,0,
321800230,3218,ПК728,230,Йота,728,,,7.0,-12980.9,0,
321800231,3218,ПК729,231,Йота,729,,,7.7,-12990.9,0,
321800232,3218,ПК730,232,Йота,730,,,8.4,-13000.9,0,
321800233,3218,ПК731,233,Йота,731,,,9.1,-13010.9,0,
321800234,3218,ПК732,234,Йота,732,,,9.8,-13020.8,0,
321800235,3218,ПК733,235,Йота,733,,,10.5,-13030.8,0,
321800236,3218,ПК734,236,Йота,734,,,11.0,-13040.8,1,
321800237,3218,ПК735,237,Йота,735,,,11.5,-13050.8,0,
321800238,3218,ПК736,238,Йота,736,,,11.9,-13060.8,0,
321800239,3218,ПК737,239,Йота,737,,,12.2,-13070.8,0,
321800240,3218,ПК738,240,Йота,738,,,12.5,-13080.8,0,
321800241,3218,ПК739,241,Йота,739,,,12.8,-13090.8,1,
321800242,3218,ПК740,242,Йота,740,,,13.2,-13100.8,0,
321800243,3218,ПК741,243,Йота,741,,,13.6,-13110.8,0,
321800244,3218,ПК742,244,Йота,742,,,14.1,-13120.8,0,
321800245,3218,ПК743,245,Йота,743,,,14.7,-13130.7,0,
321800246,3218,ПК744,246,Йота,744,,,15.4,-13140.7,0,
321800247,3218,ПК745,247,Йота,745,,,16.2,-13150.7,0,
321800248,3218,ПК746,248,Йота,746,,,17.1,-13160.6,0,
321800249,3218,ПК747,249,Йота,747,,,18.2,-13170.6,0,
321800250,3218,ПК748,250,Йота,748,,,19.4,-13180.5,0,
321800251,3218,ПК749,251,Йота,749,,,20.7,-13190.4,1,
321800252,3218,ПК750,252,Йота,750,,,22.1,-13200.3,0,
321800253,3218,ПК751,253,Йота,751,,,23.7,-13210.2,0,
321800254,3218,ПК752,254,Йота,752,,,25.3,-13220.1,0,
321800255,3218,ПК753,255,Йота,753,,,27.1,-13229.9,5,
321800256,3218,ПК754,256,Йота,754,,,29.0,-13239.7,3,
321800257,3218,ПК755,257,Йота,755,,,31.0,-13249.5,1,
321800258,3218,ПК756,258,Йота,756,,,33.1,-13259.3,0,
321800259,3218,ПК757,259,Йота,757,,,35.3,-13269.1,0,
321800260,3218,ПК758,260,Йота,758,,,37.5,-13278.8,0,
321800261,3218,ПК759,261,Йота,759,,,39.7,-13288.6,0,
321800262,3218,ПК760,262,Йота,760,,,42.0,-13298.3,0,
321800263,3218,ПК761,263,Йота,761,,,44.4,-13308.0,0,
321800264,3218,ПК762,264,Йота,762,,,46.9,-13317.7,0,
321800265,3218,ПК763,265,Йота,763,,,49.4,-13327.4,0,
321800266,3218,ПК764,266,Йота,764,,,51.9,-13337.0,0,
321800267,3218,ПК765,267,Йота,765,,,54.5,-13346.7,11,
321800268,3218,ПК766,268,Йота,766,,,57.2,-13356.3,0,
321800269,3218,ПК767,269,Йота,767,,,60.0,-13365.9,0,
321800270,3218,ПК768,270,Йота,768,,,62.8,-13375.5,0,
321800271,3218,ПК769,271,Йота,769,,,65.6,-13385.1,0,
321800272,3218,ПК770,272,Йота,770,,,68.5,-13394.7,0,
321800273,3218,ПК771,273,Йота,771,,,71.3,-13404.3,0,
321800274,3218,ПК772,274,Йота,772,,,74.1,-13413.9,0,
321800275,3218,ПК773,275,Йота,773,,,77.0,-13423.5,3,
321800276,3218,ПК774,276,Йота,774,,,80.1,-13433.0,0,
321800277,3218,ПК775,277,Йота,775,,,83.3,-13442.5,1,
321800278,3218,ПК776,278,Йота,776,,,86.6,-13451.9,0,
321800279,3218,ПК777,279,Йота,777,,,90.0,-13461.3,0,
321800280,3218,ПК778,280,Йота,778,,,93.5,-13470.7,0,
321800281,3218,ПК779,281,Йота,779,,,97.1,-13480.0,0,
321800282,3218,ПК780,282,Йота,780,,,100.8,-13489.3,0,
321800283,3218,ПК781,283,Йота,781,,,104.6,-13498.6,0,
321800284,3218,ПК782,284,Йота,782,,,108.4,-13507.8,0,
321800285,3218,ПК783,285,Йота,783,,,112.2,-13517.0,0,
321800286,3218,ПК784,286,Йота,784,,,116.1,-13526.2,2,
321800287,3218,ПК785,287,Йота,785,,,120.1,-13535.4,8,
321800288,3218,ПК786,288,Йота,786,,,124.0,-13544.6,0,
321800289,3218,ПК787,289,Йота,787,,,128.0,-13553.8,0,
321800290,3218,ПК788,290,Йота,788,,,132.1,-13562.9,0,
321800291,3218,ПК789,291,Йота,789,,,136.2,-13572.0,0,
321800292,3218,ПК790,292,Йота,790,,,140.3,-13581.1,0,
321800293,3218,ПК791,293,Йота,791,,,144.5,-13590.2,0,
321800294,3218,ПК792,294,Йота,792,,,148.7,-13599.3,0,
321800295,3218,ПК793,295,Йота,793,,,153.0,-13608.3,0,
321800296,3218,ПК794,296,Йота,794,,,157.3,-13617.3,0,
321800297,3218,ПК795,297,Йота,795,,,161.7,-13626.3,1,
321800298,3218,ПК796,298,Йота,796,,,166.2,-13635.3,0,
321800299,3218,ПК797,299,Йота,797,,,170.7,-13644.2,0,
321800300,3218,ПК798,300,Йота,798,,,175.3,-13653.1,0,
321800301,3218,ПК799,301,Йота,799,,,179.9,-13661.9,6,
321800302,3218,ПК800,302,Йота,800,,,184.7,-13670.7,2,
321800303,3218,ПК801,303,Йота,801,,,189.8,-13679.3,0,
321800304,3218,ПК802,304,Йота,802,,,195.0,-13687.9,0,
321800305,3218,ПК803,305,Йота,803,,,200.4,-13696.3,0,
321800306,3218,ПК804,306,Йота,804,,,206.0,-13704.6,0,
321800307,3218,ПК805,307,Йота,805,,,211.6,-13712.8,0,
321800308,3218,ПК806,308,Йота,806,,,217.3,-13721.1,0,
321800309,3218,ПК807,309,Йота,807,,,223.1,-13729.2,0,
321800310,3218,ПК808,310,Йота,808,,,229.0,-13737.3,0,
321800311,3218,ПК809,311,Йота,809,,,235.1,-13745.2,0,
321800312,3218,ПК810,312,Йота,810,,,241.2,-13753.2,0,
321800313,3218,ПК811,313,Йота,811,,,247.3,-13761.0,0,
321800314,3218,ПК812,314,Йота,812,,,253.6,-13768.9,0,
321800315,3218,ПК813,315,Йота,813,,,259.8,-13776.7,0,
321800316,3218,ПК814,316,Йота,814,,,266.1,-13784.5,0,
321800317,3218,ПК815,317,Йота,815,,,272.4,-13792.2,9,
321800318,3218,ПК816,318,Йота,816,,,278.8,-13799.9,1,
321800319,3218,ПК817,319,Йота,817,,,285.3,-13807.5,0,
321800320,3218,ПК818,320,Йота,818,,,291.8,-13815.1,0,
321800321,3218,ПК819,321,Йота,819,,,298.5,-13822.5,0,
321800322,3218,ПК820,322,Йота,820,,,305.3,-13829.9,0,
321800323,3218,ПК821,323,Йота,821,,,312.1,-13837.2,0,
321800324,3218,ПК822,324,Йота,822,,,318.9,-13844.5,0,
321800325,3218,ПК823,325,Йота,823,,,325.8,-13851.7,0,
321800326,3218,ПК824,326,Йота,824,,,332.7,-13859.0,0,
321800327,3218,ПК825,327,Йота,825,,,339.6,-13866.2,2,
321800328,3218,ПК826,328,Йота,826,,,346.5,-13873.5,4,
321800329,3218,ПК827,329,Йота,827,,,353.4,-13880.7,1,
321800330,3218,ПК828,330,Йота,828,,,360.4,-13887.8,0,
321800331,3218,ПК829,331,Йота,829,,,367.4,-13895.0,0,
321800332,3218,ПК830,332,Йота,830,,,374.5,-13902.1,0,
321800333,3218,ПК831,333,Йота,831,,,381.6,-13909.1,0,
321800334,3218,ПК832,334,Йота,832,,,388.7,-13916.1,0,
321800335,3218,ПК833,335,Йота,833,,,396.0,-13923.0,0,
321800336,3218,ПК834,336,Йота,834,,,403.3,-13929.8,2,
321800337,3218,ПК835,337,Йота,835,,,410.5,-13936.8,0,
321800338,3218,ПК836,338,Йота,836,,,417.7,-13943.7,0,
321800339,3218,ПК837,339,Йота,837,,,424.8,-13950.7,0,
321800340,3218,ПК838,340,Йота,838,,,432.0,-13957.6,0,
321800341,3218,ПК839,341,Йота,839,,,439.1,-13964.6,0,
321800342,3218,ПК840,342,Йота,840,,,446.3,-13971.7,1,
321800343,3218,ПК841,343,Йота,841,,,453.3,-13978.7,0,
321800344,3218,ПК842,344,Йота,842,,,460.4,-13985.8,9,
321800345,3218,ПК843,345,Йота,843,,,467.4,-13993.0,0,
321800346,3218,ПК844,346,Йота,844,,,474.4,-14000.1,1,
321800347,3218,ПК845,347,Йота,845,,,481.3,-14007.3,0,
321800348,3218,ПК846,348,Йота,846,,,488.3,-14014.5,0,
321800349,3218,ПК847,349,Йота,847,,,495.3,-14021.6,0,
321800350,3218,ПК848,350,Йота,848,,,502.3,-14028.8,2,
321800351,3218,ПК849,351,Йота,849,,,509.4,-14035.8,1,
321800352,3218,ПК850,352,Йота,850,,,516.5,-14042.9,1,
321800353,3218,ПК851,353,Йота,851,,,523.6,-14049.9,3,
321800354,3218,ПК852,354,Йота,852,,,530.8,-14056.8,3,
335500001,3355,ПК0,1,Тау,0,,,3321.8,-15128.5,10,
335500002,3355,ПК1,2,Тау,1,,,3317.5,-15119.5,0,
335500003,3355,ПК2,3,Тау,2,,,3313.2,-15110.5,12,сопряжение с место 14
335500004,3355,ПК3,4,Тау,3,,,3308.9,-15101.4,2,
335500005,3355,ПК4,5,Тау,4,,,3304.8,-15092.3,2,
335500006,3355,ПК5,6,Тау,5,,,3300.8,-15083.1,0,
335500007,3355,ПК6,7,Тау,6,,,3297.0,-15073.9,0,
335500008,3355,ПК7,8,Тау,7,,,3293.3,-15064.6,1,
335500009,3355,ПК8,9,Тау,8,,,3289.7,-15055.3,0,
335500010,3355,ПК9,10,Тау,9,,,3286.2,-15045.9,2,
335500011,3355,ПК10,11,Тау,10,,,3282.8,-15036.5,11,
335500012,3355,ПК11,12,Тау,11,,,3279.5,-15027.0,6,
335500013,3355,ПК12,13,Тау,12,,,3276.3,-15017.6,1,
335500014,3355,ПК13,14,Тау,13,,,3273.1,-15008.1,0,
335500015,3355,ПК14,15,Тау,14,,,3270.2,-14998.5,0,
335500016,3355,ПК15,16,Тау,15,,,3267.4,-14988.9,1,
335500017,3355,ПК16,17,Тау,16,,,3264.7,-14979.3,0,
335500018,3355,ПК17,18,Тау,17,,,3262.2,-14969.6,2,
335500019,3355,ПК18,19,Тау,18,,,3259.9,-14959.9,0,
335500020,3355,ПК19,20,Тау,19,,,3257.8,-14950.1,0,
335500021,3355,ПК20,21,Тау,20,,,3255.9,-14940.3,0,
335500022,3355,ПК21,22,Тау,21,,,3254.2,-14930.4,1,
335500023,3355,ПК22,23,Тау,22,,,3252.7,-14920.5,1,
335500024,3355,ПК23,24,Тау,23,,,3251.4,-14910.6,1,
335500025,3355,ПК24,25,Тау,24,,,3250.2,-14900.7,1,
335500026,3355,ПК25,26,Тау,25,,,3249.4,-14890.7,0,
335500027,3355,ПК26,27,Тау,26,,,3248.7,-14880.8,9,
335500028,3355,ПК27,28,Тау,27,,,3248.2,-14870.8,10,
335500029,3355,ПК28,29,Тау,28,,,3247.8,-14860.8,1,
335500030,3355,ПК29,30,Тау,29,,,3247.6,-14850.8,0,
335500031,3355,ПК30,31,Тау,30,,,3247.5,-14840.8,1,
335500032,3355,ПК31,32,Тау,31,,,3247.4,-14830.8,0,
335500033,3355,ПК32,33,Тау,32,,,3247.5,-14820.8,0,
335500034,3355,ПК33,34,Тау,33,,,3247.6,-14810.8,1,
335500035,3355,ПК34,35,Тау,34,,,3247.9,-14800.8,0,
335500036,3355,ПК35,36,Тау,35,,,3248.2,-14790.8,0,
335500037,3355,ПК36,37,Тау,36,,,3248.6,-14780.8,0,
335500038,3355,ПК37,38,Тау,37,,,3249.2,-14770.8,1,
335500039,3355,ПК38,39,Тау,38,,,3250.1,-14760.9,0,
335500040,3355,ПК39,40,Тау,39,,,3251.1,-14750.9,20,
335500041,3355,ПК40,41,Тау,40,,,3252.3,-14741.0,0,
335500042,3355,ПК41,42,Тау,41,,,3253.6,-14731.1,0,
335500043,3355,ПК42,43,Тау,42,,,3255.2,-14721.2,0,
335500044,3355,ПК43,44,Тау,43,,,3256.9,-14711.3,1,
335500045,3355,ПК44,45,Тау,44,,,3258.8,-14701.5,0,
335500046,3355,ПК45,46,Тау,45,,,3260.9,-14691.8,0,
335500047,3355,ПК46,47,Тау,46,,,3263.3,-14682.0,0,
335500048,3355,ПК47,48,Тау,47,,,3265.9,-14672.4,1,
335500049,3355,ПК48,49,Тау,48,,,3268.8,-14662.8,0,
335500050,3355,ПК49,50,Тау,49,,,3271.8,-14653.3,1,
335500051,3355,ПК50,51,Тау,50,,,3275.1,-14643.8,21,
335500052,3355,ПК51,52,Тау,51,,,3278.6,-14634.5,1,
335500053,3355,ПК52,53,Тау,52,,,3282.3,-14625.2,0,
335500054,3355,ПК53,54,Тау,53,,,3286.3,-14616.0,1,
335500055,3355,ПК54,55,Тау,54,,,3290.3,-14606.9,0,
335500056,3355,ПК55,56,Тау,55,,,3294.6,-14597.8,0,
335500057,3355,ПК56,57,Тау,56,,,3298.9,-14588.8,1,
335500058,3355,ПК57,58,Тау,57,,,3303.3,-14579.8,1,
335500059,3355,ПК58,59,Тау,58,,,3307.9,-14570.9,0,
335500060,3355,ПК59,60,Тау,59,,,3312.5,-14562.0,0,
335500061,3355,ПК60,61,Тау,60,,,3317.2,-14553.2,1,
335500062,3355,ПК61,62,Тау,61,,,3322.0,-14544.5,0,
335500063,3355,ПК62,63,Тау,62,,,3326.9,-14535.7,0,
335500064,3355,ПК63,64,Тау,63,,,3331.8,-14527.0,1,
335500065,3355,ПК64,65,Тау,64,,,3336.8,-14518.4,0,
335500066,3355,ПК65,66,Тау,65,,,3341.9,-14509.7,3,
335500067,3355,ПК66,67,Тау,66,,,3347.0,-14501.2,24,
335500068,3355,ПК67,68,Тау,67,,,3352.1,-14492.6,0,
335500069,3355,ПК68,69,Тау,68,,,3357.3,-14484.0,0,
335500070,3355,ПК69,70,Тау,69,,,3362.6,-14475.5,1,
335500071,3355,ПК70,71,Тау,70,,,3367.9,-14467.1,0,
335500072,3355,ПК71,72,Тау,71,,,3373.3,-14458.6,0,
335500073,3355,ПК72,73,Тау,72,,,3378.6,-14450.2,1,
335500074,3355,ПК73,74,Тау,73,,,3384.0,-14441.8,0,
335500075,3355,ПК74,75,Тау,74,,,3389.5,-14433.4,1,
335500076,3355,ПК75,76,Тау,75,,,3395.0,-14425.0,4,
335500077,3355,ПК76,77,Тау,76,,,3400.5,-14416.7,11,
335500078,3355,ПК77,78,Тау,77,,,3406.2,-14408.4,20,
335500079,3355,ПК78,79,Тау,78,,,3411.9,-14400.3,0,
335500080,3355,ПК79,80,Тау,79,,,3417.8,-14392.2,0,
335500081,3355,ПК80,81,Тау,80,,,3423.7,-14384.1,1,
335500082,3355,ПК81,82,Тау,81,,,3429.8,-14376.2,0,
335500083,3355,ПК82,83,Тау,82,,,3435.9,-14368.2,1,
335500084,3355,ПК83,84,Тау,83,,,3442.0,-14360.3,1,
335500085,3355,ПК84,85,Тау,84,,,3448.1,-14352.4,1,
335500086,3355,ПК85,86,Тау,85,,,3454.1,-14344.4,13,
335500087,3355,ПК86,87,Тау,86,,,3460.2,-14336.5,7,
335500088,3355,ПК87,88,Тау,87,,,3466.2,-14328.5,0,
335500089,3355,ПК88,89,Тау,88,,,3472.3,-14320.5,0,
335500090,3355,ПК89,90,Тау,89,,,3478.3,-14312.5,1,
335500091,3355,ПК90,91,Тау,90,,,3484.3,-14304.6,0,
335500092,3355,ПК91,92,Тау,91,,,3490.3,-14296.6,0,
335500093,3355,ПК92,93,Тау,92,,,3496.4,-14288.6,1,
335500094,3355,ПК93,94,Тау,93,,,3502.4,-14280.6,0,
335500095,3355,ПК94,95,Тау,94,,,3508.5,-14272.7,0,
335500096,3355,ПК95,96,Тау,95,,,3514.6,-14264.8,0,
335500097,3355,ПК96,97,Тау,96,,,3520.6,-14256.8,1,
335500098,3355,ПК97,98,Тау,97,,,3526.6,-14248.8,0,
335500099,3355,ПК98,99,Тау,98,,,3532.6,-14240.8,0,
335500100,3355,ПК99,100,Тау,99,,,3538.5,-14232.7,0,
335500101,3355,ПК100,101,Тау,100,,,3544.3,-14224.5,1,
335500102,3355,ПК101,102,Тау,101,,,3550.0,-14216.3,0,
335500103,3355,ПК102,103,Тау,102,,,3555.5,-14208.0,0,
335500104,3355,ПК103,104,Тау,103,,,3561.1,-14199.7,1,
335500105,3355,ПК104,105,Тау,104,,,3566.5,-14191.3,0,
335500106,3355,ПК105,106,Тау,105,,,3571.9,-14182.9,0,
335500107,3355,ПК106,107,Тау,106,,,3577.2,-14174.4,25,
335500108,3355,ПК107,108,Тау,107,,,3582.4,-14165.9,0,
335500109,3355,ПК108,109,Тау,108,,,3587.6,-14157.3,0,
335500110,3355,ПК109,110,Тау,109,,,3592.7,-14148.7,1,
335500111,3355,ПК110,111,Тау,110,,,3597.7,-14140.0,0,
335500112,3355,ПК111,112,Тау,111,,,3602.6,-14131.3,0,
335500113,3355,ПК112,113,Тау,112,,,3607.3,-14122.5,2,
335500114,3355,ПК113,114,Тау,113,,,3611.9,-14113.6,0,
335500115,3355,ПК114,115,Тау,114,,,3616.4,-14104.7,1,
335500116,3355,ПК115,116,Тау,115,,,3620.7,-14095.7,0,
335500117,3355,ПК116,117,Тау,116,,,3625.0,-14086.6,0,
335500118,3355,ПК117,118,Тау,117,,,3629.1,-14077.5,1,
335500119,3355,ПК118,119,Тау,118,,,3633.1,-14068.4,0,
335500120,3355,ПК119,120,Тау,119,,,3637.1,-14059.2,0,
335500121,3355,ПК120,121,Тау,120,,,3640.9,-14049.9,0,
335500122,3355,ПК121,122,Тау,121,,,3644.6,-14040.6,1,
335500123,3355,ПК122,123,Тау,122,,,3648.2,-14031.3,0,
335500124,3355,ПК123,124,Тау,123,,,3651.8,-14022.0,26,
335500125,3355,ПК124,125,Тау,124,,,3655.3,-14012.6,1,
335500126,3355,ПК125,126,Тау,125,,,3658.7,-14003.2,0,
335500127,3355,ПК126,127,Тау,126,,,3662.1,-13993.8,0,
335500128,3355,ПК127,128,Тау,127,,,3665.5,-13984.4,1,
335500129,3355,ПК128,129,Тау,128,,,3668.8,-13975.0,0,
335500130,3355,ПК129,130,Тау,129,,,3672.2,-13965.6,0,
335500131,3355,ПК130,131,Тау,130,,,3675.6,-13956.1,1,
335500132,3355,ПК131,132,Тау,131,,,3679.0,-13946.7,0,
335500133,3355,ПК132,133,Тау,132,,,3682.4,-13937.3,1,
335500134,3355,ПК133,134,Тау,133,,,3685.9,-13928.0,1,
335500135,3355,ПК134,135,Тау,134,,,3689.4,-13918.6,0,
335500136,3355,ПК135,136,Тау,135,,,3693.0,-13909.3,0,
335500137,3355,ПК136,137,Тау,136,,,3696.5,-13899.9,1,
335500138,3355,ПК137,138,Тау,137,,,3700.0,-13890.5,0,
335500139,3355,ПК138,139,Тау,138,,,3703.4,-13881.1,0,
335500140,3355,ПК139,140,Тау,139,,,3706.7,-13871.7,1,
335500141,3355,ПК140,141,Тау,140,,,3710.1,-13862.3,0,
335500142,3355,ПК141,142,Тау,141,,,3713.3,-13852.8,1,
335500143,3355,ПК142,143,Тау,142,,,3716.6,-13843.4,0,
335500144,3355,ПК143,144,Тау,143,,,3719.9,-13833.9,0,
335500145,3355,ПК144,145,Тау,144,,,3723.1,-13824.5,21,
335500146,3355,ПК145,146,Тау,145,,,3726.3,-13815.0,2,
335500147,3355,ПК146,147,Тау,146,,,3729.5,-13805.5,0,
335500148,3355,ПК147,148,Тау,147,,,3732.7,-13796.0,1,
335500149,3355,ПК148,149,Тау,148,,,3735.9,-13786.6,1,
335500150,3355,ПК149,150,Тау,149,,,3739.2,-13777.1,0,
335500151,3355,ПК150,151,Тау,150,,,3742.4,-13767.7,0,
335500152,3355,ПК151,152,Тау,151,,,3745.7,-13758.2,1,
335500153,3355,ПК152,153,Тау,152,,,3749.0,-13748.8,0,
335500154,3355,ПК153,154,Тау,153,,,3752.2,-13739.3,0,
335500155,3355,ПК154,155,Тау,154,,,3755.5,-13729.8,1,
335500156,3355,ПК155,156,Тау,155,,,3758.7,-13720.4,20,
335500157,3355,ПК156,157,Тау,156,,,3761.9,-13710.9,1,
335500158,3355,ПК157,158,Тау,157,,,3765.1,-13701.4,0,
335500159,3355,ПК158,159,Тау,158,,,3768.5,-13692.0,0,
335500160,3355,ПК159,160,Тау,159,,,3771.8,-13682.6,1,
335500161,3355,ПК160,161,Тау,160,,,3775.2,-13673.2,0,
335500162,3355,ПК161,162,Тау,161,,,3778.7,-13663.8,0,
335500163,3355,ПК162,163,Тау,162,,,3782.0,-13654.4,0,
335500164,3355,ПК163,164,Тау,163,,,3785.4,-13645.0,0,
335500165,3355,ПК164,165,Тау,164,,,3788.8,-13635.6,0,
335500166,3355,ПК165,166,Тау,165,,,3792.2,-13626.2,0,
335500167,3355,ПК166,167,Тау,166,,,3795.6,-13616.8,8,
335500168,3355,ПК167,168,Тау,167,,,3799.1,-13607.4,22,
335500169,3355,ПК168,169,Тау,168,,,3802.6,-13598.0,2,
335500170,3355,ПК169,170,Тау,169,,,3806.1,-13588.7,0,
335500171,3355,ПК170,171,Тау,170,,,3809.7,-13579.3,0,
335500172,3355,ПК171,172,Тау,171,,,3813.3,-13570.0,1,
335500173,3355,ПК172,173,Тау,172,,,3816.9,-13560.7,0,
335500174,3355,ПК173,174,Тау,173,,,3820.5,-13551.3,6,
335500175,3355,ПК174,175,Тау,174,,,3824.1,-13542.0,8,
335500176,3355,ПК175,176,Тау,175,,,3827.8,-13532.7,1,
335500177,3355,ПК176,177,Тау,176,,,3831.5,-13523.4,0,
335500178,3355,ПК177,178,Тау,177,,,3835.3,-13514.2,1,
335500179,3355,ПК178,179,Тау,178,,,3839.1,-13504.9,0,
335500180,3355,ПК179,180,Тау,179,,,3843.0,-13495.7,0,
335500181,3355,ПК180,181,Тау,180,,,3847.0,-13486.6,1,
335500182,3355,ПК181,182,Тау,181,,,3851.0,-13477.4,0,
335500183,3355,ПК182,183,Тау,182,,,3855.2,-13468.3,2,
335500184,3355,ПК183,184,Тау,183,,,3859.3,-13459.2,13,
335500185,3355,ПК184,185,Тау,184,,,3863.5,-13450.1,1,
335500186,3355,ПК185,186,Тау,185,,,3867.8,-13441.1,0,
335500187,3355,ПК186,187,Тау,186,,,3872.1,-13432.1,0,
335500188,3355,ПК187,188,Тау,187,,,3876.5,-13423.1,0,
335500189,3355,ПК188,189,Тау,188,,,3880.9,-13414.1,1,
335500190,3355,ПК189,190,Тау,189,,,3885.2,-13405.1,0,
335500191,3355,ПК190,191,Тау,190,,,3889.6,-13396.1,1,
335500192,3355,ПК191,192,Тау,191,,,3893.9,-13387.1,0,
335500193,3355,ПК192,193,Тау,192,,,3898.2,-13378.0,0,
335500194,3355,ПК193,194,Тау,193,,,3902.5,-13369.0,1,
335500195,3355,ПК194,195,Тау,194,,,3906.8,-13360.0,0,
335500196,3355,ПК195,196,Тау,195,,,3911.1,-13351.0,14,
335500197,3355,ПК196,197,Тау,196,,,3915.6,-13342.0,4,
335500198,3355,ПК197,198,Тау,197,,,3920.3,-13333.2,0,
335500199,3355,ПК198,199,Тау,198,,,3925.1,-13324.4,1,
335500200,3355,ПК199,200,Тау,199,,,3930.1,-13315.8,0,
335500201,3355,ПК200,201,Тау,200,,,3935.2,-13307.2,0,
335500202,3355,ПК201,202,Тау,201,,,3940.5,-13298.6,1,
335500203,3355,ПК202,203,Тау,202,,,3945.8,-13290.2,0,
335500204,3355,ПК203,204,Тау,203,,,3951.2,-13281.8,0,
335500205,3355,ПК204,205,Тау,204,,,3956.6,-13273.4,1,
335500206,3355,ПК205,206,Тау,205,,,3962.1,-13265.0,0,
335500207,3355,ПК206,207,Тау,206,,,3967.7,-13256.8,5,
335500208,3355,ПК207,208,Тау,207,,,3973.5,-13248.6,1,
335500209,3355,ПК208,209,Тау,208,,,3979.3,-13240.5,0,
335500210,3355,ПК209,210,Тау,209,,,3985.3,-13232.5,8,
335500211,3355,ПК210,211,Тау,210,,,3991.4,-13224.5,1,
335500212,3355,ПК211,212,Тау,211,,,3997.7,-13216.7,0,
335500213,3355,ПК212,213,Тау,212,,,4003.9,-13208.9,1,
335500214,3355,ПК213,214,Тау,213,,,4010.2,-13201.1,0,
335500215,3355,ПК214,215,Тау,214,,,4016.6,-13193.4,0,
335500216,3355,ПК215,216,Тау,215,,,4023.0,-13185.8,1,
335500217,3355,ПК216,217,Тау,216,,,4029.5,-13178.2,0,
335500218,3355,ПК217,218,Тау,217,,,4036.0,-13170.6,1,
335500219,3355,ПК218,219,Тау,218,,,4042.6,-13163.0,0,
335500220,3355,ПК219,220,Тау,219,,,4049.2,-13155.5,0,
335500221,3355,ПК220,221,Тау,220,,,4055.9,-13148.1,1,
335500222,3355,ПК221,222,Тау,221,,,4062.6,-13140.7,0,
335500223,3355,ПК222,223,Тау,222,,,4069.4,-13133.3,0,
335500224,3355,ПК223,224,Тау,223,,,4076.2,-13126.0,1,
335500225,3355,ПК224,225,Тау,224,,,4083.1,-13118.8,0,
335500226,3355,ПК225,226,Тау,225,,,4090.1,-13111.6,1,
335500227,3355,ПК226,227,Тау,226,,,4097.2,-13104.6,0,
335500228,3355,ПК227,228,Тау,227,,,4104.3,-13097.6,9,
335500229,3355,ПК228,229,Тау,228,,,4111.5,-13090.6,23,
335500230,3355,ПК229,230,Тау,229,,,4118.8,-13083.7,1,
335500231,3355,ПК230,231,Тау,230,,,4126.1,-13076.9,0,
335500232,3355,ПК231,232,Тау,231,,,4133.5,-13070.2,1,
335500233,3355,ПК232,233,Тау,232,,,4140.9,-13063.5,0,
335500234,3355,ПК233,234,Тау,233,,,4148.5,-13057.0,1,
335500235,3355,ПК234,235,Тау,234,,,4156.1,-13050.5,0,
335500236,3355,ПК235,236,Тау,235,,,4163.9,-13044.2,1,
335500237,3355,ПК236,237,Тау,236,,,4171.6,-13037.9,0,
335500238,3355,ПК237,238,Тау,237,,,4179.4,-13031.6,9,
335500239,3355,ПК238,239,Тау,238,,,4187.3,-13025.5,7,
335500240,3355,ПК239,240,Тау,239,,,4195.3,-13019.5,0,
335500241,3355,ПК240,241,Тау,240,,,4203.3,-13013.5,0,
335500242,3355,ПК241,242,Тау,241,,,4211.4,-13007.7,1,
335500243,3355,ПК242,243,Тау,242,,,4219.7,-13002.0,0,
335500244,3355,ПК243,244,Тау,243,,,4228.0,-12996.4,0,
335500245,3355,ПК244,245,Тау,244,,,4236.4,-12991.1,0,
335500246,3355,ПК245,246,Тау,245,,,4244.9,-12985.8,1,
335500247,3355,ПК246,247,Тау,246,,,4253.4,-12980.6,0,
335500248,3355,ПК247,248,Тау,247,,,4262.0,-12975.4,0,
335500249,3355,ПК248,249,Тау,248,,,4270.7,-12970.4,0,
335500250,3355,ПК249,250,Тау,249,,,4279.3,-12965.4,0,
335500251,3355,ПК250,251,Тау,250,,,4288.0,-12960.4,0,
335500252,3355,ПК251,252,Тау,251,,,4296.7,-12955.5,1,
335500253,3355,ПК252,253,Тау,252,,,4305.4,-12950.6,1,
335500254,3355,ПК253,254,Тау,253,,,4314.2,-12945.8,0,
335500255,3355,ПК254,255,Тау,254,,,4322.9,-12940.9,0,
335500256,3355,ПК255,256,Тау,255,,,4331.7,-12936.0,11,
335500257,3355,ПК256,257,Тау,256,,,4340.3,-12931.1,11,
335500258,3355,ПК257,258,Тау,257,,,4349.0,-12926.1,2,
335500259,3355,ПК258,259,Тау,258,,,4357.6,-12921.0,1,
335500260,3355,ПК259,260,Тау,259,,,4366.2,-12915.9,0,
335500261,3355,ПК260,261,Тау,260,,,4374.8,-12910.8,0,
335500262,3355,ПК261,262,Тау,261,,,4383.4,-12905.6,1,
335500263,3355,ПК262,263,Тау,262,,,4391.9,-12900.5,0,
335500264,3355,ПК263,264,Тау,263,,,4400.5,-12895.3,0,
335500265,3355,ПК264,265,Тау,264,,,4409.0,-12890.1,1,
335500266,3355,ПК265,266,Тау,265,,,4417.5,-12884.8,0,
335500267,3355,ПК266,267,Тау,266,,,4426.0,-12879.4,0,
335500268,3355,ПК267,268,Тау,267,,,4434.4,-12874.0,1,
335500269,3355,ПК268,269,Тау,268,,,4442.7,-12868.4,0,
335500270,3355,ПК269,270,Тау,269,,,4450.9,-12862.8,20,
335500271,3355,ПК270,271,Тау,270,,,4459.1,-12857.0,2,
335500272,3355,ПК271,272,Тау,271,,,4467.3,-12851.2,0,
335500273,3355,ПК272,273,Тау,272,,,4475.4,-12845.4,1,
335500274,3355,ПК273,274,Тау,273,,,4483.4,-12839.5,0,
335500275,3355,ПК274,275,Тау,274,,,4491.4,-12833.5,0,
335500276,3355,ПК275,276,Тау,275,,,4499.3,-12827.4,2,
335500277,3355,ПК276,277,Тау,276,,,4507.2,-12821.1,0,
335500278,3355,ПК277,278,Тау,277,,,4514.8,-12814.7,1,
335500279,3355,ПК278,279,Тау,278,,,4522.4,-12808.2,1,
335500280,3355,ПК279,280,Тау,279,,,4529.9,-12801.5,0,
335500281,3355,ПК280,281,Тау,280,,,4537.2,-12794.8,0,
335500282,3355,ПК281,282,Тау,281,,,4544.5,-12787.9,1,
335500283,3355,ПК282,283,Тау,282,,,4551.6,-12780.8,0,
335500284,3355,ПК283,284,Тау,283,,,4558.6,-12773.8,0,
335500285,3355,ПК284,285,Тау,284,,,4565.6,-12766.6,2,
335500286,3355,ПК285,286,Тау,285,,,4572.6,-12759.4,0,
335500287,3355,ПК286,287,Тау,286,,,4579.5,-12752.2,0,
335500288,3355,ПК287,288,Тау,287,,,4586.3,-12744.9,18,
335500289,3355,ПК288,289,Тау,288,,,4593.1,-12737.5,0,
335500290,3355,ПК289,290,Тау,289,,,4599.8,-12730.1,0,
335500291,3355,ПК290,291,Тау,290,,,4606.6,-12722.7,1,
335500292,3355,ПК291,292,Тау,291,,,4613.3,-12715.3,0,
335500293,3355,ПК292,293,Тау,292,,,4619.9,-12707.9,0,
335500294,3355,ПК293,294,Тау,293,,,4626.6,-12700.4,1,
335500295,3355,ПК294,295,Тау,294,,,4633.2,-12692.9,0,
335500296,3355,ПК295,296,Тау,295,,,4639.8,-12685.4,0,
335500297,3355,ПК296,297,Тау,296,,,4646.3,-12677.8,2,
335500298,3355,ПК297,298,Тау,297,,,4652.9,-12670.2,0,
335500299,3355,ПК298,299,Тау,298,,,4659.4,-12662.7,0,
335500300,3355,ПК299,300,Тау,299,,,4665.9,-12655.1,1,
335500301,3355,ПК300,301,Тау,300,,,4672.4,-12647.5,0,
335500302,3355,ПК301,302,Тау,301,,,4678.9,-12639.9,0,
335500303,3355,ПК302,303,Тау,302,,,4685.5,-12632.3,1,
335500304,3355,ПК303,304,Тау,303,,,4692.0,-12624.8,0,
335500305,3355,ПК304,305,Тау,304,,,4698.6,-12617.2,14,
335500306,3355,ПК305,306,Тау,305,,,4705.2,-12609.7,4,
335500307,3355,ПК306,307,Тау,306,,,4711.9,-12602.3,0,
335500308,3355,ПК307,308,Тау,307,,,4718.6,-12594.9,1,
335500309,3355,ПК308,309,Тау,308,,,4725.5,-12587.7,0,
335500310,3355,ПК309,310,Тау,309,,,4732.5,-12580.5,1,
335500311,3355,ПК310,311,Тау,310,,,4739.5,-12573.4,0,
335500312,3355,ПК311,312,Тау,311,,,4746.7,-12566.5,0,
335500313,3355,ПК312,313,Тау,312,,,4754.0,-12559.6,0,
335500314,3355,ПК313,314,Тау,313,,,4761.4,-12552.9,2,
335500315,3355,ПК314,315,Тау,314,,,4768.9,-12546.3,0,
335500316,3355,ПК315,316,Тау,315,,,4776.6,-12539.8,1,
335500317,3355,ПК316,317,Тау,316,,,4784.3,-12533.4,0,
335500318,3355,ПК317,318,Тау,317,,,4792.1,-12527.2,0,
335500319,3355,ПК318,319,Тау,318,,,4800.0,-12521.1,1,
335500320,3355,ПК319,320,Тау,319,,,4808.0,-12515.1,8,
335500321,3355,ПК320,321,Тау,320,,,4816.2,-12509.3,5,
335500322,3355,ПК321,322,Тау,321,,,4824.3,-12503.5,5,
335500323,3355,ПК322,323,Тау,322,,,4832.5,-12497.8,2,
335500324,3355,ПК323,324,Тау,323,,,4840.7,-12492.1,0,
335500325,3355,ПК324,325,Тау,324,,,4849.0,-12486.4,0,
335500326,3355,ПК325,326,Тау,325,,,4857.2,-12480.7,0,
335500327,3355,ПК326,327,Тау,326,,,4865.4,-12475.0,1,
335500328,3355,ПК327,328,Тау,327,,,4873.6,-12469.3,0,
335500329,3355,ПК328,329,Тау,328,,,4881.9,-12463.7,0,
335500330,3355,ПК329,330,Тау,329,,,4890.1,-12458.1,1,
335500331,3355,ПК330,331,Тау,330,,,4898.4,-12452.4,0,
335500332,3355,ПК331,332,Тау,331,,,4906.7,-12446.8,2,
335500333,3355,ПК332,333,Тау,332,,,4915.0,-12441.2,0,
335500334,3355,ПК333,334,Тау,333,,,4923.3,-12435.6,0,
335500335,3355,ПК334,335,Тау,334,,,4931.5,-12430.0,1,
335500336,3355,ПК335,336,Тау,335,,,4939.8,-12424.4,0,
335500337,3355,ПК336,337,Тау,336,,,4948.0,-12418.7,0,
335500338,3355,ПК337,338,Тау,337,,,4956.2,-12413.0,0,
335500339,3355,ПК338,339,Тау,338,,,4964.4,-12407.2,1,
335500340,3355,ПК339,340,Тау,339,,,4972.5,-12401.4,1,
335500341,3355,ПК340,341,Тау,340,,,4980.6,-12395.5,18,
335500342,3355,ПК341,342,Тау,341,,,4988.6,-12389.5,4,
335500343,3355,ПК342,343,Тау,342,,,4996.6,-12383.4,0,
335500344,3355,ПК343,344,Тау,343,,,5004.5,-12377.3,1,
335500345,3355,ПК344,345,Тау,344,,,5012.3,-12371.1,0,
335500346,3355,ПК345,346,Тау,345,,,5020.0,-12364.7,1,
335500347,3355,ПК346,347,Тау,346,,,5027.6,-12358.3,1,
335500348,3355,ПК347,348,Тау,347,,,5035.2,-12351.7,0,
335500349,3355,ПК348,349,Тау,348,,,5042.7,-12345.1,0,
335500350,3355,ПК349,350,Тау,349,,,5050.2,-12338.5,1,
335500351,3355,ПК350,351,Тау,350,,,5057.6,-12331.8,0,
335500352,3355,ПК351,352,Тау,351,,,5065.1,-12325.1,0,
335500353,3355,ПК352,353,Тау,352,,,5072.5,-12318.4,1,
335500354,3355,ПК353,354,Тау,353,,,5079.8,-12311.6,0,
335500355,3355,ПК354,355,Тау,354,,,5087.2,-12304.9,2,
335500356,3355,ПК355,356,Тау,355,,,5094.7,-12298.2,15,
335500357,3355,ПК356,357,Тау,356,,,5102.1,-12291.5,0,
335500358,3355,ПК357,358,Тау,357,,,5109.7,-12285.0,0,
335500359,3355,ПК358,359,Тау,358,,,5117.3,-12278.5,1,
335500360,3355,ПК359,360,Тау,359,,,5125.0,-12272.1,0,
335500361,3355,ПК360,361,Тау,360,,,5132.7,-12265.7,0,
335500362,3355,ПК361,362,Тау,361,,,5140.4,-12259.4,0,
335500363,3355,ПК362,363,Тау,362,,,5148.2,-12253.1,0,
335500364,3355,ПК363,364,Тау,363,,,5156.0,-12246.9,0,
335500365,3355,ПК364,365,Тау,364,,,5163.9,-12240.7,1,
335500366,3355,ПК365,366,Тау,365,,,5171.8,-12234.5,0,
335500367,3355,ПК366,367,Тау,366,,,5179.7,-12228.5,0,
335500368,3355,ПК367,368,Тау,367,,,5187.7,-12222.5,1,
335500369,3355,ПК368,369,Тау,368,,,5195.8,-12216.6,0,
335500370,3355,ПК369,370,Тау,369,,,5203.9,-12210.8,1,
335500371,3355,ПК370,371,Тау,370,,,5212.2,-12205.1,3,
335500372,3355,ПК371,372,Тау,371,,,5220.5,-12199.6,31,
335500373,3355,ПК372,373,Тау,372,,,5228.9,-12194.2,1,
335500374,3355,ПК373,374,Тау,373,,,5237.4,-12188.9,0,
335500375,3355,ПК374,375,Тау,374,,,5246.0,-12183.8,1,
335500376,3355,ПК375,376,Тау,375,,,5254.7,-12178.8,0,
335500377,3355,ПК376,377,Тау,376,,,5263.4,-12173.9,0,
335500378,3355,ПК377,378,Тау,377,,,5272.1,-12169.1,1,
335500379,3355,ПК378,379,Тау,378,,,5281.0,-12164.4,0,
335500380,3355,ПК379,380,Тау,379,,,5289.8,-12159.7,0,
335500381,3355,ПК380,381,Тау,380,,,5298.7,-12155.1,1,
335500382,3355,ПК381,382,Тау,381,,,5307.6,-12150.6,1,
335500383,3355,ПК382,383,Тау,382,,,5316.5,-12146.1,0,
335500384,3355,ПК383,384,Тау,383,,,5325.5,-12141.6,0,
335500385,3355,ПК384,385,Тау,384,,,5334.4,-12137.1,0,
335500386,3355,ПК385,386,Тау,385,,,5343.4,-12132.6,0,
335500387,3355,ПК386,387,Тау,386,,,5352.3,-12128.1,0,
335500388,3355,ПК387,388,Тау,387,,,5361.2,-12123.6,1,
335500389,3355,ПК388,389,Тау,388,,,5370.1,-12119.0,0,
335500390,3355,ПК389,390,Тау,389,,,5378.9,-12114.3,0,
335500391,3355,ПК390,391,Тау,390,,,5387.7,-12109.6,3,
335500392,3355,ПК391,392,Тау,391,,,5396.5,-12104.8,13,
335500393,3355,ПК392,393,Тау,392,,,5405.2,-12099.8,1,
335500394,3355,ПК393,394,Тау,393,,,5413.8,-12094.7,0,
335500395,3355,ПК394,395,Тау,394,,,5422.3,-12089.5,1,
335500396,3355,ПК395,396,Тау,395,,,5430.7,-12084.1,0,
335500397,3355,ПК396,397,Тау,396,,,5439.1,-12078.6,0,
335500398,3355,ПК397,398,Тау,397,,,5447.3,-12072.9,1,
335500399,3355,ПК398,399,Тау,398,,,5455.4,-12067.0,0,
335500400,3355,ПК399,400,Тау,399,,,5463.4,-12061.1,0,
335500401,3355,ПК400,401,Тау,400,,,5471.4,-12055.1,0,
335500402,3355,ПК401,402,Тау,401,,,5479.5,-12049.1,1,
335500403,3355,ПК402,403,Тау,402,,,5487.5,-12043.1,0,
335500404,3355,ПК403,404,Тау,403,,,5495.5,-12037.2,1,
335500405,3355,ПК404,405,Тау,404,,,5503.5,-12031.2,0,
335500406,3355,ПК405,406,Тау,405,,,5511.6,-12025.3,0,
335500407,3355,ПК406,407,Тау,406,,,5519.6,-12019.3,0,
335500408,3355,ПК407,408,Тау,407,,,5527.7,-12013.4,0,
335500409,3355,ПК408,409,Тау,408,,,5535.8,-12007.6,1,
335500410,3355,ПК409,410,Тау,409,,,5543.9,-12001.7,0,
335500411,3355,ПК410,411,Тау,410,,,5552.0,-11995.8,0,
335500412,3355,ПК411,412,Тау,411,,,5560.1,-11989.9,1,
335500413,3355,ПК412,413,Тау,412,,,5568.1,-11984.0,0,
335500414,3355,ПК413,414,Тау,413,,,5576.2,-11978.1,0,
335500415,3355,ПК414,415,Тау,414,,,5584.2,-11972.2,0,
335500416,3355,ПК415,416,Тау,415,,,5592.3,-11966.2,1,
335500417,3355,ПК416,417,Тау,416,,,5600.3,-11960.2,0,
335500418,3355,ПК417,418,Тау,417,,,5608.2,-11954.2,1,
335500419,3355,ПК418,419,Тау,418,,,5616.2,-11948.1,1,
335500420,3355,ПК419,420,Тау,419,,,5624.1,-11941.9,16,
335500421,3355,ПК420,421,Тау,420,,,5632.0,-11935.9,0,
335500422,3355,ПК421,422,Тау,421,,,5640.0,-11929.9,0,
335500423,3355,ПК422,423,Тау,422,,,5648.0,-11923.9,1,
335500424,3355,ПК423,424,Тау,423,,,5656.2,-11918.1,0,
335500425,3355,ПК424,425,Тау,424,,,5664.4,-11912.3,0,
335500426,3355,ПК425,426,Тау,425,,,5672.5,-11906.6,1,
335500427,3355,ПК426,427,Тау,426,,,5680.8,-11900.9,0,
335500428,3355,ПК427,428,Тау,427,,,5689.0,-11895.3,0,
335500429,3355,ПК428,429,Тау,428,,,5697.4,-11889.8,1,
335500430,3355,ПК429,430,Тау,429,,,5705.9,-11884.5,0,
335500431,3355,ПК430,431,Тау,430,,,5714.4,-11879.3,0,
335500432,3355,ПК431,432,Тау,431,,,5723.0,-11874.2,2,
335500433,3355,ПК432,433,Тау,432,,,5731.6,-11869.1,21,
335500434,3355,ПК433,434,Тау,433,,,5740.2,-11864.1,0,
335500435,3355,ПК434,435,Тау,434,,,5748.9,-11859.0,1,
335500436,3355,ПК435,436,Тау,435,,,5757.6,-11854.1,0,
335500437,3355,ПК436,437,Тау,436,,,5766.3,-11849.1,0,
335500438,3355,ПК437,438,Тау,437,,,5775.0,-11844.2,0,
335500439,3355,ПК438,439,Тау,438,,,5783.7,-11839.3,0,
335500440,3355,ПК439,440,Тау,439,,,5792.4,-11834.4,0,
335500441,3355,ПК440,441,Тау,440,,,5801.1,-11829.5,0,
335500442,3355,ПК441,442,Тау,441,,,5810.0,-11824.8,0,
335500443,3355,ПК442,443,Тау,442,,,5818.9,-11820.3,1,
335500444,3355,ПК443,444,Тау,443,,,5827.8,-11815.8,0,
335500445,3355,ПК444,445,Тау,444,,,5836.8,-11811.4,0,
335500446,3355,ПК445,446,Тау,445,,,5845.8,-11807.0,1,
335500447,3355,ПК446,447,Тау,446,,,5854.9,-11802.8,3,
335500448,3355,ПК447,448,Тау,447,,,5863.9,-11798.6,14,
335500449,3355,ПК448,449,Тау,448,,,5873.1,-11794.6,2,
335500450,3355,ПК449,450,Тау,449,,,5882.2,-11790.5,0,
335500451,3355,ПК450,451,Тау,450,,,5891.4,-11786.6,0,
335500452,3355,ПК451,452,Тау,451,,,5900.6,-11782.6,1,
335500453,3355,ПК452,453,Тау,452,,,5909.8,-11778.6,0,
335500454,3355,ПК453,454,Тау,453,,,5919.0,-11774.7,0,
335500455,3355,ПК454,455,Тау,454,,,5928.2,-11770.9,1,
335500456,3355,ПК455,456,Тау,455,,,5937.5,-11767.1,0,
335500457,3355,ПК456,457,Тау,456,,,5946.8,-11763.4,0,
335500458,3355,ПК457,458,Тау,457,,,5956.1,-11759.9,1,
335500459,3355,ПК458,459,Тау,458,,,5965.5,-11756.4,2,
335500460,3355,ПК459,460,Тау,459,,,5974.9,-11753.1,20,
335500461,3355,ПК460,461,Тау,460,,,5984.4,-11749.9,0,
335500462,3355,ПК461,462,Тау,461,,,5993.9,-11746.7,0,
335500463,3355,ПК462,463,Тау,462,,,6003.4,-11743.7,1,
335500464,3355,ПК463,464,Тау,463,,,6013.0,-11740.8,0,
335500465,3355,ПК464,465,Тау,464,,,6022.6,-11738.0,0,
335500466,3355,ПК465,466,Тау,465,,,6032.2,-11735.3,1,
335500467,3355,ПК466,467,Тау,466,,,6041.9,-11732.7,0,
335500468,3355,ПК467,468,Тау,467,,,6051.5,-11730.2,0,
335500469,3355,ПК468,469,Тау,468,,,6061.2,-11727.6,1,
335500470,3355,ПК469,470,Тау,469,,,6070.9,-11725.1,0,
335500471,3355,ПК470,471,Тау,470,,,6080.6,-11722.6,0,
335500472,3355,ПК471,472,Тау,471,,,6090.2,-11720.0,1,
335500473,3355,ПК472,473,Тау,472,,,6099.9,-11717.4,0,
335500474,3355,ПК473,474,Тау,473,,,6109.5,-11714.7,9,
335500475,3355,ПК474,475,Тау,474,,,6119.1,-11711.9,10,
335500476,3355,ПК475,476,Тау,475,,,6128.7,-11709.0,0,
335500477,3355,ПК476,477,Тау,476,,,6138.2,-11706.0,0,
335500478,3355,ПК477,478,Тау,477,,,6147.7,-11702.9,1,
335500479,3355,ПК478,479,Тау,478,,,6157.2,-11699.7,0,
335500480,3355,ПК479,480,Тау,479,,,6166.7,-11696.5,0,
335500481,3355,ПК480,481,Тау,480,,,6176.1,-11693.3,0,
335500482,3355,ПК481,482,Тау,481,,,6185.6,-11690.1,0,
335500483,3355,ПК482,483,Тау,482,,,6195.1,-11686.8,0,
335500484,3355,ПК483,484,Тау,483,,,6204.4,-11683.3,1,
335500485,3355,ПК484,485,Тау,484,,,6213.8,-11679.8,0,
335500486,3355,ПК485,486,Тау,485,,,6223.1,-11676.1,0,
335500487,3355,ПК486,487,Тау,486,,,6232.3,-11672.3,1,
335500488,3355,ПК487,488,Тау,487,,,6241.5,-11668.3,0,
335500489,3355,ПК488,489,Тау,488,,,6250.6,-11664.2,0,
335500490,3355,ПК489,490,Тау,489,,,6259.7,-11660.0,1,
335500491,3355,ПК490,491,Тау,490,,,6268.7,-11655.7,0,
335500492,3355,ПК491,492,Тау,491,,,6277.7,-11651.2,14,
335500493,3355,ПК492,493,Тау,492,,,6286.6,-11646.7,5,
335500494,3355,ПК493,494,Тау,493,,,6295.4,-11642.0,0,
335500495,3355,ПК494,495,Тау,494,,,6304.2,-11637.2,0,
335500496,3355,ПК495,496,Тау,495,,,6312.9,-11632.3,0,
335500497,3355,ПК496,497,Тау,496,,,6321.5,-11627.2,0,
335500498,3355,ПК497,498,Тау,497,,,6330.0,-11622.0,0,
335500499,3355,ПК498,499,Тау,498,,,6338.5,-11616.7,1,
335500500,3355,ПК499,500,Тау,499,,,6347.0,-11611.4,0,
335500501,3355,ПК500,501,Тау,500,,,6355.4,-11605.9,0,
335500502,3355,ПК501,502,Тау,501,,,6363.7,-11600.4,1,
335500503,3355,ПК502,503,Тау,502,,,6372.0,-11594.7,0,
335500504,3355,ПК503,504,Тау,503,,,6380.0,-11588.9,0,
335500505,3355,ПК504,505,Тау,504,,,6388.0,-11582.8,0,
335500506,3355,ПК505,506,Тау,505,,,6395.8,-11576.5,1,
335500507,3355,ПК506,507,Тау,506,,,6403.4,-11570.0,0,
335500508,3355,ПК507,508,Тау,507,,,6410.9,-11563.4,0,
335500509,3355,ПК508,509,Тау,508,,,6418.2,-11556.5,1,
335500510,3355,ПК509,510,Тау,509,,,6425.3,-11549.6,3,
335500511,3355,ПК510,511,Тау,510,,,6432.3,-11542.4,25,
335500512,3355,ПК511,512,Тау,511,,,6439.1,-11535.1,3,
335500513,3355,ПК512,513,Тау,512,,,6445.7,-11527.6,0,
335500514,3355,ПК513,514,Тау,513,,,6452.2,-11519.9,0,
335500515,3355,ПК514,515,Тау,514,,,6458.4,-11512.1,1,
335500516,3355,ПК515,516,Тау,515,,,6464.5,-11504.2,0,
335500517,3355,ПК516,517,Тау,516,,,6470.4,-11496.1,0,
335500518,3355,ПК517,518,Тау,517,,,6476.1,-11487.9,1,
335500519,3355,ПК518,519,Тау,518,,,6481.7,-11479.6,0,
335500520,3355,ПК519,520,Тау,519,,,6487.3,-11471.3,0,
335500521,3355,ПК520,521,Тау,520,,,6492.7,-11462.9,1,
335500522,3355,ПК521,522,Тау,521,,,6498.0,-11454.4,0,
335500523,3355,ПК522,523,Тау,522,,,6503.3,-11445.9,0,
335500524,3355,ПК523,524,Тау,523,,,6508.5,-11437.4,1,
335500525,3355,ПК524,525,Тау,524,,,6513.7,-11428.9,0,
335500526,3355,ПК525,526,Тау,525,,,6518.9,-11420.3,2,
335500527,3355,ПК526,527,Тау,526,,,6524.1,-11411.8,18,
335500528,3355,ПК527,528,Тау,527,,,6529.4,-11403.3,2,
335500529,3355,ПК528,529,Тау,528,,,6534.7,-11394.9,0,
335500530,3355,ПК529,530,Тау,529,,,6540.2,-11386.4,0,
335500531,3355,ПК530,531,Тау,530,,,6545.6,-11378.1,1,
335500532,3355,ПК531,532,Тау,531,,,6551.3,-11369.8,0,
335500533,3355,ПК532,533,Тау,532,,,6557.1,-11361.7,0,
335500534,3355,ПК533,534,Тау,533,,,6563.1,-11353.7,1,
335500535,3355,ПК534,535,Тау,534,,,6569.2,-11345.8,0,
335500536,3355,ПК535,536,Тау,535,,,6575.5,-11338.0,1,
335500537,3355,ПК536,537,Тау,536,,,6582.0,-11330.4,0,
335500538,3355,ПК537,538,Тау,537,,,6588.7,-11323.0,0,
335500539,3355,ПК538,539,Тау,538,,,6595.6,-11315.7,1,
335500540,3355,ПК539,540,Тау,539,,,6602.6,-11308.6,0,
335500541,3355,ПК540,541,Тау,540,,,6609.8,-11301.7,1,
335500542,3355,ПК541,542,Тау,541,,,6617.2,-11294.9,29,
335500543,3355,ПК542,543,Тау,542,,,6624.6,-11288.2,0,
335500544,3355,ПК543,544,Тау,543,,,6632.2,-11281.7,0,
335500545,3355,ПК544,545,Тау,544,,,6639.8,-11275.2,1,
335500546,3355,ПК545,546,Тау,545,,,6647.5,-11268.8,0,
335500547,3355,ПК546,547,Тау,546,,,6655.3,-11262.5,0,
335500548,3355,ПК547,548,Тау,547,,,6663.2,-11256.4,1,
335500549,3355,ПК548,549,Тау,548,,,6671.1,-11250.4,0,
335500550,3355,ПК549,550,Тау,549,,,6679.2,-11244.5,1,
335500551,3355,ПК550,551,Тау,550,,,6687.4,-11238.7,0,
335500552,3355,ПК551,552,Тау,551,,,6695.6,-11233.0,0,
335500553,3355,ПК552,553,Тау,552,,,6703.9,-11227.5,0,
335500554,3355,ПК553,554,Тау,553,,,6712.2,-11221.9,1,
335500555,3355,ПК554,555,Тау,554,,,6720.5,-11216.3,1,
335500556,3355,ПК555,556,Тау,555,,,6728.9,-11210.8,0,
335500557,3355,ПК556,557,Тау,556,,,6737.2,-11205.3,1,
335500558,3355,ПК557,558,Тау,557,,,6745.6,-11199.9,15,
335500559,3355,ПК558,559,Тау,558,,,6754.1,-11194.6,2,
335500560,3355,ПК559,560,Тау,559,,,6762.6,-11189.4,0,
335500561,3355,ПК560,561,Тау,560,,,6771.3,-11184.3,0,
335500562,3355,ПК561,562,Тау,561,,,6780.0,-11179.3,1,
335500563,3355,ПК562,563,Тау,562,,,6788.7,-11174.6,0,
335500564,3355,ПК563,564,Тау,563,,,6797.6,-11169.9,0,
335500565,3355,ПК564,565,Тау,564,,,6806.5,-11165.3,1,
335500566,3355,ПК565,566,Тау,565,,,6815.4,-11160.8,0,
335500567,3355,ПК566,567,Тау,566,,,6824.3,-11156.2,0,
335500568,3355,ПК567,568,Тау,567,,,6833.1,-11151.6,1,
335500569,3355,ПК568,569,Тау,568,,,6842.0,-11146.9,0,
335500570,3355,ПК569,570,Тау,569,,,6850.8,-11142.2,0,
335500571,3355,ПК570,571,Тау,570,,,6859.6,-11137.5,1,
335500572,3355,ПК571,572,Тау,571,,,6868.5,-11132.8,1,
335500573,3355,ПК572,573,Тау,572,,,6877.3,-11128.1,8,
335500574,3355,ПК573,574,Тау,573,,,6886.2,-11123.6,12,
335500575,3355,ПК574,575,Тау,574,,,6895.2,-11119.2,0,
335500576,3355,ПК575,576,Тау,575,,,6904.2,-11114.9,0,
335500577,3355,ПК576,577,Тау,576,,,6913.3,-11110.7,1,
335500578,3355,ПК577,578,Тау,577,,,6922.5,-11106.7,0,
335500579,3355,ПК578,579,Тау,578,,,6931.6,-11102.7,0,
335500580,3355,ПК579,580,Тау,579,,,6940.9,-11098.9,1,
335500581,3355,ПК580,581,Тау,580,,,6950.1,-11095.1,0,
335500582,3355,ПК581,582,Тау,581,,,6959.4,-11091.5,0,
335500583,3355,ПК582,583,Тау,582,,,6968.8,-11087.8,1,
335500584,3355,ПК583,584,Тау,583,,,6978.1,-11084.3,0,
335500585,3355,ПК584,585,Тау,584,,,6987.4,-11080.7,2,
335500586,3355,ПК585,586,Тау,585,,,6996.8,-11077.1,24,
335500587,3355,ПК586,587,Тау,586,,,7006.1,-11073.4,1,
335500588,3355,ПК587,588,Тау,587,,,7015.4,-11069.7,0,
335500589,3355,ПК588,589,Тау,588,,,7024.7,-11066.0,1,
335500590,3355,ПК589,590,Тау,589,,,7033.9,-11062.2,0,
335500591,3355,ПК590,591,Тау,590,,,7043.2,-11058.4,0,
335500592,3355,ПК591,592,Тау,591,,,7052.4,-11054.7,1,
335500593,3355,ПК592,593,Тау,592,,,7061.7,-11050.9,0,
335500594,3355,ПК593,594,Тау,593,,,7071.0,-11047.2,0,
335500595,3355,ПК594,595,Тау,594,,,7080.3,-11043.6,1,
335500596,3355,ПК595,596,Тау,595,,,7089.6,-11039.9,0,
335500597,3355,ПК596,597,Тау,596,,,7098.9,-11036.2,1,
335500598,3355,ПК597,598,Тау,597,,,7108.1,-11032.4,3,
335500599,3355,ПК598,599,Тау,598,,,7117.4,-11028.6,0,
335500600,3355,ПК599,600,Тау,599,,,7126.6,-11024.7,1,
335500601,3355,ПК600,601,Тау,600,,,7135.8,-11020.8,1,
335500602,3355,ПК601,602,Тау,601,,,7145.0,-11016.8,7,
335500603,3355,ПК602,603,Тау,602,,,7154.1,-11012.8,1,
335500604,3355,Г1 ПК0,604,Тау,0,Г1,,3321.8,-15128.5,1,
335500605,3355,Г1 ПК1,605,Тау,1,Г1,,3312.1,-15130.8,0,
335500606,3355,Г1 ПК2,606,Тау,2,Г1,,3302.4,-15133.1,0,
335500607,3355,Г1 ПК3,607,Тау,3,Г1,,3292.6,-15135.4,0,
335500608,3355,Г1 ПК4,608,Тау,4,Г1,,3282.9,-15137.6,1,
335500609,3355,Г2 ПК0,609,Тау,0,Г2,,3321.8,-15128.5,3,
335500610,3355,Г2 ПК1,610,Тау,1,Г2,,3312.6,-15132.3,0,
335500611,3355,Г2 ПК2,611,Тау,2,Г2,,3303.3,-15136.1,0,
335500612,3355,Г2 ПК3,612,Тау,3,Г2,,3294.1,-15139.9,0,
335500613,3355,Г2 ПК4,613,Тау,4,Г2,,3284.8,-15143.7,0,
335500614,3355,Г2 ПК5,614,Тау,5,Г2,,3275.6,-15147.5,0,
335500615,3355,Г2 ПК6,615,Тау,6,Г2,,3266.3,-15151.2,0,
335500616,3355,Г2 ПК7,616,Тау,7,Г2,,3257.0,-15155.0,0,
335500617,3355,Г2 ПК8,617,Тау,8,Г2,,3247.8,-15158.7,0,
335500618,3355,Г2 ПК9,618,Тау,9,Г2,,3238.5,-15162.5,1,
335500619,3355,Г2 ПК10,619,Тау,10,Г2,,3229.2,-15166.2,0,
335500620,3355,Г2 ПК11,620,Тау,11,Г2,,3219.9,-15169.9,1,
335500621,3355,Г3 ПК0,621,Тау,0,Г3,,3321.8,-15128.5,0,
335500622,3355,Г3 ПК1,622,Тау,1,Г3,,3312.6,-15132.4,0,
335500623,3355,Г3 ПК2,623,Тау,2,Г3,,3303.4,-15136.4,2,
335500624,3355,Г3 ПК3,624,Тау,3,Г3,,3294.2,-15140.3,2,
335900001,3359,ПК0,1,Омикрон,0,,,9186.0,-11674.1,3,
335900002,3359,ПК1,2,Омикрон,1,,,9182.6,-11683.5,0,
335900003,3359,ПК2,3,Омикрон,2,,,9179.2,-11692.9,0,
335900004,3359,ПК3,4,Омикрон,3,,,9176.0,-11702.4,7,
335900005,3359,ПК4,5,Омикрон,4,,,9172.9,-11711.9,1,
335900006,3359,ПК5,6,Омикрон,5,,,9169.8,-11721.4,3,
335900007,3359,ПК6,7,Омикрон,6,,,9167.0,-11731.0,0,
335900008,3359,ПК7,8,Омикрон,7,,,9164.3,-11740.6,0,
335900009,3359,ПК8,9,Омикрон,8,,,9161.7,-11750.2,0,
335900010,3359,ПК9,10,Омикрон,9,,,9159.2,-11759.9,0,
335900011,3359,ПК10,11,Омикрон,10,,,9156.9,-11769.7,0,
335900012,3359,ПК11,12,Омикрон,11,,,9154.7,-11779.4,0,
335900013,3359,ПК12,13,Омикрон,12,,,9152.7,-11789.2,0,
335900014,3359,ПК13,14,Омикрон,13,,,9150.9,-11799.1,0,
335900015,3359,ПК14,15,Омикрон,14,,,9149.3,-11808.9,0,
335900016,3359,ПК15,16,Омикрон,15,,,9148.0,-11818.8,0,
335900017,3359,ПК16,17,Омикрон,16,,,9146.8,-11828.8,0,
335900018,3359,ПК17,18,Омикрон,17,,,9146.0,-11838.7,0,
335900019,3359,ПК18,19,Омикрон,18,,,9145.3,-11848.7,0,
335900020,3359,ПК19,20,Омикрон,19,,,9145.0,-11858.7,0,
335900021,3359,ПК20,21,Омикрон,20,,,9144.8,-11868.7,24,
335900022,3359,ПК21,22,Омикрон,21,,,9144.9,-11878.7,0,
335900023,3359,ПК22,23,Омикрон,22,,,9145.2,-11888.7,0,
335900024,3359,ПК23,24,Омикрон,23,,,9145.7,-11898.7,0,
335900025,3359,ПК24,25,Омикрон,24,,,9146.5,-11908.7,0,
335900026,3359,ПК25,26,Омикрон,25,,,9147.5,-11918.6,0,
335900027,3359,ПК26,27,Омикрон,26,,,9148.6,-11928.6,0,
335900028,3359,ПК27,28,Омикрон,27,,,9149.9,-11938.5,0,
335900029,3359,ПК28,29,Омикрон,28,,,9151.3,-11948.4,3,
335900030,3359,ПК29,30,Омикрон,29,,,9152.7,-11958.3,3,
335900031,3359,ПК30,31,Омикрон,30,,,9154.2,-11968.1,1,
335900032,3359,ПК31,32,Омикрон,31,,,9155.9,-11978.0,0,
335900033,3359,ПК32,33,Омикрон,32,,,9157.5,-11987.9,0,
335900034,3359,ПК33,34,Омикрон,33,,,9159.1,-11997.7,0,
335900035,3359,ПК34,35,Омикрон,34,,,9160.8,-12007.6,0,
335900036,3359,ПК35,36,Омикрон,35,,,9162.5,-12017.5,0,
335900037,3359,ПК36,37,Омикрон,36,,,9164.2,-12027.3,0,
335900038,3359,ПК37,38,Омикрон,37,,,9166.0,-12037.2,0,
335900039,3359,ПК38,39,Омикрон,38,,,9167.8,-12047.0,0,
335900040,3359,ПК39,40,Омикрон,39,,,9169.5,-12056.8,0,
335900041,3359,ПК40,41,Омикрон,40,,,9171.3,-12066.7,0,
335900042,3359,ПК41,42,Омикрон,41,,,9173.1,-12076.5,0,
335900043,3359,ПК42,43,Омикрон,42,,,9174.8,-12086.4,0,
335900044,3359,ПК43,44,Омикрон,43,,,9176.6,-12096.2,1,
335900045,3359,ПК44,45,Омикрон,44,,,9178.5,-12106.0,0,
335900046,3359,ПК45,46,Омикрон,45,,,9180.4,-12115.9,1,
335900047,3359,ПК46,47,Омикрон,46,,,9182.3,-12125.7,0,
335900048,3359,ПК47,48,Омикрон,47,,,9184.2,-12135.5,6,
335900049,3359,ПК48,49,Омикрон,48,,,9186.2,-12145.3,0,
335900050,3359,ПК49,50,Омикрон,49,,,9188.3,-12155.1,0,
335900051,3359,ПК50,51,Омикрон,50,,,9190.4,-12164.8,0,
335900052,3359,ПК51,52,Омикрон,51,,,9192.5,-12174.6,0,
335900053,3359,ПК52,53,Омикрон,52,,,9194.6,-12184.4,0,
335900054,3359,ПК53,54,Омикрон,53,,,9196.8,-12194.1,0,
335900055,3359,ПК54,55,Омикрон,54,,,9199.0,-12203.9,0,
335900056,3359,ПК55,56,Омикрон,55,,,9201.3,-12213.6,0,
335900057,3359,ПК56,57,Омикрон,56,,,9203.7,-12223.3,1,
335900058,3359,ПК57,58,Омикрон,57,,,9206.1,-12233.0,11,
335900059,3359,ПК58,59,Омикрон,58,,,9208.7,-12242.7,1,
335900060,3359,ПК59,60,Омикрон,59,,,9211.3,-12252.4,0,
335900061,3359,ПК60,61,Омикрон,60,,,9214.1,-12262.0,0,
335900062,3359,ПК61,62,Омикрон,61,,,9216.9,-12271.6,0,
335900063,3359,ПК62,63,Омикрон,62,,,9219.8,-12281.1,0,
335900064,3359,ПК63,64,Омикрон,63,,,9222.7,-12290.7,0,
335900065,3359,ПК64,65,Омикрон,64,,,9225.6,-12300.3,0,
335900066,3359,ПК65,66,Омикрон,65,,,9228.4,-12309.9,0,
335900067,3359,ПК66,67,Омикрон,66,,,9231.3,-12319.4,0,
335900068,3359,ПК67,68,Омикрон,67,,,9234.3,-12329.0,0,
335900069,3359,ПК68,69,Омикрон,68,,,9237.3,-12338.5,0,
335900070,3359,ПК69,70,Омикрон,69,,,9240.3,-12348.0,0,
335900071,3359,ПК70,71,Омикрон,70,,,9243.4,-12357.6,0,
335900072,3359,ПК71,72,Омикрон,71,,,9246.5,-12367.1,1,
335900073,3359,ПК72,73,Омикрон,72,,,9249.5,-12376.6,0,
335900074,3359,ПК73,74,Омикрон,73,,,9252.5,-12386.2,0,
335900075,3359,ПК74,75,Омикрон,74,,,9255.4,-12395.7,0,
335900076,3359,ПК75,76,Омикрон,75,,,9258.2,-12405.3,0,
335900077,3359,ПК76,77,Омикрон,76,,,9261.0,-12414.9,0,
335900078,3359,ПК77,78,Омикрон,77,,,9263.7,-12424.5,0,
335900079,3359,ПК78,79,Омикрон,78,,,9266.4,-12434.2,0,
335900080,3359,ПК79,80,Омикрон,79,,,9269.0,-12443.8,0,
335900081,3359,ПК80,81,Омикрон,80,,,9271.6,-12453.5,0,
335900082,3359,ПК81,82,Омикрон,81,,,9274.0,-12463.2,0,
335900083,3359,ПК82,83,Омикрон,82,,,9276.4,-12472.9,0,
335900084,3359,ПК83,84,Омикрон,83,,,9278.6,-12482.7,1,
335900085,3359,ПК84,85,Омикрон,84,,,9280.7,-12492.4,0,
335900086,3359,ПК85,86,Омикрон,85,,,9282.7,-12502.2,11,
335900087,3359,ПК86,87,Омикрон,86,,,9284.5,-12512.1,0,
335900088,3359,ПК87,88,Омикрон,87,,,9286.2,-12521.9,1,
335900089,3359,ПК88,89,Омикрон,88,,,9287.7,-12531.8,0,
335900090,3359,ПК89,90,Омикрон,89,,,9289.1,-12541.7,0,
335900091,3359,ПК90,91,Омикрон,90,,,9290.2,-12551.7,0,
335900092,3359,ПК91,92,Омикрон,91,,,9291.1,-12561.6,0,
335900093,3359,ПК92,93,Омикрон,92,,,9291.9,-12571.6,0,
335900094,3359,ПК93,94,Омикрон,93,,,9292.4,-12581.6,0,
335900095,3359,ПК94,95,Омикрон,94,,,9292.7,-12591.6,0,
335900096,3359,ПК95,96,Омикрон,95,,,9292.8,-12601.6,0,
335900097,3359,ПК96,97,Омикрон,96,,,9292.6,-12611.6,1,
335900098,3359,ПК97,98,Омикрон,97,,,9292.2,-12621.6,0,
335900099,3359,ПК98,99,Омикрон,98,,,9291.6,-12631.5,0,
335900100,3359,ПК99,100,Омикрон,99,,,9290.8,-12641.5,0,
335900101,3359,ПК100,101,Омикрон,100,,,9289.7,-12651.4,0,
335900102,3359,ПК101,102,Омикрон,101,,,9288.3,-12661.4,0,
335900103,3359,ПК102,103,Омикрон,102,,,9286.7,-12671.2,0,
335900104,3359,ПК103,104,Омикрон,103,,,9284.9,-12681.1,0,
335900105,3359,ПК104,105,Омикрон,104,,,9282.9,-12690.9,5,
335900106,3359,ПК105,106,Омикрон,105,,,9280.9,-12700.6,0,
335900107,3359,ПК106,107,Омикрон,106,,,9278.7,-12710.4,0,
335900108,3359,ПК107,108,Омикрон,107,,,9276.6,-12720.2,0,
335900109,3359,ПК108,109,Омикрон,108,,,9274.4,-12729.9,1,
335900110,3359,ПК109,110,Омикрон,109,,,9272.1,-12739.7,2,
335900111,3359,ПК110,111,Омикрон,110,,,9269.7,-12749.4,5,
335900112,3359,ПК111,112,Омикрон,111,,,9267.3,-12759.1,1,
335900113,3359,ПК112,113,Омикрон,112,,,9264.8,-12768.8,0,
335900114,3359,ПК113,114,Омикрон,113,,,9262.2,-12778.4,0,
335900115,3359,ПК114,115,Омикрон,114,,,9259.5,-12788.0,0,
335900116,3359,ПК115,116,Омикрон,115,,,9256.7,-12797.6,0,
335900117,3359,ПК116,117,Омикрон,116,,,9253.8,-12807.2,0,
335900118,3359,ПК117,118,Омикрон,117,,,9251.0,-12816.8,0,
335900119,3359,ПК118,119,Омикрон,118,,,9248.1,-12826.4,0,
335900120,3359,ПК119,120,Омикрон,119,,,9245.3,-12836.0,0,
335900121,3359,ПК120,121,Омикрон,120,,,9242.4,-12845.6,1,
335900122,3359,ПК121,122,Омикрон,121,,,9239.5,-12855.1,11,
335900123,3359,ПК122,123,Омикрон,122,,,9236.6,-12864.7,1,
335900124,3359,ПК123,124,Омикрон,123,,,9233.7,-12874.3,0,
335900125,3359,ПК124,125,Омикрон,124,,,9230.8,-12883.8,0,
335900126,3359,ПК125,126,Омикрон,125,,,9227.8,-12893.4,0,
335900127,3359,ПК126,127,Омикрон,126,,,9225.0,-12903.0,0,
335900128,3359,ПК127,128,Омикрон,127,,,9222.2,-12912.6,0,
335900129,3359,ПК128,129,Омикрон,128,,,9219.5,-12922.2,0,
335900130,3359,ПК129,130,Омикрон,129,,,9216.8,-12931.9,0,
335900131,3359,ПК130,131,Омикрон,130,,,9214.3,-12941.5,0,
335900132,3359,ПК131,132,Омикрон,131,,,9211.7,-12951.2,0,
335900133,3359,ПК132,133,Омикрон,132,,,9209.2,-12960.9,0,
335900134,3359,ПК133,134,Омикрон,133,,,9206.6,-12970.5,0,
335900135,3359,ПК134,135,Омикрон,134,,,9204.1,-12980.2,1,
335900136,3359,ПК135,136,Омикрон,135,,,9201.7,-12989.9,0,
335900137,3359,ПК136,137,Омикрон,136,,,9199.2,-12999.6,0,
335900138,3359,ПК137,138,Омикрон,137,,,9196.8,-13009.3,0,
335900139,3359,ПК138,139,Омикрон,138,,,9194.4,-13019.0,0,
335900140,3359,ПК139,140,Омикрон,139,,,9191.9,-13028.7,0,
335900141,3359,ПК140,141,Омикрон,140,,,9189.4,-13038.4,1,
335900142,3359,ПК141,142,Омикрон,141,,,9186.8,-13048.0,0,
335900143,3359,ПК142,143,Омикрон,142,,,9184.2,-13057.7,0,
335900144,3359,ПК143,144,Омикрон,143,,,9181.6,-13067.3,0,
335900145,3359,ПК144,145,Омикрон,144,,,9178.9,-13077.0,0,
335900146,3359,ПК145,146,Омикрон,145,,,9176.3,-13086.6,1,
335900147,3359,ПК146,147,Омикрон,146,,,9173.7,-13096.3,0,
335900148,3359,ПК147,148,Омикрон,147,,,9171.2,-13106.0,0,
335900149,3359,ПК148,149,Омикрон,148,,,9168.8,-13115.7,0,
335900150,3359,ПК149,150,Омикрон,149,,,9166.3,-13125.4,0,
335900151,3359,ПК150,151,Омикрон,150,,,9163.9,-13135.1,0,
335900152,3359,ПК151,152,Омикрон,151,,,9161.5,-13144.8,0,
335900153,3359,ПК152,153,Омикрон,152,,,9159.0,-13154.5,0,
335900154,3359,ПК153,154,Омикрон,153,,,9156.6,-13164.2,0,
335900155,3359,ПК154,155,Омикрон,154,,,9154.1,-13173.9,0,
335900156,3359,ПК155,156,Омикрон,155,,,9151.5,-13183.5,0,
335900157,3359,ПК156,157,Омикрон,156,,,9148.9,-13193.2,0,
335900158,3359,ПК157,158,Омикрон,157,,,9146.2,-13202.8,1,
335900159,3359,ПК158,159,Омикрон,158,,,9143.4,-13212.4,0,
335900160,3359,ПК159,160,Омикрон,159,,,9140.4,-13221.9,1,
335900161,3359,ПК160,161,Омикрон,160,,,9137.2,-13231.4,0,
335900162,3359,ПК161,162,Омикрон,161,,,9133.9,-13240.8,7,
335900163,3359,ПК162,163,Омикрон,162,,,9130.5,-13250.2,8,
335900164,3359,ПК163,164,Омикрон,163,,,9126.8,-13259.6,0,
335900165,3359,ПК164,165,Омикрон,164,,,9123.1,-13268.8,0,
335900166,3359,ПК165,166,Омикрон,165,,,9119.2,-13278.0,0,
335900167,3359,ПК166,167,Омикрон,166,,,9115.2,-13287.2,0,
335900168,3359,ПК167,168,Омикрон,167,,,9111.3,-13296.4,0,
335900169,3359,ПК168,169,Омикрон,168,,,9107.2,-13305.6,0,
335900170,3359,ПК169,170,Омикрон,169,,,9103.2,-13314.7,0,
335900171,3359,ПК170,171,Омикрон,170,,,9099.1,-13323.8,0,
335900172,3359,ПК171,172,Омикрон,171,,,9095.0,-13332.9,0,
335900173,3359,ПК172,173,Омикрон,172,,,9090.7,-13342.0,2,
335900174,3359,ПК173,174,Омикрон,173,,,9086.4,-13351.0,10,
335900175,3359,ПК174,175,Омикрон,174,,,9081.9,-13359.9,1,
335900176,3359,ПК175,176,Омикрон,175,,,9077.3,-13368.8,0,
335900177,3359,ПК176,177,Омикрон,176,,,9072.6,-13377.6,0,
335900178,3359,ПК177,178,Омикрон,177,,,9067.7,-13386.4,0,
335900179,3359,ПК178,179,Омикрон,178,,,9062.7,-13395.0,0,
335900180,3359,ПК179,180,Омикрон,179,,,9057.6,-13403.6,0,
335900181,3359,ПК180,181,Омикрон,180,,,9052.3,-13412.1,2,
335900182,3359,ПК181,182,Омикрон,181,,,9047.0,-13420.6,0,
335900183,3359,ПК182,183,Омикрон,182,,,9041.6,-13429.0,0,
335900184,3359,ПК183,184,Омикрон,183,,,9036.2,-13437.4,0,
335900185,3359,ПК184,185,Омикрон,184,,,9030.6,-13445.7,0,
335900186,3359,ПК185,186,Омикрон,185,,,9025.1,-13454.0,0,
335900187,3359,ПК186,187,Омикрон,186,,,9019.4,-13462.3,7,
335900188,3359,ПК187,188,Омикрон,187,,,9013.7,-13470.5,0,
335900189,3359,ПК188,189,Омикрон,188,,,9008.1,-13478.7,0,
335900190,3359,ПК189,190,Омикрон,189,,,9002.4,-13487.0,0,
335900191,3359,ПК190,191,Омикрон,190,,,8996.7,-13495.2,0,
335900192,3359,ПК191,192,Омикрон,191,,,8991.1,-13503.5,1,
335900193,3359,ПК192,193,Омикрон,192,,,8985.5,-13511.8,5,
335900194,3359,ПК193,194,Омикрон,193,,,8980.1,-13520.2,1,
335900195,3359,ПК194,195,Омикрон,194,,,8974.6,-13528.6,1,
335900196,3359,ПК195,196,Омикрон,195,,,8969.3,-13537.0,0,
335900197,3359,ПК196,197,Омикрон,196,,,8963.9,-13545.5,0,
335900198,3359,ПК197,198,Омикрон,197,,,8958.7,-13554.0,0,
335900199,3359,ПК198,199,Омикрон,198,,,8953.6,-13562.6,0,
335900200,3359,ПК199,200,Омикрон,199,,,8948.5,-13571.2,0,
335900201,3359,ПК200,201,Омикрон,200,,,8943.5,-13579.8,2,
335900202,3359,ПК201,202,Омикрон,201,,,8938.5,-13588.5,0,
335900203,3359,ПК202,203,Омикрон,202,,,8933.6,-13597.2,0,
335900204,3359,ПК203,204,Омикрон,203,,,8928.6,-13605.9,0,
335900205,3359,ПК204,205,Омикрон,204,,,8923.6,-13614.6,0,
335900206,3359,ПК205,206,Омикрон,205,,,8918.6,-13623.2,6,
335900207,3359,ПК206,207,Омикрон,206,,,8913.6,-13631.9,0,
335900208,3359,ПК207,208,Омикрон,207,,,8908.6,-13640.5,0,
335900209,3359,ПК208,209,Омикрон,208,,,8903.6,-13649.2,0,
335900210,3359,ПК209,210,Омикрон,209,,,8898.5,-13657.8,0,
335900211,3359,ПК210,211,Омикрон,210,,,8893.4,-13666.4,14,
335900212,3359,ПК211,212,Омикрон,211,,,8888.3,-13675.0,0,
335900213,3359,ПК212,213,Омикрон,212,,,8883.2,-13683.6,1,
335900214,3359,ПК213,214,Омикрон,213,,,8878.2,-13692.2,0,
335900215,3359,ПК214,215,Омикрон,214,,,8873.2,-13700.9,0,
335900216,3359,ПК215,216,Омикрон,215,,,8868.1,-13709.5,0,
335900217,3359,ПК216,217,Омикрон,216,,,8863.0,-13718.1,0,
335900218,3359,ПК217,218,Омикрон,217,,,8857.9,-13726.7,0,
335900219,3359,ПК218,219,Омикрон,218,,,8852.9,-13735.4,0,
335900220,3359,ПК219,220,Омикрон,219,,,8847.9,-13744.0,0,
335900221,3359,ПК220,221,Омикрон,220,,,8842.9,-13752.7,0,
335900222,3359,ПК221,222,Омикрон,221,,,8838.0,-13761.4,0,
335900223,3359,ПК222,223,Омикрон,222,,,8833.1,-13770.1,0,
335900224,3359,ПК223,224,Омикрон,223,,,8828.2,-13778.8,0,
335900225,3359,ПК224,225,Омикрон,224,,,8823.3,-13787.5,0,
335900226,3359,ПК225,226,Омикрон,225,,,8818.4,-13796.3,0,
335900227,3359,ПК226,227,Омикрон,226,,,8813.5,-13805.0,0,
335900228,3359,ПК227,228,Омикрон,227,,,8808.7,-13813.8,0,
335900229,3359,ПК228,229,Омикрон,228,,,8803.8,-13822.5,0,
335900230,3359,ПК229,230,Омикрон,229,,,8798.9,-13831.2,1,
335900231,3359,ПК230,231,Омикрон,230,,,8794.1,-13840.0,9,
335900232,3359,ПК231,232,Омикрон,231,,,8789.2,-13848.7,1,
335900233,3359,ПК232,233,Омикрон,232,,,8784.3,-13857.4,0,
335900234,3359,ПК233,234,Омикрон,233,,,8779.3,-13866.1,0,
335900235,3359,ПК234,235,Омикрон,234,,,8774.3,-13874.7,0,
335900236,3359,ПК235,236,Омикрон,235,,,8769.3,-13883.4,0,
335900237,3359,ПК236,237,Омикрон,236,,,8764.3,-13892.1,0,
335900238,3359,ПК237,238,Омикрон,237,,,8759.4,-13900.8,0,
335900239,3359,ПК238,239,Омикрон,238,,,8754.6,-13909.5,0,
335900240,3359,ПК239,240,Омикрон,239,,,8749.9,-13918.4,0,
335900241,3359,ПК240,241,Омикрон,240,,,8745.2,-13927.2,0,
335900242,3359,ПК241,242,Омикрон,241,,,8740.6,-13936.1,0,
335900243,3359,ПК242,243,Омикрон,242,,,8736.1,-13945.0,0,
335900244,3359,ПК243,244,Омикрон,243,,,8731.6,-13953.9,0,
335900245,3359,ПК244,245,Омикрон,244,,,8727.2,-13962.9,0,
335900246,3359,ПК245,246,Омикрон,245,,,8722.8,-13971.9,0,
335900247,3359,ПК246,247,Омикрон,246,,,8718.5,-13980.9,1,
335900248,3359,ПК247,248,Омикрон,247,,,8714.3,-13990.0,9,
335900249,3359,ПК248,249,Омикрон,248,,,8710.0,-13999.0,1,
335900250,3359,ПК249,250,Омикрон,249,,,8705.9,-14008.1,0,
335900251,3359,ПК250,251,Омикрон,250,,,8701.7,-14017.2,0,
335900252,3359,ПК251,252,Омикрон,251,,,8697.6,-14026.4,0,
335900253,3359,ПК252,253,Омикрон,252,,,8693.7,-14035.6,0,
335900254,3359,ПК253,254,Омикрон,253,,,8689.9,-14044.8,0,
335900255,3359,ПК254,255,Омикрон,254,,,8686.3,-14054.2,0,
335900256,3359,ПК255,256,Омикрон,255,,,8683.0,-14063.6,0,
335900257,3359,ПК256,257,Омикрон,256,,,8679.8,-14073.1,0,
335900258,3359,ПК257,258,Омикрон,257,,,8676.9,-14082.6,0,
335900259,3359,ПК258,259,Омикрон,258,,,8674.3,-14092.3,0,
335900260,3359,ПК259,260,Омикрон,259,,,8671.8,-14102.0,0,
335900261,3359,ПК260,261,Омикрон,260,,,8669.6,-14111.7,0,
335900262,3359,ПК261,262,Омикрон,261,,,8667.6,-14121.5,0,
335900263,3359,ПК262,263,Омикрон,262,,,8665.8,-14131.4,0,
335900264,3359,ПК263,264,Омикрон,263,,,8664.2,-14141.2,0,
335900265,3359,ПК264,265,Омикрон,264,,,8662.7,-14151.1,0,
335900266,3359,ПК265,266,Омикрон,265,,,8661.3,-14161.0,6,
335900267,3359,ПК266,267,Омикрон,266,,,8660.2,-14171.0,0,
335900268,3359,ПК267,268,Омикрон,267,,,8659.1,-14180.9,0,
335900269,3359,ПК268,269,Омикрон,268,,,8658.2,-14190.9,6,
335900270,3359,ПК269,270,Омикрон,269,,,8657.5,-14200.8,0,
335900271,3359,ПК270,271,Омикрон,270,,,8657.0,-14210.8,0,
335900272,3359,ПК271,272,Омикрон,271,,,8656.5,-14220.8,0,
335900273,3359,ПК272,273,Омикрон,272,,,8656.1,-14230.8,0,
335900274,3359,ПК273,274,Омикрон,273,,,8655.8,-14240.8,0,
335900275,3359,ПК274,275,Омикрон,274,,,8655.5,-14250.8,0,
335900276,3359,ПК275,276,Омикрон,275,,,8655.2,-14260.8,0,
335900277,3359,ПК276,277,Омикрон,276,,,8654.9,-14270.8,0,
335900278,3359,ПК277,278,Омикрон,277,,,8654.6,-14280.8,0,
335900279,3359,ПК278,279,Омикрон,278,,,8654.4,-14290.8,0,
335900280,3359,ПК279,280,Омикрон,279,,,8654.2,-14300.8,0,
335900281,3359,ПК280,281,Омикрон,280,,,8654.1,-14310.8,0,
335900282,3359,ПК281,282,Омикрон,281,,,8654.2,-14320.8,2,
335900283,3359,ПК282,283,Омикрон,282,,,8654.4,-14330.8,4,
335900284,3359,ПК283,284,Омикрон,283,,,8654.7,-14340.8,3,
335900285,3359,ПК284,285,Омикрон,284,,,8655.1,-14350.8,1,
335900286,3359,ПК285,286,Омикрон,285,,,8655.7,-14360.7,4,
335900287,3359,ПК286,287,Омикрон,286,,,8656.4,-14370.7,0,
335900288,3359,ПК287,288,Омикрон,287,,,8657.2,-14380.7,0,
335900289,3359,ПК288,289,Омикрон,288,,,8658.2,-14390.6,0,
335900290,3359,ПК289,290,Омикрон,289,,,8659.3,-14400.6,0,
335900291,3359,ПК290,291,Омикрон,290,,,8660.4,-14410.5,0,
335900292,3359,ПК291,292,Омикрон,291,,,8661.7,-14420.4,0,
335900293,3359,ПК292,293,Омикрон,292,,,8663.1,-14430.3,0,
335900294,3359,ПК293,294,Омикрон,293,,,8664.6,-14440.2,3,
335900295,3359,ПК294,295,Омикрон,294,,,8666.3,-14450.1,1,
335900296,3359,ПК295,296,Омикрон,295,,,8668.0,-14459.9,0,
335900297,3359,ПК296,297,Омикрон,296,,,8670.0,-14469.7,0,
335900298,3359,ПК297,298,Омикрон,297,,,8672.1,-14479.5,0,
335900299,3359,ПК298,299,Омикрон,298,,,8674.4,-14489.2,1,
335900300,3359,ПК299,300,Омикрон,299,,,8676.8,-14498.9,0,
335900301,3359,ПК300,301,Омикрон,300,,,8679.4,-14508.6,25,
335900302,3359,ПК200 Г1 ПК0,302,Омикрон,0,Г1,200,8943.5,-13579.8,0,
335900303,3359,ПК200 Г1 ПК1,303,Омикрон,1,Г1,200,8952.1,-13585.0,0,
335900304,3359,ПК200 Г1 ПК2,304,Омикрон,2,Г1,200,8960.7,-13590.1,0,
335900305,3359,ПК200 Г1 ПК3,305,Омикрон,3,Г1,200,8969.2,-13595.3,0,
335900306,3359,ПК200 Г1 ПК4,306,Омикрон,4,Г1,200,8977.8,-13600.5,0,
335900307,3359,ПК200 Г1 ПК5,307,Омикрон,5,Г1,200,8986.3,-13605.7,0,
335900308,3359,ПК200 Г1 ПК6,308,Омикрон,6,Г1,200,8994.8,-13611.0,0,
335900309,3359,ПК200 Г1 ПК7,309,Омикрон,7,Г1,200,9003.3,-13616.2,0,
335900310,3359,ПК200 Г1 ПК8,310,Омикрон,8,Г1,200,9011.8,-13621.5,0,
335900311,3359,ПК200 Г1 ПК9,311,Омикрон,9,Г1,200,9020.3,-13626.7,0,
335900312,3359,ПК200 Г1 ПК10,312,Омикрон,10,Г1,200,9028.9,-13631.9,0,
335900313,3359,ПК200 Г1 ПК11,313,Омикрон,11,Г1,200,9037.4,-13637.1,0,
335900314,3359,ПК200 Г1 ПК12,314,Омикрон,12,Г1,200,9046.0,-13642.2,1,
335900315,3359,ПК200 Г1 ПК13,315,Омикрон,13,Г1,200,9054.6,-13647.3,0,
335900316,3359,ПК200 Г1 ПК14,316,Омикрон,14,Г1,200,9063.3,-13652.3,0,
335900317,3359,ПК200 Г1 ПК15,317,Омикрон,15,Г1,200,9072.0,-13657.2,0,
335900318,3359,ПК200 Г1 ПК16,318,Омикрон,16,Г1,200,9080.8,-13662.0,0,
335900319,3359,ПК200 Г1 ПК17,319,Омикрон,17,Г1,200,9089.6,-13666.7,0,
335900320,3359,ПК200 Г1 ПК18,320,Омикрон,18,Г1,200,9098.5,-13671.3,0,
335900321,3359,ПК200 Г1 ПК19,321,Омикрон,19,Г1,200,9107.5,-13675.7,0,
335900322,3359,ПК200 Г1 ПК20,322,Омикрон,20,Г1,200,9116.5,-13680.0,0,
335900323,3359,ПК200 Г1 ПК21,323,Омикрон,21,Г1,200,9125.6,-13684.2,0,
335900324,3359,ПК200 Г1 ПК22,324,Омикрон,22,Г1,200,9134.7,-13688.3,0,
335900325,3359,ПК200 Г1 ПК23,325,Омикрон,23,Г1,200,9143.8,-13692.4,0,
335900326,3359,ПК200 Г1 ПК24,326,Омикрон,24,Г1,200,9153.0,-13696.3,0,
335900327,3359,ПК200 Г1 ПК25,327,Омикрон,25,Г1,200,9162.3,-13700.0,0,
335900328,3359,ПК200 Г1 ПК26,328,Омикрон,26,Г1,200,9171.6,-13703.7,0,
335900329,3359,ПК200 Г1 ПК27,329,Омикрон,27,Г1,200,9180.9,-13707.3,0,
335900330,3359,ПК200 Г1 ПК28,330,Омикрон,28,Г1,200,9190.3,-13710.7,0,
335900331,3359,ПК200 Г1 ПК29,331,Омикрон,29,Г1,200,9199.7,-13714.1,0,
335900332,3359,ПК200 Г1 ПК30,332,Омикрон,30,Г1,200,9209.2,-13717.5,0,
335900333,3359,ПК200 Г1 ПК31,333,Омикрон,31,Г1,200,9218.6,-13720.7,0,
335900334,3359,ПК200 Г1 ПК32,334,Омикрон,32,Г1,200,9228.1,-13723.9,0,
335900335,3359,ПК200 Г1 ПК33,335,Омикрон,33,Г1,200,9237.6,-13727.0,0,
335900336,3359,ПК200 Г1 ПК34,336,Омикрон,34,Г1,200,9247.2,-13729.9,0,
335900337,3359,ПК200 Г1 ПК35,337,Омикрон,35,Г1,200,9256.8,-13732.7,0,
335900338,3359,ПК200 Г1 ПК36,338,Омикрон,36,Г1,200,9266.4,-13735.5,0,
335900339,3359,ПК200 Г1 ПК37,339,Омикрон,37,Г1,200,9276.0,-13738.2,0,
335900340,3359,ПК200 Г1 ПК38,340,Омикрон,38,Г1,200,9285.6,-13740.9,0,
335900341,3359,ПК200 Г1 ПК39,341,Омикрон,39,Г1,200,9295.3,-13743.5,0,
335900342,3359,ПК200 Г1 ПК40,342,Омикрон,40,Г1,200,9304.9,-13746.1,0,
335900343,3359,ПК200 Г1 ПК41,343,Омикрон,41,Г1,200,9314.6,-13748.7,0,
335900344,3359,ПК200 Г1 ПК42,344,Омикрон,42,Г1,200,9324.3,-13751.2,0,
335900345,3359,ПК200 Г1 ПК43,345,Омикрон,43,Г1,200,9334.0,-13753.7,0,
335900346,3359,ПК200 Г1 ПК44,346,Омикрон,44,Г1,200,9343.7,-13756.1,0,
335900347,3359,ПК200 Г1 ПК45,347,Омикрон,45,Г1,200,9353.4,-13758.4,0,
335900348,3359,ПК200 Г1 ПК46,348,Омикрон,46,Г1,200,9363.1,-13760.7,0,
335900349,3359,ПК200 Г1 ПК47,349,Омикрон,47,Г1,200,9372.9,-13762.8,0,
335900350,3359,ПК200 Г1 ПК48,350,Омикрон,48,Г1,200,9382.7,-13764.8,0,
335900351,3359,ПК200 Г1 ПК49,351,Омикрон,49,Г1,200,9392.5,-13766.7,0,
335900352,3359,ПК200 Г1 ПК50,352,Омикрон,50,Г1,200,9402.4,-13768.5,0,
335900353,3359,ПК200 Г1 ПК51,353,Омикрон,51,Г1,200,9412.2,-13770.1,0,
335900354,3359,ПК200 Г1 ПК52,354,Омикрон,52,Г1,200,9422.1,-13771.6,0,
335900355,3359,ПК200 Г1 ПК53,355,Омикрон,53,Г1,200,9432.0,-13772.9,0,
335900356,3359,ПК200 Г1 ПК54,356,Омикрон,54,Г1,200,9442.0,-13774.0,0,
335900357,3359,ПК200 Г1 ПК55,357,Омикрон,55,Г1,200,9451.9,-13775.0,0,
335900358,3359,ПК200 Г1 ПК56,358,Омикрон,56,Г1,200,9461.9,-13775.9,0,
335900359,3359,ПК200 Г1 ПК57,359,Омикрон,57,Г1,200,9471.9,-13776.6,0,
335900360,3359,ПК200 Г1 ПК58,360,Омикрон,58,Г1,200,9481.8,-13777.3,0,
335900361,3359,ПК200 Г1 ПК59,361,Омикрон,59,Г1,200,9491.8,-13777.8,0,
335900362,3359,ПК200 Г1 ПК60,362,Омикрон,60,Г1,200,9501.8,-13778.3,0,
335900363,3359,ПК200 Г1 ПК61,363,Омикрон,61,Г1,200,9511.8,-13778.6,0,
335900364,3359,ПК200 Г1 ПК62,364,Омикрон,62,Г1,200,9521.8,-13778.8,0,
335900365,3359,ПК200 Г1 ПК63,365,Омикрон,63,Г1,200,9531.8,-13779.0,0,
335900366,3359,ПК200 Г1 ПК64,366,Омикрон,64,Г1,200,9541.8,-13779.1,0,
335900367,3359,ПК200 Г1 ПК65,367,Омикрон,65,Г1,200,9551.8,-13779.2,0,
335900368,3359,ПК200 Г1 ПК66,368,Омикрон,66,Г1,200,9561.8,-13779.2,0,
335900369,3359,ПК200 Г1 ПК67,369,Омикрон,67,Г1,200,9571.8,-13779.3,0,
335900370,3359,ПК200 Г1 ПК68,370,Омикрон,68,Г1,200,9581.8,-13779.3,0,
335900371,3359,ПК200 Г1 ПК69,371,Омикрон,69,Г1,200,9591.8,-13779.3,0,
335900372,3359,ПК200 Г1 ПК70,372,Омикрон,70,Г1,200,9601.8,-13779.3,0,
335900373,3359,ПК200 Г1 ПК71,373,Омикрон,71,Г1,200,9611.8,-13779.3,0,
335900374,3359,ПК200 Г1 ПК72,374,Омикрон,72,Г1,200,9621.8,-13779.2,0,
335900375,3359,ПК200 Г1 ПК73,375,Омикрон,73,Г1,200,9631.8,-13779.1,0,
335900376,3359,ПК200 Г1 ПК74,376,Омикрон,74,Г1,200,9641.8,-13779.1,0,
335900377,3359,ПК200 Г1 ПК75,377,Омикрон,75,Г1,200,9651.8,-13779.1,0,
335900378,3359,ПК200 Г1 ПК76,378,Омикрон,76,Г1,200,9661.8,-13779.1,0,
335900379,3359,ПК200 Г1 ПК77,379,Омикрон,77,Г1,200,9671.8,-13779.1,0,
335900380,3359,ПК200 Г1 ПК78,380,Омикрон,78,Г1,200,9681.8,-13779.1,0,
335900381,3359,ПК200 Г1 ПК79,381,Омикрон,79,Г1,200,9691.8,-13779.2,0,
335900382,3359,ПК200 Г1 ПК80,382,Омикрон,80,Г1,200,9701.8,-13779.2,0,
335900383,3359,ПК200 Г1 ПК81,383,Омикрон,81,Г1,200,9711.8,-13779.3,0,
335900384,3359,ПК200 Г1 ПК82,384,Омикрон,82,Г1,200,9721.8,-13779.4,0,
335900385,3359,ПК200 Г1 ПК83,385,Омикрон,83,Г1,200,9731.8,-13779.6,0,
335900386,3359,ПК200 Г1 ПК84,386,Омикрон,84,Г1,200,9741.8,-13779.7,0,
335900387,3359,ПК200 Г1 ПК85,387,Омикрон,85,Г1,200,9751.8,-13779.7,0,
335900388,3359,ПК200 Г1 ПК86,388,Омикрон,86,Г1,200,9761.8,-13779.8,0,
335900389,3359,ПК200 Г1 ПК87,389,Омикрон,87,Г1,200,9771.8,-13779.8,0,
335900390,3359,ПК200 Г1 ПК88,390,Омикрон,88,Г1,200,9781.8,-13779.9,0,
335900391,3359,ПК200 Г1 ПК89,391,Омикрон,89,Г1,200,9791.8,-13779.9,0,
335900392,3359,ПК200 Г1 ПК90,392,Омикрон,90,Г1,200,9801.8,-13779.9,0,
335900393,3359,ПК200 Г1 ПК91,393,Омикрон,91,Г1,200,9811.8,-13779.9,0,
335900394,3359,ПК200 Г1 ПК92,394,Омикрон,92,Г1,200,9821.8,-13779.9,0,
335900395,3359,ПК200 Г1 ПК93,395,Омикрон,93,Г1,200,9831.8,-13779.9,0,
335900396,3359,ПК200 Г1 ПК94,396,Омикрон,94,Г1,200,9841.8,-13779.9,0,
335900397,3359,ПК200 Г1 ПК95,397,Омикрон,95,Г1,200,9851.8,-13780.0,0,
335900398,3359,ПК200 Г1 ПК96,398,Омикрон,96,Г1,200,9861.8,-13780.0,0,
335900399,3359,ПК200 Г1 ПК97,399,Омикрон,97,Г1,200,9871.8,-13780.1,0,
335900400,3359,ПК200 Г1 ПК98,400,Омикрон,98,Г1,200,9881.8,-13780.2,0,
335900401,3359,ПК200 Г1 ПК99,401,Омикрон,99,Г1,200,9891.8,-13780.3,0,
335900402,3359,ПК200 Г1 ПК100,402,Омикрон,100,Г1,200,9901.8,-13780.3,0,
335900403,3359,ПК200 Г1 ПК101,403,Омикрон,101,Г1,200,9911.8,-13780.3,0,
335900404,3359,ПК200 Г1 ПК102,404,Омикрон,102,Г1,200,9921.8,-13780.3,0,
335900405,3359,ПК200 Г1 ПК103,405,Омикрон,103,Г1,200,9931.8,-13780.3,0,
335900406,3359,ПК200 Г1 ПК104,406,Омикрон,104,Г1,200,9941.8,-13780.2,0,
335900407,3359,ПК200 Г1 ПК105,407,Омикрон,105,Г1,200,9951.8,-13780.0,0,
335900408,3359,ПК200 Г1 ПК106,408,Омикрон,106,Г1,200,9961.8,-13779.8,0,
335900409,3359,ПК200 Г1 ПК107,409,Омикрон,107,Г1,200,9971.8,-13779.4,0,
335900410,3359,ПК200 Г1 ПК108,410,Омикрон,108,Г1,200,9981.8,-13779.0,0,
335900411,3359,ПК200 Г1 ПК109,411,Омикрон,109,Г1,200,9991.8,-13778.5,0,
335900412,3359,ПК200 Г1 ПК110,412,Омикрон,110,Г1,200,10001.7,-13777.9,0,
335900413,3359,ПК200 Г1 ПК111,413,Омикрон,111,Г1,200,10011.7,-13777.2,0,
335900414,3359,ПК200 Г1 ПК112,414,Омикрон,112,Г1,200,10021.7,-13776.4,0,
335900415,3359,ПК200 Г1 ПК113,415,Омикрон,113,Г1,200,10031.6,-13775.5,0,
335900416,3359,ПК200 Г1 ПК114,416,Омикрон,114,Г1,200,10041.6,-13774.5,0,
335900417,3359,ПК200 Г1 ПК115,417,Омикрон,115,Г1,200,10051.5,-13773.4,0,
335900418,3359,ПК200 Г1 ПК116,418,Омикрон,116,Г1,200,10061.5,-13772.4,0,
335900419,3359,ПК200 Г1 ПК117,419,Омикрон,117,Г1,200,10071.4,-13771.3,0,
335900420,3359,ПК200 Г1 ПК118,420,Омикрон,118,Г1,200,10081.4,-13770.2,0,
335900421,3359,ПК200 Г1 ПК119,421,Омикрон,119,Г1,200,10091.3,-13769.1,0,
335900422,3359,ПК200 Г1 ПК120,422,Омикрон,120,Г1,200,10101.3,-13768.1,0,
335900423,3359,ПК200 Г1 ПК121,423,Омикрон,121,Г1,200,10111.2,-13767.1,0,
335900424,3359,ПК200 Г1 ПК122,424,Омикрон,122,Г1,200,10121.2,-13766.3,0,
335900425,3359,ПК200 Г1 ПК123,425,Омикрон,123,Г1,200,10131.1,-13765.4,0,
335900426,3359,ПК200 Г1 ПК124,426,Омикрон,124,Г1,200,10141.1,-13764.7,0,
335900427,3359,ПК200 Г1 ПК125,427,Омикрон,125,Г1,200,10151.1,-13764.0,0,
335900428,3359,ПК200 Г1 ПК126,428,Омикрон,126,Г1,200,10161.1,-13763.3,0,
335900429,3359,ПК200 Г1 ПК127,429,Омикрон,127,Г1,200,10171.0,-13762.6,0,
335900430,3359,ПК200 Г1 ПК128,430,Омикрон,128,Г1,200,10181.0,-13762.1,0,
335900431,3359,ПК200 Г1 ПК129,431,Омикрон,129,Г1,200,10191.0,-13761.6,0,
335900432,3359,ПК200 Г1 ПК130,432,Омикрон,130,Г1,200,10201.0,-13761.1,0,
335900433,3359,ПК200 Г1 ПК131,433,Омикрон,131,Г1,200,10211.0,-13760.7,0,
335900434,3359,ПК200 Г1 ПК132,434,Омикрон,132,Г1,200,10221.0,-13760.3,0,
335900435,3359,ПК200 Г1 ПК133,435,Омикрон,133,Г1,200,10231.0,-13760.0,0,
335900436,3359,ПК200 Г1 ПК134,436,Омикрон,134,Г1,200,10241.0,-13759.7,0,
335900437,3359,ПК200 Г1 ПК135,437,Омикрон,135,Г1,200,10251.0,-13759.4,0,
335900438,3359,ПК200 Г1 ПК136,438,Омикрон,136,Г1,200,10261.0,-13759.2,0,
335900439,3359,ПК200 Г1 ПК137,439,Омикрон,137,Г1,200,10271.0,-13759.1,0,
335900440,3359,ПК200 Г1 ПК138,440,Омикрон,138,Г1,200,10281.0,-13759.1,0,
335900441,3359,ПК200 Г1 ПК139,441,Омикрон,139,Г1,200,10291.0,-13759.1,0,
335900442,3359,ПК200 Г1 ПК140,442,Омикрон,140,Г1,200,10301.0,-13759.3,0,
335900443,3359,ПК200 Г1 ПК141,443,Омикрон,141,Г1,200,10311.0,-13759.5,0,
335900444,3359,ПК200 Г1 ПК142,444,Омикрон,142,Г1,200,10321.0,-13759.7,0,
335900445,3359,ПК200 Г1 ПК143,445,Омикрон,143,Г1,200,10331.0,-13760.1,0,
335900446,3359,ПК200 Г1 ПК144,446,Омикрон,144,Г1,200,10340.9,-13760.5,0,
335900447,3359,ПК200 Г1 ПК145,447,Омикрон,145,Г1,200,10350.9,-13761.0,0,
335900448,3359,ПК200 Г1 ПК146,448,Омикрон,146,Г1,200,10360.9,-13761.5,0,
335900449,3359,ПК200 Г1 ПК147,449,Омикрон,147,Г1,200,10370.9,-13762.0,0,
335900450,3359,ПК200 Г1 ПК148,450,Омикрон,148,Г1,200,10380.9,-13762.5,0,
335900451,3359,ПК200 Г1 ПК149,451,Омикрон,149,Г1,200,10390.9,-13763.1,0,
335900452,3359,ПК200 Г1 ПК150,452,Омикрон,150,Г1,200,10400.9,-13763.7,0,
335900453,3359,ПК200 Г1 ПК151,453,Омикрон,151,Г1,200,10410.8,-13764.3,0,
335900454,3359,ПК200 Г1 ПК152,454,Омикрон,152,Г1,200,10420.8,-13764.8,0,
335900455,3359,ПК200 Г1 ПК153,455,Омикрон,153,Г1,200,10430.8,-13765.4,0,
335900456,3359,ПК200 Г1 ПК154,456,Омикрон,154,Г1,200,10440.8,-13765.9,0,
335900457,3359,ПК200 Г1 ПК155,457,Омикрон,155,Г1,200,10450.8,-13766.4,0,
335900458,3359,ПК200 Г1 ПК156,458,Омикрон,156,Г1,200,10460.8,-13766.9,0,
335900459,3359,ПК200 Г1 ПК157,459,Омикрон,157,Г1,200,10470.8,-13767.3,0,
335900460,3359,ПК200 Г1 ПК158,460,Омикрон,158,Г1,200,10480.8,-13767.7,0,
335900461,3359,ПК200 Г1 ПК159,461,Омикрон,159,Г1,200,10490.8,-13768.2,0,
335900462,3359,ПК200 Г1 ПК160,462,Омикрон,160,Г1,200,10500.7,-13768.6,0,
335900463,3359,ПК200 Г1 ПК161,463,Омикрон,161,Г1,200,10510.7,-13768.9,0,
335900464,3359,ПК200 Г1 ПК162,464,Омикрон,162,Г1,200,10520.7,-13769.3,0,
335900465,3359,ПК200 Г1 ПК163,465,Омикрон,163,Г1,200,10530.7,-13769.6,0,
335900466,3359,ПК200 Г1 ПК164,466,Омикрон,164,Г1,200,10540.7,-13769.8,0,
335900467,3359,ПК200 Г1 ПК165,467,Омикрон,165,Г1,200,10550.7,-13770.0,0,
335900468,3359,ПК200 Г1 ПК166,468,Омикрон,166,Г1,200,10560.7,-13770.2,0,
335900469,3359,ПК200 Г1 ПК167,469,Омикрон,167,Г1,200,10570.7,-13770.3,0,
335900470,3359,ПК200 Г1 ПК168,470,Омикрон,168,Г1,200,10580.7,-13770.2,0,
335900471,3359,ПК200 Г1 ПК169,471,Омикрон,169,Г1,200,10590.7,-13770.0,0,
335900472,3359,ПК200 Г1 ПК170,472,Омикрон,170,Г1,200,10600.7,-13769.7,0,
335900473,3359,ПК200 Г1 ПК171,473,Омикрон,171,Г1,200,10610.7,-13769.3,0,
335900474,3359,ПК200 Г1 ПК172,474,Омикрон,172,Г1,200,10620.7,-13768.8,0,
335900475,3359,ПК200 Г1 ПК173,475,Омикрон,173,Г1,200,10630.7,-13768.2,0,
335900476,3359,ПК200 Г1 ПК174,476,Омикрон,174,Г1,200,10640.7,-13767.6,0,
335900477,3359,ПК200 Г1 ПК175,477,Омикрон,175,Г1,200,10650.6,-13766.9,0,
335900478,3359,ПК200 Г1 ПК176,478,Омикрон,176,Г1,200,10660.6,-13766.3,0,
335900479,3359,ПК200 Г1 ПК177,479,Омикрон,177,Г1,200,10670.6,-13765.7,0,
335900480,3359,ПК200 Г1 ПК178,480,Омикрон,178,Г1,200,10680.6,-13765.1,0,
335900481,3359,ПК200 Г1 ПК179,481,Омикрон,179,Г1,200,10690.6,-13764.5,0,
335900482,3359,ПК200 Г1 ПК180,482,Омикрон,180,Г1,200,10700.5,-13763.9,0,
335900483,3359,ПК200 Г1 ПК181,483,Омикрон,181,Г1,200,10710.5,-13763.4,0,
335900484,3359,ПК200 Г1 ПК182,484,Омикрон,182,Г1,200,10720.5,-13762.8,0,
335900485,3359,ПК200 Г1 ПК183,485,Омикрон,183,Г1,200,10730.5,-13762.2,0,
335900486,3359,ПК200 Г1 ПК184,486,Омикрон,184,Г1,200,10740.5,-13761.6,0,
335900487,3359,ПК200 Г1 ПК185,487,Омикрон,185,Г1,200,10750.5,-13761.0,0,
335900488,3359,ПК200 Г1 ПК186,488,Омикрон,186,Г1,200,10760.4,-13760.4,0,
335900489,3359,ПК200 Г1 ПК187,489,Омикрон,187,Г1,200,10770.4,-13759.8,0,
335900490,3359,ПК200 Г1 ПК188,490,Омикрон,188,Г1,200,10780.4,-13759.3,0,
335900491,3359,ПК200 Г1 ПК189,491,Омикрон,189,Г1,200,10790.4,-13758.7,0,
335900492,3359,ПК200 Г1 ПК190,492,Омикрон,190,Г1,200,10800.4,-13758.2,0,
335900493,3359,ПК200 Г1 ПК191,493,Омикрон,191,Г1,200,10810.4,-13757.7,0,
335900494,3359,ПК200 Г1 ПК192,494,Омикрон,192,Г1,200,10820.4,-13757.3,0,
335900495,3359,ПК200 Г1 ПК193,495,Омикрон,193,Г1,200,10830.4,-13757.0,0,
335900496,3359,ПК200 Г1 ПК194,496,Омикрон,194,Г1,200,10840.3,-13756.6,0,
335900497,3359,ПК200 Г1 ПК195,497,Омикрон,195,Г1,200,10850.3,-13756.4,0,
335900498,3359,ПК200 Г1 ПК196,498,Омикрон,196,Г1,200,10860.3,-13756.1,0,
335900499,3359,ПК200 Г1 ПК197,499,Омикрон,197,Г1,200,10870.3,-13755.9,0,
335900500,3359,ПК200 Г1 ПК198,500,Омикрон,198,Г1,200,10880.3,-13755.7,0,
335900501,3359,ПК200 Г1 ПК199,501,Омикрон,199,Г1,200,10890.3,-13755.6,0,
335900502,3359,ПК200 Г1 ПК200,502,Омикрон,200,Г1,200,10900.3,-13755.5,2,
335900503,3359,ПК294 Г2 ПК0,503,Омикрон,0,Г2,294,8666.3,-14450.1,0,
335900504,3359,ПК294 Г2 ПК1,504,Омикрон,1,Г2,294,8675.7,-14446.6,0,
335900505,3359,ПК294 Г2 ПК2,505,Омикрон,2,Г2,294,8685.0,-14443.1,0,
335900506,3359,ПК294 Г2 ПК3,506,Омикрон,3,Г2,294,8694.3,-14439.5,0,
335900507,3359,ПК294 Г2 ПК4,507,Омикрон,4,Г2,294,8703.7,-14435.8,0,
335900508,3359,ПК294 Г2 ПК5,508,Омикрон,5,Г2,294,8713.0,-14432.2,4,
382800001,3828,ПК0,1,Мю,0,,,16324.9,-12566.6,34,
382800002,3828,ПК1,2,Мю,1,,,16315.0,-12568.2,1,
382800003,3828,ПК2,3,Мю,2,,,16305.2,-12569.9,4,
382800004,3828,ПК3,4,Мю,3,,,16295.4,-12571.8,1,
382800005,3828,ПК4,5,Мю,4,,,16285.6,-12573.9,3,
382800006,3828,ПК5,6,Мю,5,,,16275.8,-12576.0,9,
382800007,3828,ПК6,7,Мю,6,,,16266.1,-12578.3,1,
382800008,3828,ПК7,8,Мю,7,,,16256.3,-12580.6,1,
382800009,3828,ПК8,9,Мю,8,,,16246.6,-12582.9,2,
382800010,3828,ПК9,10,Мю,9,,,16236.9,-12585.4,1,
382800011,3828,ПК10,11,Мю,10,,,16227.2,-12587.9,2,
382800012,3828,ПК11,12,Мю,11,,,16217.6,-12590.6,1,
382800013,3828,ПК12,13,Мю,12,,,16208.0,-12593.3,1,
382800014,3828,ПК13,14,Мю,13,,,16198.4,-12596.2,1,
382800015,3828,ПК14,15,Мю,14,,,16188.9,-12599.2,1,
382800016,3828,ПК15,16,Мю,15,,,16179.4,-12602.3,3,
382800017,3828,ПК16,17,Мю,16,,,16169.9,-12605.5,5,
382800018,3828,ПК17,18,Мю,17,,,16160.4,-12608.7,22,
382800019,3828,ПК18,19,Мю,18,,,16151.0,-12612.0,2,
382800020,3828,ПК19,20,Мю,19,,,16141.5,-12615.3,2,
382800021,3828,ПК20,21,Мю,20,,,16132.2,-12618.8,1,
382800022,3828,ПК21,22,Мю,21,,,16122.8,-12622.4,1,
382800023,3828,ПК22,23,Мю,22,,,16113.5,-12626.0,2,
382800024,3828,ПК23,24,Мю,23,,,16104.2,-12629.6,1,
382800025,3828,ПК24,25,Мю,24,,,16094.9,-12633.4,1,
382800026,3828,ПК25,26,Мю,25,,,16085.7,-12637.2,3,
382800027,3828,ПК26,27,Мю,26,,,16076.5,-12641.1,1,
382800028,3828,ПК27,28,Мю,27,,,16067.3,-12645.1,3,
382800029,3828,ПК28,29,Мю,28,,,16058.1,-12649.1,1,
382800030,3828,ПК29,30,Мю,29,,,16049.0,-12653.3,1,
382800031,3828,ПК30,31,Мю,30,,,16040.0,-12657.5,1,
382800032,3828,ПК31,32,Мю,31,,,16031.0,-12661.8,1,
382800033,3828,ПК32,33,Мю,32,,,16022.0,-12666.2,2,
382800034,3828,ПК33,34,Мю,33,,,16013.0,-12670.7,1,
382800035,3828,ПК34,35,Мю,34,,,16004.1,-12675.3,1,
382800036,3828,ПК35,36,Мю,35,,,15995.3,-12679.9,2,
382800037,3828,ПК36,37,Мю,36,,,15986.5,-12684.7,7,
382800038,3828,ПК37,38,Мю,37,,,15977.8,-12689.7,14,
382800039,3828,ПК38,39,Мю,38,,,15969.3,-12694.8,2,
382800040,3828,ПК39,40,Мю,39,,,15960.8,-12700.1,2,
382800041,3828,ПК40,41,Мю,40,,,15952.4,-12705.5,1,
382800042,3828,ПК41,42,Мю,41,,,15944.0,-12711.0,1,
382800043,3828,ПК42,43,Мю,42,,,15935.8,-12716.7,2,
382800044,3828,ПК43,44,Мю,43,,,15927.6,-12722.5,7,
382800045,3828,ПК44,45,Мю,44,,,15919.6,-12728.5,1,
382800046,3828,ПК45,46,Мю,45,,,15911.7,-12734.6,1,
382800047,3828,ПК46,47,Мю,46,,,15903.9,-12740.8,2,
382800048,3828,ПК47,48,Мю,47,,,15896.2,-12747.2,2,
382800049,3828,ПК48,49,Мю,48,,,15888.6,-12753.7,1,
382800050,3828,ПК49,50,Мю,49,,,15881.1,-12760.4,1,
382800051,3828,ПК50,51,Мю,50,,,15873.7,-12767.1,1,
382800052,3828,ПК51,52,Мю,51,,,15866.5,-12774.0,1,
382800053,3828,ПК52,53,Мю,52,,,15859.3,-12780.9,2,
382800054,3828,ПК53,54,Мю,53,,,15852.1,-12787.9,1,
382800055,3828,ПК54,55,Мю,54,,,15845.1,-12795.0,1,
382800056,3828,ПК55,56,Мю,55,,,15838.1,-12802.2,3,
382800057,3828,ПК56,57,Мю,56,,,15831.2,-12809.4,4,
382800058,3828,ПК57,58,Мю,57,,,15824.4,-12816.7,4,
382800059,3828,ПК58,59,Мю,58,,,15817.6,-12824.0,2,
382800060,3828,ПК59,60,Мю,59,,,15810.9,-12831.5,1,
382800061,3828,ПК60,61,Мю,60,,,15804.3,-12839.0,3,
382800062,3828,ПК61,62,Мю,61,,,15797.8,-12846.6,3,
382800063,3828,ПК62,63,Мю,62,,,15791.4,-12854.3,2,
382800064,3828,ПК63,64,Мю,63,,,15785.1,-12862.1,1,
382800065,3828,ПК64,65,Мю,64,,,15778.9,-12869.9,1,
382800066,3828,ПК65,66,Мю,65,,,15772.7,-12877.8,2,
382800067,3828,ПК66,67,Мю,66,,,15766.7,-12885.7,1,
382800068,3828,ПК67,68,Мю,67,,,15760.8,-12893.8,1,
382800069,3828,ПК68,69,Мю,68,,,15755.0,-12901.9,1,
382800070,3828,ПК69,70,Мю,69,,,15749.3,-12910.1,1,
382800071,3828,ПК70,71,Мю,70,,,15743.6,-12918.4,2,
382800072,3828,ПК71,72,Мю,71,,,15738.0,-12926.6,1,
382800073,3828,ПК72,73,Мю,72,,,15732.3,-12934.9,1,
382800074,3828,ПК73,74,Мю,73,,,15726.8,-12943.2,5,
382800075,3828,ПК74,75,Мю,74,,,15721.2,-12951.6,12,
382800076,3828,ПК75,76,Мю,75,,,15715.7,-12959.9,7,
382800077,3828,ПК76,77,Мю,76,,,15710.3,-12968.3,4,
382800078,3828,ПК77,78,Мю,77,,,15704.8,-12976.7,3,
382800079,3828,ПК78,79,Мю,78,,,15699.3,-12985.0,6,
382800080,3828,ПК79,80,Мю,79,,,15693.9,-12993.4,11,
382800081,3828,ПК80,81,Мю,80,,,15688.6,-13001.9,3,
382800082,3828,ПК81,82,Мю,81,,,15683.3,-13010.4,1,
382800083,3828,ПК82,83,Мю,82,,,15678.0,-13018.9,1,
382800084,3828,ПК83,84,Мю,83,,,15672.8,-13027.4,2,
382800085,3828,ПК84,85,Мю,84,,,15667.5,-13035.9,1,
382800086,3828,ПК85,86,Мю,85,,,15662.2,-13044.4,1,
382800087,3828,ПК86,87,Мю,86,,,15656.8,-13052.8,2,
382800088,3828,ПК87,88,Мю,87,,,15651.5,-13061.2,2,
382800089,3828,ПК88,89,Мю,88,,,15646.0,-13069.6,5,
382800090,3828,ПК89,90,Мю,89,,,15640.6,-13078.0,1,
382800091,3828,ПК90,91,Мю,90,,,15635.2,-13086.4,1,
382800092,3828,ПК91,92,Мю,91,,,15629.7,-13094.8,1,
382800093,3828,ПК92,93,Мю,92,,,15624.3,-13103.2,1,
382800094,3828,ПК93,94,Мю,93,,,15618.8,-13111.6,2,
382800095,3828,ПК94,95,Мю,94,,,15613.4,-13120.0,1,
382800096,3828,ПК95,96,Мю,95,,,15608.0,-13128.4,1,
382800097,3828,ПК96,97,Мю,96,,,15602.6,-13136.8,1,
382800098,3828,ПК97,98,Мю,97,,,15597.2,-13145.2,1,
382800099,3828,ПК98,99,Мю,98,,,15591.8,-13153.6,2,
382800100,3828,ПК99,100,Мю,99,,,15586.4,-13162.0,3,
382800101,3828,ПК100,101,Мю,100,,,15580.9,-13170.4,7,
382800102,3828,ПК101,102,Мю,101,,,15575.4,-13178.8,13,
382800103,3828,ПК102,103,Мю,102,,,15569.9,-13187.1,3,
382800104,3828,ПК103,104,Мю,103,,,15564.3,-13195.4,0,
382800105,3828,ПК104,105,Мю,104,,,15558.7,-13203.7,2,
382800106,3828,ПК105,106,Мю,105,,,15552.9,-13211.8,1,
382800107,3828,ПК106,107,Мю,106,,,15547.0,-13219.9,2,
382800108,3828,ПК107,108,Мю,107,,,15541.0,-13227.9,1,
382800109,3828,ПК108,109,Мю,108,,,15534.9,-13235.8,1,
382800110,3828,ПК109,110,Мю,109,,,15528.7,-13243.6,2,
382800111,3828,ПК110,111,Мю,110,,,15522.4,-13251.4,4,
382800112,3828,ПК111,112,Мю,111,,,15516.1,-13259.2,2,
382800113,3828,ПК112,113,Мю,112,,,15509.7,-13266.9,1,
382800114,3828,ПК113,114,Мю,113,,,15503.2,-13274.5,1,
382800115,3828,ПК114,115,Мю,114,,,15496.6,-13282.0,1,
382800116,3828,ПК115,116,Мю,115,,,15489.9,-13289.4,2,
382800117,3828,ПК116,117,Мю,116,,,15483.1,-13296.8,2,
382800118,3828,ПК117,118,Мю,117,,,15476.3,-13304.1,1,
382800119,3828,ПК118,119,Мю,118,,,15469.4,-13311.3,1,
382800120,3828,ПК119,120,Мю,119,,,15462.4,-13318.5,1,
382800121,3828,ПК120,121,Мю,120,,,15455.4,-13325.6,1,
382800122,3828,ПК121,122,Мю,121,,,15448.3,-13332.7,2,
382800123,3828,ПК122,123,Мю,122,,,15441.1,-13339.6,4,
382800124,3828,ПК123,124,Мю,123,,,15433.9,-13346.5,13,
382800125,3828,ПК124,125,Мю,124,,,15426.6,-13353.4,9,
382800126,3828,ПК125,126,Мю,125,,,15419.2,-13360.1,1,
382800127,3828,ПК126,127,Мю,126,,,15411.8,-13366.8,1,
382800128,3828,ПК127,128,Мю,127,,,15404.3,-13373.4,2,
382800129,3828,ПК128,129,Мю,128,,,15396.7,-13379.9,2,
382800130,3828,ПК129,130,Мю,129,,,15389.1,-13386.4,1,
382800131,3828,ПК130,131,Мю,130,,,15381.4,-13392.8,1,
382800132,3828,ПК131,132,Мю,131,,,15373.7,-13399.2,1,
382800133,3828,ПК132,133,Мю,132,,,15365.9,-13405.5,2,
382800134,3828,ПК133,134,Мю,133,,,15358.1,-13411.8,2,
382800135,3828,ПК134,135,Мю,134,,,15350.3,-13417.9,1,
382800136,3828,ПК135,136,Мю,135,,,15342.4,-13424.1,1,
382800137,3828,ПК136,137,Мю,136,,,15334.4,-13430.1,1,
382800138,3828,ПК137,138,Мю,137,,,15326.4,-13436.1,1,
382800139,3828,ПК138,139,Мю,138,,,15318.3,-13442.0,2,
382800140,3828,ПК139,140,Мю,139,,,15310.1,-13447.7,1,
382800141,3828,ПК140,141,Мю,140,,,15301.9,-13453.4,1,
382800142,3828,ПК141,142,Мю,141,,,15293.6,-13459.0,5,
382800143,3828,ПК142,143,Мю,142,,,15285.3,-13464.6,1,
382800144,3828,ПК143,144,Мю,143,,,15277.0,-13470.2,4,
382800145,3828,ПК144,145,Мю,144,,,15268.6,-13475.7,7,
382800146,3828,ПК145,146,Мю,145,,,15260.2,-13481.1,6,
382800147,3828,ПК146,147,Мю,146,,,15251.8,-13486.4,20,
382800148,3828,ПК147,148,Мю,147,,,15243.3,-13491.7,2,
382800149,3828,ПК148,149,Мю,148,,,15234.7,-13496.8,2,
382800150,3828,ПК149,150,Мю,149,,,15226.1,-13501.9,1,
382800151,3828,ПК150,151,Мю,150,,,15217.4,-13506.9,1,
382800152,3828,ПК151,152,Мю,151,,,15208.8,-13511.9,1,
382800153,3828,ПК152,153,Мю,152,,,15200.1,-13516.8,1,
382800154,3828,ПК153,154,Мю,153,,,15191.4,-13521.8,2,
382800155,3828,ПК154,155,Мю,154,,,15182.7,-13526.8,1,
382800156,3828,ПК155,156,Мю,155,,,15174.1,-13531.8,4,
382800157,3828,ПК156,157,Мю,156,,,15165.5,-13537.0,0,
382800158,3828,ПК157,158,Мю,157,,,15157.0,-13542.2,13,
382800159,3828,ПК158,159,Мю,158,,,15148.5,-13547.5,2,
382800160,3828,ПК159,160,Мю,159,,,15140.0,-13552.8,0,
382800161,3828,ПК160,161,Мю,160,,,15131.7,-13558.3,0,
382800162,3828,ПК161,162,Мю,161,,,15123.3,-13563.8,0,
382800163,3828,ПК162,163,Мю,162,,,15115.0,-13569.3,0,
382800164,3828,ПК163,164,Мю,163,,,15106.7,-13574.9,0,
382800165,3828,ПК164,165,Мю,164,,,15098.3,-13580.4,0,
382800166,3828,ПК165,166,Мю,165,,,15089.9,-13585.8,0,
382800167,3828,ПК166,167,Мю,166,,,15081.5,-13591.3,0,
382800168,3828,ПК167,168,Мю,167,,,15073.1,-13596.6,0,
382800169,3828,ПК168,169,Мю,168,,,15064.6,-13601.8,0,
382800170,3828,ПК169,170,Мю,169,,,15056.0,-13607.0,0,
382800171,3828,ПК170,171,Мю,170,,,15047.4,-13612.1,0,
382800172,3828,ПК171,172,Мю,171,,,15038.8,-13617.2,0,
382800173,3828,ПК172,173,Мю,172,,,15030.2,-13622.3,0,
382800174,3828,ПК173,174,Мю,173,,,15021.5,-13627.2,0,
382800175,3828,ПК174,175,Мю,174,,,15012.8,-13632.2,0,
382800176,3828,ПК175,176,Мю,175,,,15004.1,-13637.0,0,
382800177,3828,ПК176,177,Мю,176,,,14995.3,-13641.9,0,
382800178,3828,ПК177,178,Мю,177,,,14986.5,-13646.6,0,
382800179,3828,ПК178,179,Мю,178,,,14977.6,-13651.2,0,
382800180,3828,ПК179,180,Мю,179,,,14968.7,-13655.8,0,
382800181,3828,ПК180,181,Мю,180,,,14959.8,-13660.2,0,
382800182,3828,ПК181,182,Мю,181,,,14950.8,-13664.5,0,
382800183,3828,ПК182,183,Мю,182,,,14941.6,-13668.7,0,
382800184,3828,ПК183,184,Мю,183,,,14932.5,-13672.6,0,
382800185,3828,ПК184,185,Мю,184,,,14923.2,-13676.5,0,
382800186,3828,ПК185,186,Мю,185,,,14914.0,-13680.2,0,
382800187,3828,ПК186,187,Мю,186,,,14904.6,-13683.8,0,
382800188,3828,ПК187,188,Мю,187,,,14895.3,-13687.3,0,
382800189,3828,ПК188,189,Мю,188,,,14885.9,-13690.7,0,
382800190,3828,ПК189,190,Мю,189,,,14876.4,-13694.1,0,
382800191,3828,ПК190,191,Мю,190,,,14867.0,-13697.3,0,
382800192,3828,ПК191,192,Мю,191,,,14857.4,-13700.3,0,
382800193,3828,ПК192,193,Мю,192,,,14847.9,-13703.2,0,
382800194,3828,ПК193,194,Мю,193,,,14838.3,-13706.0,0,
382800195,3828,ПК194,195,Мю,194,,,14828.6,-13708.7,0,
382800196,3828,ПК195,196,Мю,195,,,14819.0,-13711.3,0,
382800197,3828,ПК196,197,Мю,196,,,14809.3,-13713.8,0,
382800198,3828,ПК197,198,Мю,197,,,14799.6,-13716.2,0,
382800199,3828,ПК198,199,Мю,198,,,14789.8,-13718.4,0,
382800200,3828,ПК199,200,Мю,199,,,14780.1,-13720.5,0,
382800201,3828,ПК200,201,Мю,200,,,14770.3,-13722.5,4,сопряжение с место 6
382800202,3828,ПК201,202,Мю,201,,,14760.4,-13724.2,1,
382800203,3828,ПК202,203,Мю,202,,,14750.5,-13725.9,1,
382800204,3828,ПК203,204,Мю,203,,,14740.7,-13727.4,3,
382800205,3828,ПК204,205,Мю,204,,,14730.8,-13728.9,4,
382800206,3828,ПК205,206,Мю,205,,,14720.9,-13730.3,3,
382800207,3828,ПК206,207,Мю,206,,,14711.0,-13731.7,3,
382800208,3828,ПК207,208,Мю,207,,,14701.0,-13732.9,1,
382800209,3828,ПК208,209,Мю,208,,,14691.1,-13734.1,1,
382800210,3828,ПК209,210,Мю,209,,,14681.2,-13735.1,3,
382800211,3828,ПК210,211,Мю,210,,,14671.2,-13736.1,2,
382800212,3828,ПК211,212,Мю,211,,,14661.3,-13737.0,2,
382800213,3828,ПК212,213,Мю,212,,,14651.3,-13737.9,2,
382800214,3828,ПК213,214,Мю,213,,,14641.3,-13738.6,2,
382800215,3828,ПК214,215,Мю,214,,,14631.4,-13739.4,3,
382800216,3828,ПК215,216,Мю,215,,,14621.4,-13740.0,3,
382800217,3828,ПК216,217,Мю,216,,,14611.4,-13740.6,2,
382800218,3828,ПК217,218,Мю,217,,,14601.4,-13741.0,3,
382800219,3828,ПК218,219,Мю,218,,,14591.4,-13741.4,2,
382800220,3828,ПК219,220,Мю,219,,,14581.4,-13741.5,2,
382800221,3828,ПК220,221,Мю,220,,,14571.4,-13741.6,3,
382800222,3828,ПК221,222,Мю,221,,,14561.4,-13741.6,2,
382800223,3828,ПК222,223,Мю,222,,,14551.4,-13741.4,3,
382800224,3828,ПК223,224,Мю,223,,,14541.4,-13741.1,2,
382800225,3828,ПК224,225,Мю,224,,,14531.4,-13740.5,2,
382800226,3828,ПК225,226,Мю,225,,,14521.5,-13739.8,2,
382800227,3828,ПК226,227,Мю,226,,,14511.5,-13739.0,2,
382800228,3828,ПК227,228,Мю,227,,,14501.5,-13738.1,2,
382800229,3828,ПК228,229,Мю,228,,,14491.6,-13737.1,2,
382800230,3828,ПК229,230,Мю,229,,,14481.6,-13736.0,8,
382800231,3828,ПК230,231,Мю,230,,,14471.7,-13734.9,16,
382800232,3828,ПК231,232,Мю,231,,,14461.7,-13733.9,8,
382800233,3828,ПК232,233,Мю,232,,,14451.8,-13732.9,2,
382800234,3828,ПК233,234,Мю,233,,,14441.8,-13732.0,2,
382800235,3828,ПК234,235,Мю,234,,,14431.9,-13731.1,2,
382800236,3828,ПК235,236,Мю,235,,,14421.9,-13730.2,3,
382800237,3828,ПК236,237,Мю,236,,,14412.0,-13729.3,2,
382800238,3828,ПК237,238,Мю,237,,,14402.0,-13728.4,2,
382800239,3828,ПК238,239,Мю,238,,,14392.1,-13727.4,4,
382800240,3828,ПК239,240,Мю,239,,,14382.1,-13726.4,1,
382800241,3828,ПК240,241,Мю,240,,,14372.2,-13725.3,1,
382800242,3828,ПК241,242,Мю,241,,,14362.2,-13724.2,1,
382800243,3828,ПК242,243,Мю,242,,,14352.3,-13722.9,3,
382800244,3828,ПК243,244,Мю,243,,,14342.4,-13721.6,1,
382800245,3828,ПК244,245,Мю,244,,,14332.5,-13720.2,1,
382800246,3828,ПК245,246,Мю,245,,,14322.6,-13718.7,1,
382800247,3828,ПК246,247,Мю,246,,,14312.7,-13717.1,1,
382800248,3828,ПК247,248,Мю,247,,,14302.9,-13715.5,2,
382800249,3828,ПК248,249,Мю,248,,,14293.0,-13713.7,1,
382800250,3828,ПК249,250,Мю,249,,,14283.2,-13711.7,2,
382800251,3828,ПК250,251,Мю,250,,,14273.5,-13709.5,1,
382800252,3828,ПК251,252,Мю,251,,,14263.8,-13707.1,0,
382800253,3828,ПК252,253,Мю,252,,,14254.1,-13704.5,3,
382800254,3828,ПК253,254,Мю,253,,,14244.5,-13701.6,1,
382800255,3828,ПК254,255,Мю,254,,,14235.0,-13698.6,2,
382800256,3828,ПК255,256,Мю,255,,,14225.5,-13695.4,2,
382800257,3828,ПК256,257,Мю,256,,,14216.1,-13692.0,2,
382800258,3828,ПК257,258,Мю,257,,,14206.8,-13688.5,3,
382800259,3828,ПК258,259,Мю,258,,,14197.5,-13684.7,3,
382800260,3828,ПК259,260,Мю,259,,,14188.3,-13680.7,2,
382800261,3828,ПК260,261,Мю,260,,,14179.3,-13676.4,3,
382800262,3828,ПК261,262,Мю,261,,,14170.3,-13672.0,3,
382800263,3828,ПК262,263,Мю,262,,,14161.4,-13667.5,9,
382800264,3828,ПК263,264,Мю,263,,,14152.6,-13662.7,6,
382800265,3828,ПК264,265,Мю,264,,,14143.9,-13657.7,17,
382800266,3828,ПК265,266,Мю,265,,,14135.3,-13652.7,3,
382800267,3828,ПК266,267,Мю,266,,,14126.8,-13647.4,2,
382800268,3828,ПК267,268,Мю,267,,,14118.5,-13641.9,2,
382800269,3828,ПК268,269,Мю,268,,,14110.2,-13636.2,2,
382800270,3828,ПК269,270,Мю,269,,,14102.1,-13630.4,5,
382800271,3828,ПК270,271,Мю,270,,,14094.1,-13624.4,10,
382800272,3828,ПК271,272,Мю,271,,,14086.3,-13618.1,2,
382800273,3828,ПК272,273,Мю,272,,,14078.6,-13611.8,2,
382800274,3828,ПК273,274,Мю,273,,,14071.0,-13605.3,2,
382800275,3828,ПК274,275,Мю,274,,,14063.5,-13598.7,3,
382800276,3828,ПК275,276,Мю,275,,,14056.0,-13592.0,3,
382800277,3828,ПК276,277,Мю,276,,,14048.6,-13585.4,2,
382800278,3828,ПК277,278,Мю,277,,,14041.1,-13578.7,2,
382800279,3828,ПК278,279,Мю,278,,,14033.7,-13572.0,1,
382800280,3828,ПК279,280,Мю,279,,,14026.3,-13565.3,1,
382800281,3828,ПК280,281,Мю,280,,,14018.9,-13558.5,6,
382800282,3828,ПК281,282,Мю,281,,,14011.6,-13551.7,2,
382800283,3828,ПК282,283,Мю,282,,,14004.3,-13544.8,4,
382800284,3828,ПК283,284,Мю,283,,,13997.1,-13537.9,8,
382800285,3828,ПК284,285,Мю,284,,,13990.0,-13530.9,10,
382800286,3828,ПК285,286,Мю,285,,,13982.9,-13523.8,2,
382800287,3828,ПК286,287,Мю,286,,,13975.9,-13516.6,1,
382800288,3828,ПК287,288,Мю,287,,,13969.0,-13509.5,1,
382800289,3828,ПК288,289,Мю,288,,,13962.0,-13502.3,2,
382800290,3828,ПК289,290,Мю,289,,,13955.1,-13495.1,3,
382800291,3828,ПК290,291,Мю,290,,,13948.2,-13487.9,1,
382800292,3828,ПК291,292,Мю,291,,,13941.3,-13480.6,3,
382800293,3828,ПК292,293,Мю,292,,,13934.6,-13473.2,2,
382800294,3828,ПК293,294,Мю,293,,,13928.0,-13465.6,2,
382800295,3828,ПК294,295,Мю,294,,,13921.5,-13458.1,3,
382800296,3828,ПК295,296,Мю,295,,,13915.1,-13450.4,1,
382800297,3828,ПК296,297,Мю,296,,,13908.8,-13442.6,3,
382800298,3828,ПК297,298,Мю,297,,,13902.6,-13434.8,3,
382800299,3828,ПК298,299,Мю,298,,,13896.5,-13426.8,5,
382800300,3828,ПК299,300,Мю,299,,,13890.5,-13418.8,15,
382800301,3828,ПК300,301,Мю,300,,,13884.6,-13410.8,3,
382800302,3828,ПК301,302,Мю,301,,,13878.7,-13402.7,3,
382800303,3828,ПК302,303,Мю,302,,,13872.8,-13394.6,2,
382800304,3828,ПК303,304,Мю,303,,,13867.1,-13386.4,2,
382800305,3828,ПК304,305,Мю,304,,,13861.4,-13378.2,2,
382800306,3828,ПК305,306,Мю,305,,,13855.8,-13369.9,2,
382800307,3828,ПК306,307,Мю,306,,,13850.3,-13361.6,4,
382800308,3828,ПК307,308,Мю,307,,,13844.8,-13353.2,2,
382800309,3828,ПК308,309,Мю,308,,,13839.4,-13344.8,2,
382800310,3828,ПК309,310,Мю,309,,,13834.3,-13336.2,3,
382800311,3828,ПК310,311,Мю,310,,,13829.2,-13327.5,18,
382800312,3828,ПК311,312,Мю,311,,,13824.4,-13318.8,5,
382800313,3828,ПК312,313,Мю,312,,,13819.8,-13309.9,1,
382800314,3828,ПК313,314,Мю,313,,,13815.2,-13301.0,1,
382800315,3828,ПК314,315,Мю,314,,,13810.7,-13292.1,2,
382800316,3828,ПК315,316,Мю,315,,,13806.4,-13283.1,1,
382800317,3828,ПК316,317,Мю,316,,,13802.1,-13274.1,1,
382800318,3828,ПК317,318,Мю,317,,,13797.8,-13265.0,1,
382800319,3828,ПК318,319,Мю,318,,,13793.6,-13255.9,1,
382800320,3828,ПК319,320,Мю,319,,,13789.4,-13246.9,2,
382800321,3828,ПК320,321,Мю,320,,,13785.2,-13237.8,1,
382800322,3828,ПК321,322,Мю,321,,,13780.9,-13228.7,1,
382800323,3828,ПК322,323,Мю,322,,,13776.7,-13219.7,1,
382800324,3828,ПК323,324,Мю,323,,,13772.4,-13210.7,2,
382800325,3828,ПК324,325,Мю,324,,,13768.1,-13201.7,3,
382800326,3828,ПК325,326,Мю,325,,,13763.8,-13192.6,4,
382800327,3828,ПК326,327,Мю,326,,,13759.5,-13183.6,3,
382800328,3828,ПК327,328,Мю,327,,,13755.2,-13174.5,2,
382800329,3828,ПК328,329,Мю,328,,,13751.1,-13165.4,2,
382800330,3828,ПК329,330,Мю,329,,,13747.0,-13156.3,1,
382800331,3828,ПК330,331,Мю,330,,,13742.9,-13147.2,2,
382800332,3828,ПК331,332,Мю,331,,,13738.9,-13138.0,2,
382800333,3828,ПК332,333,Мю,332,,,13734.8,-13128.9,2,
382800334,3828,ПК333,334,Мю,333,,,13730.8,-13119.8,3,
382800335,3828,ПК334,335,Мю,334,,,13726.7,-13110.6,2,
382800336,3828,ПК335,336,Мю,335,,,13722.6,-13101.5,2,
382800337,3828,ПК336,337,Мю,336,,,13718.6,-13092.3,2,
382800338,3828,ПК337,338,Мю,337,,,13714.6,-13083.2,2,
382800339,3828,ПК338,339,Мю,338,,,13710.6,-13074.0,8,
382800340,3828,ПК339,340,Мю,339,,,13706.7,-13064.8,5,
382800341,3828,ПК340,341,Мю,340,,,13702.8,-13055.6,15,
382800342,3828,ПК341,342,Мю,341,,,13698.9,-13046.4,5,
382800343,3828,ПК342,343,Мю,342,,,13694.9,-13037.2,2,
382800344,3828,ПК343,344,Мю,343,,,13690.9,-13028.0,2,
382800345,3828,ПК344,345,Мю,344,,,13686.9,-13018.9,3,
382800346,3828,ПК345,346,Мю,345,,,13682.7,-13009.8,2,
382800347,3828,ПК346,347,Мю,346,,,13678.6,-13000.7,2,
382800348,3828,ПК347,348,Мю,347,,,13674.4,-12991.6,2,
382800349,3828,ПК348,349,Мю,348,,,13670.2,-12982.5,3,
382800350,3828,ПК349,350,Мю,349,,,13665.9,-12973.5,2,
382800351,3828,ПК350,351,Мю,350,,,13661.6,-12964.5,1,
382800352,3828,ПК351,352,Мю,351,,,13657.2,-12955.5,1,
382800353,3828,ПК352,353,Мю,352,,,13652.6,-12946.6,1,
382800354,3828,ПК353,354,Мю,353,,,13648.0,-12937.7,5,
382800355,3828,ПК354,355,Мю,354,,,13643.3,-12928.9,3,
382800356,3828,ПК355,356,Мю,355,,,13638.5,-12920.1,5,
382800357,3828,ПК356,357,Мю,356,,,13633.7,-12911.4,4,
382800358,3828,ПК357,358,Мю,357,,,13628.7,-12902.7,5,
382800359,3828,ПК358,359,Мю,358,,,13623.8,-12894.0,2,
382800360,3828,ПК359,360,Мю,359,,,13618.8,-12885.3,2,
382800361,3828,ПК360,361,Мю,360,,,13613.8,-12876.7,1,
382800362,3828,ПК361,362,Мю,361,,,13608.7,-12868.0,1,
382800363,3828,ПК362,363,Мю,362,,,13603.6,-12859.4,1,
382800364,3828,ПК363,364,Мю,363,,,13598.4,-12850.9,2,
382800365,3828,ПК364,365,Мю,364,,,13593.1,-12842.5,1,
382800366,3828,ПК365,366,Мю,365,,,13587.6,-12834.1,1,
382800367,3828,ПК366,367,Мю,366,,,13582.0,-12825.8,1,
382800368,3828,ПК367,368,Мю,367,,,13576.3,-12817.6,1,
382800369,3828,ПК368,369,Мю,368,,,13570.5,-12809.5,2,
382800370,3828,ПК369,370,Мю,369,,,13564.5,-12801.5,1,
382800371,3828,ПК370,371,Мю,370,,,13558.4,-12793.5,1,
382800372,3828,ПК371,372,Мю,371,,,13552.1,-12785.7,4,
382800373,3828,ПК372,373,Мю,372,,,13545.8,-12778.0,4,
382800374,3828,ПК373,374,Мю,373,,,13539.3,-12770.4,4,
382800375,3828,ПК374,375,Мю,374,,,13532.7,-12762.8,3,
382800376,3828,ПК375,376,Мю,375,,,13526.0,-12755.4,2,
382800377,3828,ПК376,377,Мю,376,,,13519.2,-12748.1,2,
382800378,3828,ПК377,378,Мю,377,,,13512.3,-12740.9,2,
382800379,3828,ПК378,379,Мю,378,,,13505.2,-12733.8,2,
382800380,3828,ПК379,380,Мю,379,,,13498.1,-12726.8,3,
382800381,3828,ПК380,381,Мю,380,,,13490.9,-12719.9,2,
382800382,3828,ПК381,382,Мю,381,,,13483.6,-12713.1,2,
382800383,3828,ПК382,383,Мю,382,,,13476.2,-12706.2,3,
382800384,3828,ПК383,384,Мю,383,,,13468.9,-12699.5,4,
382800385,3828,ПК384,385,Мю,384,,,13461.5,-12692.7,2,
382800386,3828,ПК385,386,Мю,385,,,13454.1,-12686.0,1,
382800387,3828,ПК386,387,Мю,386,,,13446.5,-12679.4,3,
382800388,3828,ПК387,388,Мю,387,,,13439.0,-12672.9,2,
382800389,3828,ПК388,389,Мю,388,,,13431.3,-12666.5,4,
382800390,3828,ПК389,390,Мю,389,,,13423.6,-12660.1,2,
382800391,3828,ПК390,391,Мю,390,,,13415.8,-12653.9,1,
382800392,3828,ПК391,392,Мю,391,,,13408.0,-12647.7,2,
382800393,3828,ПК392,393,Мю,392,,,13400.0,-12641.5,1,
382800394,3828,ПК393,394,Мю,393,,,13392.1,-12635.5,1,
382800395,3828,ПК394,395,Мю,394,,,13384.0,-12629.6,1,
382800396,3828,ПК395,396,Мю,395,,,13375.9,-12623.7,1,
382800397,3828,ПК396,397,Мю,396,,,13367.8,-12617.9,2,
382800398,3828,ПК397,398,Мю,397,,,13359.6,-12612.1,1,
382800399,3828,ПК398,399,Мю,398,,,13351.4,-12606.4,8,
382800400,3828,ПК399,400,Мю,399,,,13343.2,-12600.7,76,
382800401,3828,ПК400,401,Мю,400,,,13334.9,-12595.1,4,
382800402,3828,ПК401,402,Мю,401,,,13326.7,-12589.5,6,
382800403,3828,ПК402,403,Мю,402,,,13318.4,-12583.9,3,
382800404,3828,ПК403,404,Мю,403,,,13310.1,-12578.3,1,
382800405,3828,ПК404,405,Мю,404,,,13301.8,-12572.7,2,
382800406,3828,ПК405,406,Мю,405,,,13293.4,-12567.2,2,
382800407,3828,ПК406,407,Мю,406,,,13285.0,-12561.8,2,
382800408,3828,ПК407,408,Мю,407,,,13276.5,-12556.6,1,
382800409,3828,ПК408,409,Мю,408,,,13267.9,-12551.4,1,
382800410,3828,ПК409,410,Мю,409,,,13259.3,-12546.4,1,
382800411,3828,ПК410,411,Мю,410,,,13250.6,-12541.5,2,
382800412,3828,ПК411,412,Мю,411,,,13241.7,-12536.8,2,
382800413,3828,ПК412,413,Мю,412,,,13232.8,-12532.2,1,
382800414,3828,ПК413,414,Мю,413,,,13223.9,-12527.7,2,
382800415,3828,ПК414,415,Мю,414,,,13214.9,-12523.4,2,
382800416,3828,ПК415,416,Мю,415,,,13205.9,-12519.1,2,
382800417,3828,ПК416,417,Мю,416,,,13196.8,-12514.9,2,
382800418,3828,ПК417,418,Мю,417,,,13187.7,-12510.8,1,
382800419,3828,ПК418,419,Мю,418,,,13178.5,-12506.8,1,
382800420,3828,ПК419,420,Мю,419,,,13169.3,-12502.9,1,
382800421,3828,ПК420,421,Мю,420,,,13160.1,-12499.1,6,
382800422,3828,ПК421,422,Мю,421,,,13150.7,-12495.4,3,
382800423,3828,ПК422,423,Мю,422,,,13141.4,-12491.9,3,
382800424,3828,ПК423,424,Мю,423,,,13132.0,-12488.5,1,
382800425,3828,ПК424,425,Мю,424,,,13122.5,-12485.2,2,
382800426,3828,ПК425,426,Мю,425,,,13113.0,-12482.0,3,
382800427,3828,ПК426,427,Мю,426,,,13103.5,-12479.0,2,
382800428,3828,ПК427,428,Мю,427,,,13094.0,-12475.9,2,
382800429,3828,ПК428,429,Мю,428,,,13084.4,-12473.0,3,
382800430,3828,ПК429,430,Мю,429,,,13074.8,-12470.2,10,
382800431,3828,ПК430,431,Мю,430,,,13065.2,-12467.4,8,
382800432,3828,ПК431,432,Мю,431,,,13055.6,-12464.8,1,
382800433,3828,ПК432,433,Мю,432,,,13045.9,-12462.2,0,
382800434,3828,ПК433,434,Мю,433,,,13036.2,-12459.7,2,
382800435,3828,ПК434,435,Мю,434,,,13026.5,-12457.3,1,
382800436,3828,ПК435,436,Мю,435,,,13016.8,-12455.0,1,
382800437,3828,ПК436,437,Мю,436,,,13007.1,-12452.8,1,
382800438,3828,ПК437,438,Мю,437,,,12997.3,-12450.8,1,
382800439,3828,ПК438,439,Мю,438,,,12987.5,-12448.8,3,
382800440,3828,ПК439,440,Мю,439,,,12977.6,-12447.1,1,
382800441,3828,ПК440,441,Мю,440,,,12967.7,-12445.6,2,
382800442,3828,ПК441,442,Мю,441,,,12957.8,-12444.2,1,
382800443,3828,ПК442,443,Мю,442,,,12947.9,-12443.2,1,
382800444,3828,ПК443,444,Мю,443,,,12937.9,-12442.3,2,
382800445,3828,ПК444,445,Мю,444,,,12927.9,-12441.6,1,
382800446,3828,ПК445,446,Мю,445,,,12917.9,-12441.2,1,
382800447,3828,ПК446,447,Мю,446,,,12907.9,-12441.0,5,
382800448,3828,ПК447,448,Мю,447,,,12897.9,-12441.1,10,
382800449,3828,ПК448,449,Мю,448,,,12887.9,-12441.4,3,
382800450,3828,ПК449,450,Мю,449,,,12878.0,-12441.9,0,
382800451,3828,ПК450,451,Мю,450,,,12868.0,-12442.6,1,
382800452,3828,ПК451,452,Мю,451,,,12858.0,-12443.5,2,
382800453,3828,ПК452,453,Мю,452,,,12848.1,-12444.5,1,
382800454,3828,ПК453,454,Мю,453,,,12838.1,-12445.7,1,
382800455,3828,ПК454,455,Мю,454,,,12828.2,-12447.1,2,
382800456,3828,ПК455,456,Мю,455,,,12818.3,-12448.5,2,
382800457,3828,ПК456,457,Мю,456,,,12808.5,-12450.0,1,
382800458,3828,ПК457,458,Мю,457,,,12798.6,-12451.6,3,
382800459,3828,ПК458,459,Мю,458,,,12788.7,-12453.3,2,
382800460,3828,ПК459,460,Мю,459,,,12778.9,-12455.1,14,
382800461,3828,ПК460,461,Мю,460,,,12769.1,-12457.1,7,
382800462,3828,ПК461,462,Мю,461,,,12759.3,-12459.2,2,
382800463,3828,ПК462,463,Мю,462,,,12749.6,-12461.5,2,
382800464,3828,ПК463,464,Мю,463,,,12739.9,-12463.9,1,
382800465,3828,ПК464,465,Мю,464,,,12730.2,-12466.5,1,
382800466,3828,ПК465,466,Мю,465,,,12720.6,-12469.3,2,
382800467,3828,ПК466,467,Мю,466,,,12711.1,-12472.3,1,
382800468,3828,ПК467,468,Мю,467,,,12701.6,-12475.3,1,
382800469,3828,ПК468,469,Мю,468,,,12692.1,-12478.6,1,
382800470,3828,ПК469,470,Мю,469,,,12682.7,-12481.9,1,
382800471,3828,ПК470,471,Мю,470,,,12673.3,-12485.3,6,
382800472,3828,ПК471,472,Мю,471,,,12663.9,-12488.8,4,
382800473,3828,ПК472,473,Мю,472,,,12654.5,-12492.3,1,
382800474,3828,ПК473,474,Мю,473,,,12645.2,-12496.0,1,
382800475,3828,ПК474,475,Мю,474,,,12635.9,-12499.7,1,
382800476,3828,ПК475,476,Мю,475,,,12626.7,-12503.4,1,
382800477,3828,ПК476,477,Мю,476,,,12617.4,-12507.2,1,
382800478,3828,ПК477,478,Мю,477,,,12608.1,-12510.9,1,
382800479,3828,ПК478,479,Мю,478,,,12598.8,-12514.6,1,
382800480,3828,ПК479,480,Мю,479,,,12589.5,-12518.4,2,
382800481,3828,ПК480,481,Мю,480,,,12580.3,-12522.1,1,
382800482,3828,ПК481,482,Мю,481,,,12571.1,-12526.0,1,
382800483,3828,ПК482,483,Мю,482,,,12561.9,-12529.9,1,
382800484,3828,ПК483,484,Мю,483,,,12552.7,-12533.9,1,
382800485,3828,ПК484,485,Мю,484,,,12543.5,-12537.9,2,
382800486,3828,ПК485,486,Мю,485,,,12534.4,-12541.9,1,
382800487,3828,ПК486,487,Мю,486,,,12525.2,-12546.0,4,
382800488,3828,ПК487,488,Мю,487,,,12516.1,-12550.1,1,
382800489,3828,ПК488,489,Мю,488,,,12507.1,-12554.3,5,
382800490,3828,ПК489,490,Мю,489,,,12498.1,-12558.7,15,
382800491,3828,ПК490,491,Мю,490,,,12489.1,-12563.1,3,
382800492,3828,ПК491,492,Мю,491,,,12480.2,-12567.6,1,
382800493,3828,ПК492,493,Мю,492,,,12471.3,-12572.2,2,
382800494,3828,ПК493,494,Мю,493,,,12462.5,-12576.9,1,
382800495,3828,ПК494,495,Мю,494,,,12453.6,-12581.6,1,
382800496,3828,ПК495,496,Мю,495,,,12444.8,-12586.4,1,
382800497,3828,ПК496,497,Мю,496,,,12436.0,-12591.1,3,
382800498,3828,ПК497,498,Мю,497,,,12427.2,-12595.7,1,
382800499,3828,ПК498,499,Мю,498,,,12418.3,-12600.3,1,
382800500,3828,ПК499,500,Мю,499,,,12409.3,-12604.8,3,
382800501,3828,ПК500,501,Мю,500,,,12400.3,-12609.2,3,сопряжение с место 22
382800502,3828,ПК60 Г1 ПК0,502,Мю,0,Г1,60,15804.3,-12839.0,1,
382800503,3828,ПК60 Г1 ПК1,503,Мю,1,Г1,60,15811.8,-12845.6,1,
382800504,3828,ПК60 Г1 ПК2,504,Мю,2,Г1,60,15819.3,-12852.2,0,
382800505,3828,ПК60 Г1 ПК3,505,Мю,3,Г1,60,15826.8,-12858.8,0,
382800506,3828,ПК60 Г1 ПК4,506,Мю,4,Г1,60,15834.2,-12865.6,0,
382800507,3828,ПК60 Г1 ПК5,507,Мю,5,Г1,60,15841.5,-12872.4,0,
382800508,3828,ПК60 Г1 ПК6,508,Мю,6,Г1,60,15848.7,-12879.2,0,
382800509,3828,ПК60 Г1 ПК7,509,Мю,7,Г1,60,15855.9,-12886.2,0,
382800510,3828,ПК60 Г1 ПК8,510,Мю,8,Г1,60,15863.0,-12893.2,0,
382800511,3828,ПК60 Г1 ПК9,511,Мю,9,Г1,60,15870.1,-12900.4,0,
382800512,3828,ПК60 Г1 ПК10,512,Мю,10,Г1,60,15877.0,-12907.6,0,
382800513,3828,ПК60 Г1 ПК11,513,Мю,11,Г1,60,15883.9,-12914.8,0,
382800514,3828,ПК60 Г1 ПК12,514,Мю,12,Г1,60,15890.7,-12922.2,0,
382800515,3828,ПК60 Г1 ПК13,515,Мю,13,Г1,60,15897.4,-12929.6,0,
382800516,3828,ПК60 Г1 ПК14,516,Мю,14,Г1,60,15904.0,-12937.1,0,
382800517,3828,ПК60 Г1 ПК15,517,Мю,15,Г1,60,15910.5,-12944.6,0,
382800518,3828,ПК60 Г1 ПК16,518,Мю,16,Г1,60,15917.0,-12952.2,0,
382800519,3828,ПК60 Г1 ПК17,519,Мю,17,Г1,60,15923.5,-12959.9,0,
382800520,3828,ПК60 Г1 ПК18,520,Мю,18,Г1,60,15929.9,-12967.6,2,
382800521,3828,ПК61 Г1 ПК0,521,Мю,0,Г1,61,15797.8,-12846.6,4,
382800522,3828,ПК61 Г1 ПК1,522,Мю,1,Г1,61,15789.2,-12841.5,2,
382800523,3828,ПК61 Г1 ПК2,523,Мю,2,Г1,61,15780.6,-12836.4,1,
382800524,3828,ПК61 Г1 ПК3,524,Мю,3,Г1,61,15772.0,-12831.3,1,
382800525,3828,ПК61 Г1 ПК4,525,Мю,4,Г1,61,15763.4,-12826.2,1,
382800526,3828,ПК61 Г1 ПК5,526,Мю,5,Г1,61,15754.8,-12821.1,2,
382800527,3828,ПК61 Г1 ПК6,527,Мю,6,Г1,61,15746.2,-12816.0,1,
382800528,3828,ПК61 Г1 ПК7,528,Мю,7,Г1,61,15737.5,-12811.0,1,
382800529,3828,ПК61 Г1 ПК8,529,Мю,8,Г1,61,15728.9,-12806.0,1,
382800530,3828,ПК61 Г1 ПК9,530,Мю,9,Г1,61,15720.2,-12801.0,1,
382800531,3828,ПК61 Г1 ПК10,531,Мю,10,Г1,61,15711.5,-12796.1,2,
382800532,3828,ПК61 Г1 ПК11,532,Мю,11,Г1,61,15702.8,-12791.2,1,
382800533,3828,ПК61 Г1 ПК12,533,Мю,12,Г1,61,15694.0,-12786.4,2,
382800534,3828,ПК61 Г1 ПК13,534,Мю,13,Г1,61,15685.3,-12781.5,1,
382800535,3828,ПК61 Г1 ПК14,535,Мю,14,Г1,61,15676.5,-12776.7,2,
382800536,3828,ПК61 Г1 ПК15,536,Мю,15,Г1,61,15667.7,-12771.9,5,
382800537,3828,ПК61 Г1 ПК16,537,Мю,16,Г1,61,15658.9,-12767.2,3,
382800538,3828,ПК61 Г1 ПК17,538,Мю,17,Г1,61,15650.1,-12762.4,0,
382800539,3828,ПК61 Г1 ПК18,539,Мю,18,Г1,61,15641.3,-12757.8,11,
382800540,3828,ПК77 Г2 ПК0,540,Мю,0,Г2,77,15704.8,-12976.7,3,
382800541,3828,ПК77 Г2 ПК1,541,Мю,1,Г2,77,15696.7,-12970.8,1,
382800542,3828,ПК77 Г2 ПК2,542,Мю,2,Г2,77,15688.6,-12964.9,1,
382800543,3828,ПК77 Г2 ПК3,543,Мю,3,Г2,77,15680.5,-12959.0,2,
382800544,3828,ПК77 Г2 ПК4,544,Мю,4,Г2,77,15672.5,-12953.1,2,
382800545,3828,ПК77 Г2 ПК5,545,Мю,5,Г2,77,15664.5,-12947.1,3,
382800546,3828,ПК77 Г2 ПК6,546,Мю,6,Г2,77,15656.5,-12941.1,4,
382800547,3828,ПК77 Г2 ПК7,547,Мю,7,Г2,77,15648.5,-12935.1,6,
382800548,3828,ПК77 Г2 ПК8,548,Мю,8,Г2,77,15640.5,-12929.1,11,
406800001,4068,ПК0,1,Сигма,0,,,0.0,-18440.9,5,
406800002,4068,ПК1,2,Сигма,1,,,9.9,-18439.3,0,
406800003,4068,ПК2,3,Сигма,2,,,19.8,-18437.8,1,
406800004,4068,ПК3,4,Сигма,3,,,29.7,-18436.3,0,
406800005,4068,ПК4,5,Сигма,4,,,39.6,-18435.0,0,
406800006,4068,ПК5,6,Сигма,5,,,49.5,-18433.7,0,
406800007,4068,ПК6,7,Сигма,6,,,59.4,-18432.4,0,
406800008,4068,ПК7,8,Сигма,7,,,69.3,-18431.3,0,
406800009,4068,ПК8,9,Сигма,8,,,79.3,-18430.1,1,
406800010,4068,ПК9,10,Сигма,9,,,89.2,-18429.0,4,
406800011,4068,ПК10,11,Сигма,10,,,99.1,-18428.0,0,
406800012,4068,ПК11,12,Сигма,11,,,109.1,-18426.9,0,
406800013,4068,ПК12,13,Сигма,12,,,119.0,-18425.9,0,
406800014,4068,ПК13,14,Сигма,13,,,129.0,-18424.8,0,
406800015,4068,ПК14,15,Сигма,14,,,138.9,-18423.7,8,
406800016,4068,ПК15,16,Сигма,15,,,148.9,-18422.6,0,
406800017,4068,ПК16,17,Сигма,16,,,158.8,-18421.5,0,
406800018,4068,ПК17,18,Сигма,17,,,168.7,-18420.4,0,
406800019,4068,ПК18,19,Сигма,18,,,178.7,-18419.4,0,
406800020,4068,ПК19,20,Сигма,19,,,188.6,-18418.4,0,
406800021,4068,ПК20,21,Сигма,20,,,198.6,-18417.4,0,
406800022,4068,ПК21,22,Сигма,21,,,208.5,-18416.4,0,
406800023,4068,ПК22,23,Сигма,22,,,218.5,-18415.4,0,
406800024,4068,ПК23,24,Сигма,23,,,228.4,-18414.3,0,
406800025,4068,ПК24,25,Сигма,24,,,238.4,-18413.2,0,
406800026,4068,ПК25,26,Сигма,25,,,248.3,-18412.1,0,
406800027,4068,ПК26,27,Сигма,26,,,258.2,-18411.0,0,
406800028,4068,ПК27,28,Сигма,27,,,268.2,-18409.9,0,
406800029,4068,ПК28,29,Сигма,28,,,278.1,-18408.8,0,
406800030,4068,ПК29,30,Сигма,29,,,288.0,-18407.6,0,
406800031,4068,ПК30,31,Сигма,30,,,298.0,-18406.3,0,
406800032,4068,ПК31,32,Сигма,31,,,307.9,-18404.9,0,
406800033,4068,ПК32,33,Сигма,32,,,317.8,-18403.6,0,
406800034,4068,ПК33,34,Сигма,33,,,327.7,-18402.3,0,
406800035,4068,ПК34,35,Сигма,34,,,337.6,-18401.0,0,
406800036,4068,ПК35,36,Сигма,35,,,347.5,-18399.8,0,
406800037,4068,ПК36,37,Сигма,36,,,357.5,-18398.7,0,
406800038,4068,ПК37,38,Сигма,37,,,367.4,-18397.8,0,
406800039,4068,ПК38,39,Сигма,38,,,377.4,-18396.9,0,
406800040,4068,ПК39,40,Сигма,39,,,387.4,-18396.1,0,
406800041,4068,ПК40,41,Сигма,40,,,397.3,-18395.4,0,
406800042,4068,ПК41,42,Сигма,41,,,407.3,-18394.7,0,
406800043,4068,ПК42,43,Сигма,42,,,417.3,-18394.0,9,
406800044,4068,ПК43,44,Сигма,43,,,427.3,-18393.2,0,
406800045,4068,ПК44,45,Сигма,44,,,437.2,-18392.4,0,
406800046,4068,ПК45,46,Сигма,45,,,447.2,-18391.6,0,
406800047,4068,ПК46,47,Сигма,46,,,457.2,-18390.8,0,
406800048,4068,ПК47,48,Сигма,47,,,467.1,-18390.0,0,
406800049,4068,ПК48,49,Сигма,48,,,477.1,-18389.2,0,
406800050,4068,ПК49,50,Сигма,49,,,487.1,-18388.3,0,
406800051,4068,ПК50,51,Сигма,50,,,497.0,-18387.5,0,
406800052,4068,ПК51,52,Сигма,51,,,507.0,-18386.7,0,
406800053,4068,ПК52,53,Сигма,52,,,517.0,-18385.9,0,
406800054,4068,ПК53,54,Сигма,53,,,526.9,-18385.2,0,
406800055,4068,ПК54,55,Сигма,54,,,536.9,-18384.6,0,
406800056,4068,ПК55,56,Сигма,55,,,546.9,-18383.9,0,
406800057,4068,ПК56,57,Сигма,56,,,556.9,-18383.4,0,
406800058,4068,ПК57,58,Сигма,57,,,566.9,-18382.9,0,
406800059,4068,ПК58,59,Сигма,58,,,576.9,-18382.5,0,
406800060,4068,ПК59,60,Сигма,59,,,586.9,-18382.0,0,
406800061,4068,ПК60,61,Сигма,60,,,596.8,-18381.5,0,
406800062,4068,ПК61,62,Сигма,61,,,606.8,-18380.9,0,
406800063,4068,ПК62,63,Сигма,62,,,616.8,-18380.4,0,
406800064,4068,ПК63,64,Сигма,63,,,626.8,-18379.9,0,
406800065,4068,ПК64,65,Сигма,64,,,636.8,-18379.3,0,
406800066,4068,ПК65,66,Сигма,65,,,646.8,-18378.6,0,
406800067,4068,ПК66,67,Сигма,66,,,656.7,-18377.9,0,
406800068,4068,ПК67,68,Сигма,67,,,666.7,-18377.1,0,
406800069,4068,ПК68,69,Сигма,68,,,676.7,-18376.2,3,
406800070,4068,ПК69,70,Сигма,69,,,686.6,-18375.4,0,
406800071,4068,ПК70,71,Сигма,70,,,696.6,-18374.4,0,
406800072,4068,ПК71,72,Сигма,71,,,706.5,-18373.2,0,
406800073,4068,ПК72,73,Сигма,72,,,716.4,-18371.8,7,
406800074,4068,ПК73,74,Сигма,73,,,726.3,-18370.3,0,
406800075,4068,ПК74,75,Сигма,74,,,736.1,-18368.5,0,
406800076,4068,ПК75,76,Сигма,75,,,745.9,-18366.6,0,
406800077,4068,ПК76,77,Сигма,76,,,755.7,-18364.6,0,
406800078,4068,ПК77,78,Сигма,77,,,765.5,-18362.4,0,
406800079,4068,ПК78,79,Сигма,78,,,775.2,-18360.2,4,
435600001,4356,ПК0,1,Ро,0,,,2825.1,-17321.5,10,
435600002,4356,ПК1,2,Ро,1,,,2817.7,-17328.3,0,
435600003,4356,ПК2,3,Ро,2,,,2810.4,-17335.0,1,
435600004,4356,ПК3,4,Ро,3,,,2803.0,-17341.8,0,
435600005,4356,ПК4,5,Ро,4,,,2795.7,-17348.7,0,
435600006,4356,ПК5,6,Ро,5,,,2788.5,-17355.5,0,
435600007,4356,ПК6,7,Ро,6,,,2781.3,-17362.5,0,
435600008,4356,ПК7,8,Ро,7,,,2774.2,-17369.5,0,
435600009,4356,ПК8,9,Ро,8,,,2767.1,-17376.7,0,
435600010,4356,ПК9,10,Ро,9,,,2760.3,-17383.9,0,
435600011,4356,ПК10,11,Ро,10,,,2753.6,-17391.4,0,
435600012,4356,ПК11,12,Ро,11,,,2747.1,-17398.9,0,
435600013,4356,ПК12,13,Ро,12,,,2740.7,-17406.6,0,
435600014,4356,ПК13,14,Ро,13,,,2734.4,-17414.4,0,
435600015,4356,ПК14,15,Ро,14,,,2728.3,-17422.4,1,
435600016,4356,ПК15,16,Ро,15,,,2722.4,-17430.4,1,
435600017,4356,ПК16,17,Ро,16,,,2716.6,-17438.5,15,
435600018,4356,ПК17,18,Ро,17,,,2710.9,-17446.8,2,
435600019,4356,ПК18,19,Ро,18,,,2705.4,-17455.1,9,
435600020,4356,ПК19,20,Ро,19,,,2700.2,-17463.6,2,
435600021,4356,ПК20,21,Ро,20,,,2695.1,-17472.2,0,
435600022,4356,ПК21,22,Ро,21,,,2690.1,-17480.9,0,
435600023,4356,ПК22,23,Ро,22,,,2685.3,-17489.7,0,
435600024,4356,ПК23,24,Ро,23,,,2680.6,-17498.5,0,
435600025,4356,ПК24,25,Ро,24,,,2676.2,-17507.5,4,
435600026,4356,ПК25,26,Ро,25,,,2671.9,-17516.5,0,
435600027,4356,ПК26,27,Ро,26,,,2667.8,-17525.6,0,
435600028,4356,ПК27,28,Ро,27,,,2663.9,-17534.8,0,
435600029,4356,ПК28,29,Ро,28,,,2660.2,-17544.1,0,
435600030,4356,ПК29,30,Ро,29,,,2656.7,-17553.5,0,
435600031,4356,ПК30,31,Ро,30,,,2653.4,-17563.0,0,
435600032,4356,ПК31,32,Ро,31,,,2650.4,-17572.5,1,
435600033,4356,ПК32,33,Ро,32,,,2647.5,-17582.1,0,
435600034,4356,ПК33,34,Ро,33,,,2644.8,-17591.7,1,
435600035,4356,ПК34,35,Ро,34,,,2642.2,-17601.4,40,
435600036,4356,ПК35,36,Ро,35,,,2639.8,-17611.1,0,
435600037,4356,ПК36,37,Ро,36,,,2637.6,-17620.8,0,
435600038,4356,ПК37,38,Ро,37,,,2635.4,-17630.6,0,
435600039,4356,ПК38,39,Ро,38,,,2633.4,-17640.4,0,
435600040,4356,ПК39,40,Ро,39,,,2631.4,-17650.2,0,
435600041,4356,ПК40,41,Ро,40,,,2629.7,-17660.0,2,
435600042,4356,ПК41,42,Ро,41,,,2628.0,-17669.9,0,
435600043,4356,ПК42,43,Ро,42,,,2626.6,-17679.8,3,
435600044,4356,ПК43,44,Ро,43,,,2625.2,-17689.7,18,
435600045,4356,ПК44,45,Ро,44,,,2624.0,-17699.6,0,
435600046,4356,ПК45,46,Ро,45,,,2622.9,-17709.6,0,
435600047,4356,ПК46,47,Ро,46,,,2622.0,-17719.5,0,
435600048,4356,ПК47,48,Ро,47,,,2621.2,-17729.5,0,
435600049,4356,ПК48,49,Ро,48,,,2620.5,-17739.5,1,
435600050,4356,ПК49,50,Ро,49,,,2620.0,-17749.4,1,
435600051,4356,ПК50,51,Ро,50,,,2619.7,-17759.4,13,
435600052,4356,ПК51,52,Ро,51,,,2619.5,-17769.4,1,
435600053,4356,ПК52,53,Ро,52,,,2619.4,-17779.4,0,
435600054,4356,ПК53,54,Ро,53,,,2619.4,-17789.4,3,
435600055,4356,ПК54,55,Ро,54,,,2619.6,-17799.4,0,
435600056,4356,ПК55,56,Ро,55,,,2619.9,-17809.4,0,
435600057,4356,ПК56,57,Ро,56,,,2620.4,-17819.4,0,
435600058,4356,ПК57,58,Ро,57,,,2620.9,-17829.4,0,
435600059,4356,ПК58,59,Ро,58,,,2621.4,-17839.4,0,
435600060,4356,ПК59,60,Ро,59,,,2622.0,-17849.4,0,
435600061,4356,ПК60,61,Ро,60,,,2622.6,-17859.4,0,
435600062,4356,ПК61,62,Ро,61,,,2623.2,-17869.3,9,
435600063,4356,ПК62,63,Ро,62,,,2623.9,-17879.3,0,
435600064,4356,ПК63,64,Ро,63,,,2624.5,-17889.3,3,
435600065,4356,ПК64,65,Ро,64,,,2625.2,-17899.3,0,
435600066,4356,ПК65,66,Ро,65,,,2625.7,-17909.3,1,
435600067,4356,ПК66,67,Ро,66,,,2626.2,-17919.2,1,
435600068,4356,ПК67,68,Ро,67,,,2626.4,-17929.2,3,
435600069,4356,ПК68,69,Ро,68,,,2626.5,-17939.2,3,
435600070,4356,ПК69,70,Ро,69,,,2626.5,-17949.2,0,
435600071,4356,ПК70,71,Ро,70,,,2626.3,-17959.2,4,
435600072,4356,ПК71,72,Ро,71,,,2626.2,-17969.2,0,
435600073,4356,ПК72,73,Ро,72,,,2625.9,-17979.2,0,
435600074,4356,ПК73,74,Ро,73,,,2625.7,-17989.2,6,
435600075,4356,ПК74,75,Ро,74,,,2625.3,-17999.2,0,
435600076,4356,ПК75,76,Ро,75,,,2624.9,-18009.2,0,
435600077,4356,ПК76,77,Ро,76,,,2624.2,-18019.2,0,
435600078,4356,ПК77,78,Ро,77,,,2623.4,-18029.2,0,
435600079,4356,ПК78,79,Ро,78,,,2622.4,-18039.1,0,
435600080,4356,ПК79,80,Ро,79,,,2621.2,-18049.0,0,
435600081,4356,ПК80,81,Ро,80,,,2619.9,-18058.9,0,
435600082,4356,ПК81,82,Ро,81,,,2618.4,-18068.8,0,
435600083,4356,ПК82,83,Ро,82,,,2616.9,-18078.7,1,
435600084,4356,ПК83,84,Ро,83,,,2615.2,-18088.6,16,
435600085,4356,ПК84,85,Ро,84,,,2613.4,-18098.4,1,
435600086,4356,ПК85,86,Ро,85,,,2611.6,-18108.2,1,
435600087,4356,ПК86,87,Ро,86,,,2609.7,-18118.1,0,
435600088,4356,ПК87,88,Ро,87,,,2607.7,-18127.9,0,
435600089,4356,ПК88,89,Ро,88,,,2605.6,-18137.7,3,
435600090,4356,ПК89,90,Ро,89,,,2603.5,-18147.4,0,
435600091,4356,ПК90,91,Ро,90,,,2601.2,-18157.2,0,
435600092,4356,ПК91,92,Ро,91,,,2598.8,-18166.9,0,
435600093,4356,ПК92,93,Ро,92,,,2596.3,-18176.5,0,
435600094,4356,ПК93,94,Ро,93,,,2593.7,-18186.2,0,
435600095,4356,ПК94,95,Ро,94,,,2591.0,-18195.8,0,
435600096,4356,ПК95,96,Ро,95,,,2588.2,-18205.4,0,
435600097,4356,ПК96,97,Ро,96,,,2585.4,-18215.0,0,
435600098,4356,ПК97,98,Ро,97,,,2582.5,-18224.6,0,
435600099,4356,ПК98,99,Ро,98,,,2579.6,-18234.2,0,
435600100,4356,ПК99,100,Ро,99,,,2576.6,-18243.7,0,
435600101,4356,ПК100,101,Ро,100,,,2573.6,-18253.3,0,
435600102,4356,ПК101,102,Ро,101,,,2570.6,-18262.8,0,
435600103,4356,ПК102,103,Ро,102,,,2567.6,-18272.3,0,
435600104,4356,ПК103,104,Ро,103,,,2564.5,-18281.8,0,
435600105,4356,ПК104,105,Ро,104,,,2561.4,-18291.3,2,
435600106,4356,ПК105,106,Ро,105,,,2558.3,-18300.8,0,
435600107,4356,ПК106,107,Ро,106,,,2555.0,-18310.3,0,
435600108,4356,ПК107,108,Ро,107,,,2551.7,-18319.7,0,
435600109,4356,ПК108,109,Ро,108,,,2548.4,-18329.2,1,
435600110,4356,ПК109,110,Ро,109,,,2545.0,-18338.6,2,
435600111,4356,ПК110,111,Ро,110,,,2541.4,-18347.9,15,
435600112,4356,ПК111,112,Ро,111,,,2537.8,-18357.2,1,
435600113,4356,ПК112,113,Ро,112,,,2534.0,-18366.5,2,
435600114,4356,ПК113,114,Ро,113,,,2530.0,-18375.7,0,
435600115,4356,ПК114,115,Ро,114,,,2525.8,-18384.7,0,
435600116,4356,ПК115,116,Ро,115,,,2521.4,-18393.7,0,
435600117,4356,ПК116,117,Ро,116,,,2516.8,-18402.6,0,
435600118,4356,ПК117,118,Ро,117,,,2512.0,-18411.4,0,
435600119,4356,ПК118,119,Ро,118,,,2507.1,-18420.1,0,
435600120,4356,ПК119,120,Ро,119,,,2502.2,-18428.8,0,
435600121,4356,ПК120,121,Ро,120,,,2497.3,-18437.5,0,
435600122,4356,ПК121,122,Ро,121,,,2492.4,-18446.3,0,
435600123,4356,ПК122,123,Ро,122,,,2487.6,-18455.0,1,
435600124,4356,ПК123,124,Ро,123,,,2482.9,-18463.8,0,
435600125,4356,ПК124,125,Ро,124,,,2478.2,-18472.6,14,
435600126,4356,ПК125,126,Ро,125,,,2473.5,-18481.5,1,
435600127,4356,ПК126,127,Ро,126,,,2468.9,-18490.4,0,
435600128,4356,ПК127,128,Ро,127,,,2464.4,-18499.3,0,
435600129,4356,ПК128,129,Ро,128,,,2460.0,-18508.3,2,
435600130,4356,ПК129,130,Ро,129,,,2455.7,-18517.3,0,
435600131,4356,ПК130,131,Ро,130,,,2451.5,-18526.4,0,
435600132,4356,ПК131,132,Ро,131,,,2447.4,-18535.5,0,
435600133,4356,ПК132,133,Ро,132,,,2443.3,-18544.6,0,
435600134,4356,ПК133,134,Ро,133,,,2439.3,-18553.8,0,
435600135,4356,ПК134,135,Ро,134,,,2435.4,-18563.0,0,
435600136,4356,ПК135,136,Ро,135,,,2431.4,-18572.2,0,
435600137,4356,ПК136,137,Ро,136,,,2427.4,-18581.3,0,
435600138,4356,ПК137,138,Ро,137,,,2423.5,-18590.5,0,
435600139,4356,ПК138,139,Ро,138,,,2419.6,-18599.7,0,
435600140,4356,ПК139,140,Ро,139,,,2415.7,-18608.9,0,
435600141,4356,ПК140,141,Ро,140,,,2411.8,-18618.2,0,
435600142,4356,ПК141,142,Ро,141,,,2408.0,-18627.4,0,
435600143,4356,ПК142,143,Ро,142,,,2404.2,-18636.6,0,
435600144,4356,ПК143,144,Ро,143,,,2400.3,-18645.9,0,
435600145,4356,ПК144,145,Ро,144,,,2396.4,-18655.1,0,
435600146,4356,ПК145,146,Ро,145,,,2392.6,-18664.3,1,
435600147,4356,ПК146,147,Ро,146,,,2388.8,-18673.6,0,
435600148,4356,ПК147,148,Ро,147,,,2385.0,-18682.8,1,
435600149,4356,ПК148,149,Ро,148,,,2381.3,-18692.1,13,
435600150,4356,ПК149,150,Ро,149,,,2377.6,-18701.4,1,
435600151,4356,ПК150,151,Ро,150,,,2373.8,-18710.7,0,
435600152,4356,ПК151,152,Ро,151,,,2370.1,-18720.0,0,
435600153,4356,ПК152,153,Ро,152,,,2366.4,-18729.3,0,
435600154,4356,ПК153,154,Ро,153,,,2362.8,-18738.6,0,
435600155,4356,ПК154,155,Ро,154,,,2359.3,-18747.9,0,
435600156,4356,ПК155,156,Ро,155,,,2355.9,-18757.3,0,
435600157,4356,ПК156,157,Ро,156,,,2352.6,-18766.8,0,
435600158,4356,ПК157,158,Ро,157,,,2349.3,-18776.2,0,
435600159,4356,ПК158,159,Ро,158,,,2346.1,-18785.7,0,
435600160,4356,ПК159,160,Ро,159,,,2342.9,-18795.2,0,
435600161,4356,ПК160,161,Ро,160,,,2339.8,-18804.7,0,
435600162,4356,ПК161,162,Ро,161,,,2336.7,-18814.2,0,
435600163,4356,ПК162,163,Ро,162,,,2333.6,-18823.7,0,
435600164,4356,ПК163,164,Ро,163,,,2330.5,-18833.2,0,
435600165,4356,ПК164,165,Ро,164,,,2327.5,-18842.7,0,
435600166,4356,ПК165,166,Ро,165,,,2324.4,-18852.3,0,
435600167,4356,ПК166,167,Ро,166,,,2321.4,-18861.8,0,
435600168,4356,ПК167,168,Ро,167,,,2318.5,-18871.3,0,
435600169,4356,ПК168,169,Ро,168,,,2315.5,-18880.9,0,
435600170,4356,ПК169,170,Ро,169,,,2312.5,-18890.4,0,
435600171,4356,ПК170,171,Ро,170,,,2309.7,-18900.0,0,
435600172,4356,ПК171,172,Ро,171,,,2307.0,-18909.7,1,
435600173,4356,ПК172,173,Ро,172,,,2304.4,-18919.3,58,
435600174,4356,ПК173,174,Ро,173,,,2301.9,-18929.0,0,
435600175,4356,ПК174,175,Ро,174,,,2299.6,-18938.7,1,
435600176,4356,ПК175,176,Ро,175,,,2297.4,-18948.5,0,
435600177,4356,ПК176,177,Ро,176,,,2295.3,-18958.3,0,
435600178,4356,ПК177,178,Ро,177,,,2293.3,-18968.1,0,
435600179,4356,ПК178,179,Ро,178,,,2291.4,-18977.9,0,
435600180,4356,ПК179,180,Ро,179,,,2289.6,-18987.7,0,
435600181,4356,ПК180,181,Ро,180,,,2288.0,-18997.6,0,
435600182,4356,ПК181,182,Ро,181,,,2286.4,-19007.5,0,
435600183,4356,ПК182,183,Ро,182,,,2285.0,-19017.4,0,
435600184,4356,ПК183,184,Ро,183,,,2283.8,-19027.3,0,
435600185,4356,ПК184,185,Ро,184,,,2282.7,-19037.2,0,
435600186,4356,ПК185,186,Ро,185,,,2281.7,-19047.2,0,
435600187,4356,ПК186,187,Ро,186,,,2280.7,-19057.1,0,
435600188,4356,ПК187,188,Ро,187,,,2279.8,-19067.1,0,
435600189,4356,ПК188,189,Ро,188,,,2278.9,-19077.0,0,
435600190,4356,ПК189,190,Ро,189,,,2278.0,-19087.0,0,
435600191,4356,ПК190,191,Ро,190,,,2277.2,-19097.0,0,
435600192,4356,ПК191,192,Ро,191,,,2276.4,-19106.9,0,
435600193,4356,ПК192,193,Ро,192,,,2275.9,-19116.9,11,
435600194,4356,ПК193,194,Ро,193,,,2275.5,-19126.9,1,
435600195,4356,ПК194,195,Ро,194,,,2275.3,-19136.9,0,
435600196,4356,ПК195,196,Ро,195,,,2275.2,-19146.9,25,
435600197,4356,ПК196,197,Ро,196,,,2275.4,-19156.9,0,
435600198,4356,ПК197,198,Ро,197,,,2275.6,-19166.9,1,
435600199,4356,ПК198,199,Ро,198,,,2275.9,-19176.9,0,
435600200,4356,ПК199,200,Ро,199,,,2276.4,-19186.9,0,
435600201,4356,ПК200,201,Ро,200,,,2277.1,-19196.9,0,
435600202,4356,ПК201,202,Ро,201,,,2277.9,-19206.8,0,
435600203,4356,ПК202,203,Ро,202,,,2278.9,-19216.8,0,
435600204,4356,ПК203,204,Ро,203,,,2279.9,-19226.7,0,
435600205,4356,ПК204,205,Ро,204,,,2281.1,-19236.7,0,
435600206,4356,ПК205,206,Ро,205,,,2282.4,-19246.6,0,
435600207,4356,ПК206,207,Ро,206,,,2283.9,-19256.5,1,
435600208,4356,ПК207,208,Ро,207,,,2285.5,-19266.3,1,
435600209,4356,ПК208,209,Ро,208,,,2287.4,-19276.2,0,
435600210,4356,ПК209,210,Ро,209,,,2289.5,-19285.9,1,
435600211,4356,ПК210,211,Ро,210,,,2291.9,-19295.6,0,
435600212,4356,ПК211,212,Ро,211,,,2294.5,-19305.3,13,
435600213,4356,ПК212,213,Ро,212,,,2297.3,-19314.9,1,
435600214,4356,ПК213,214,Ро,213,,,2300.4,-19324.4,0,
435600215,4356,ПК214,215,Ро,214,,,2303.7,-19333.9,0,
435600216,4356,ПК215,216,Ро,215,,,2307.1,-19343.3,0,
435600217,4356,ПК216,217,Ро,216,,,2310.7,-19352.6,0,
435600218,4356,ПК217,218,Ро,217,,,2314.4,-19361.9,0,
435600219,4356,ПК218,219,Ро,218,,,2318.1,-19371.1,0,
435600220,4356,ПК219,220,Ро,219,,,2322.0,-19380.4,0,
435600221,4356,ПК220,221,Ро,220,,,2325.9,-19389.6,0,
435600222,4356,ПК221,222,Ро,221,,,2330.0,-19398.7,0,
435600223,4356,ПК222,223,Ро,222,,,2334.1,-19407.8,0,
435600224,4356,ПК223,224,Ро,223,,,2338.3,-19416.9,0,
435600225,4356,ПК224,225,Ро,224,,,2342.5,-19426.0,0,
435600226,4356,ПК225,226,Ро,225,,,2346.8,-19435.0,0,
435600227,4356,ПК226,227,Ро,226,,,2351.1,-19444.0,0,
435600228,4356,ПК227,228,Ро,227,,,2355.5,-19453.0,0,
435600229,4356,ПК228,229,Ро,228,,,2360.1,-19461.9,1,
435600230,4356,ПК229,230,Ро,229,,,2364.8,-19470.7,0,
435600231,4356,ПК230,231,Ро,230,,,2369.5,-19479.6,7,
457300001,4573,ПК0,1,Омега,0,,,7337.4,-20131.2,6,
457300002,4573,ПК1,2,Омега,1,,,7327.7,-20129.0,1,
457300003,4573,ПК2,3,Омега,2,,,7317.9,-20126.9,0,
457300004,4573,ПК3,4,Омега,3,,,7308.2,-20124.6,0,
457300005,4573,ПК4,5,Омега,4,,,7298.4,-20122.4,0,
457300006,4573,ПК5,6,Омега,5,,,7288.7,-20120.0,0,
457300007,4573,ПК6,7,Омега,6,,,7279.0,-20117.6,0,
457300008,4573,ПК7,8,Омега,7,,,7269.3,-20115.0,0,
457300009,4573,ПК8,9,Омега,8,,,7259.7,-20112.2,0,
457300010,4573,ПК9,10,Омега,9,,,7250.2,-20109.3,0,
457300011,4573,ПК10,11,Омега,10,,,7240.6,-20106.3,0,
457300012,4573,ПК11,12,Омега,11,,,7231.1,-20103.1,0,
457300013,4573,ПК12,13,Омега,12,,,7221.7,-20099.8,0,
457300014,4573,ПК13,14,Омега,13,,,7212.3,-20096.4,0,
457300015,4573,ПК14,15,Омега,14,,,7202.9,-20092.9,0,
457300016,4573,ПК15,16,Омега,15,,,7193.6,-20089.4,13,
457300017,4573,ПК16,17,Омега,16,,,7184.2,-20085.9,0,
457300018,4573,ПК17,18,Омега,17,,,7174.8,-20082.4,0,
457300019,4573,ПК18,19,Омега,18,,,7165.4,-20079.0,0,
457300020,4573,ПК19,20,Омега,19,,,7156.0,-20075.6,0,
457300021,4573,ПК20,21,Омега,20,,,7146.6,-20072.3,0,
457300022,4573,ПК21,22,Омега,21,,,7137.1,-20069.1,0,
457300023,4573,ПК22,23,Омега,22,,,7127.6,-20065.9,2,
457300024,4573,ПК23,24,Омега,23,,,7118.2,-20062.7,0,
457300025,4573,ПК24,25,Омега,24,,,7108.7,-20059.5,0,
457300026,4573,ПК25,26,Омега,25,,,7099.2,-20056.3,0,
457300027,4573,ПК26,27,Омега,26,,,7089.8,-20053.0,0,
457300028,4573,ПК27,28,Омега,27,,,7080.4,-20049.6,0,
457300029,4573,ПК28,29,Омега,28,,,7071.0,-20046.2,0,
457300030,4573,ПК29,30,Омега,29,,,7061.6,-20042.6,0,
457300031,4573,ПК30,31,Омега,30,,,7052.3,-20039.0,0,
457300032,4573,ПК31,32,Омега,31,,,7043.1,-20035.2,0,
457300033,4573,ПК32,33,Омега,32,,,7033.8,-20031.3,0,
457300034,4573,ПК33,34,Омега,33,,,7024.7,-20027.3,0,
457300035,4573,ПК34,35,Омега,34,,,7015.6,-20023.2,12,
457300036,4573,ПК35,36,Омега,35,,,7006.5,-20019.0,4,
457300037,4573,ПК36,37,Омега,36,,,6997.4,-20014.8,0,
457300038,4573,ПК37,38,Омега,37,,,6988.4,-20010.5,0,
457300039,4573,ПК38,39,Омега,38,,,6979.4,-20006.1,0,
457300040,4573,ПК39,40,Омега,39,,,6970.5,-20001.6,0,
457300041,4573,ПК40,41,Омега,40,,,6961.6,-19996.9,0,
457300042,4573,ПК41,42,Омега,41,,,6952.8,-19992.2,0,
457300043,4573,ПК42,43,Омега,42,,,6944.0,-19987.6,1,
457300044,4573,ПК43,44,Омега,43,,,6935.1,-19982.9,0,
457300045,4573,ПК44,45,Омега,44,,,6926.2,-19978.3,0,
457300046,4573,ПК45,46,Омега,45,,,6917.3,-19973.8,0,
457300047,4573,ПК46,47,Омега,46,,,6908.3,-19969.4,0,
457300048,4573,ПК47,48,Омега,47,,,6899.4,-19965.0,0,
457300049,4573,ПК48,49,Омега,48,,,6890.4,-19960.6,2,
457300050,4573,ПК49,50,Омега,49,,,6881.4,-19956.2,0,
457300051,4573,ПК50,51,Омега,50,,,6872.4,-19951.9,0,
457300052,4573,ПК51,52,Омега,51,,,6863.4,-19947.4,0,
457300053,4573,ПК52,53,Омега,52,,,6854.5,-19942.9,0,
457300054,4573,ПК53,54,Омега,53,,,6845.7,-19938.2,0,
457300055,4573,ПК54,55,Омега,54,,,6836.9,-19933.5,1,
457300056,4573,ПК55,56,Омега,55,,,6828.1,-19928.6,46,
457300057,4573,ПК56,57,Омега,56,,,6819.4,-19923.7,0,
457300058,4573,ПК57,58,Омега,57,,,6810.7,-19918.8,0,
457300059,4573,ПК58,59,Омега,58,,,6802.0,-19913.8,0,
457300060,4573,ПК59,60,Омега,59,,,6793.4,-19908.7,0,
457300061,4573,ПК60,61,Омега,60,,,6784.9,-19903.5,1,
457300062,4573,ПК61,62,Омега,61,,,6776.3,-19898.3,0,
457300063,4573,ПК62,63,Омега,62,,,6767.8,-19893.1,0,
457300064,4573,ПК63,64,Омега,63,,,6759.3,-19887.8,0,
457300065,4573,ПК64,65,Омега,64,,,6750.8,-19882.6,0,
457300066,4573,ПК65,66,Омега,65,,,6742.3,-19877.3,0,
457300067,4573,ПК66,67,Омега,66,,,6733.8,-19872.0,0,
457300068,4573,ПК67,68,Омега,67,,,6725.3,-19866.8,1,
457300069,4573,ПК68,69,Омега,68,,,6716.8,-19861.5,0,
457300070,4573,ПК69,70,Омега,69,,,6708.3,-19856.2,0,
457300071,4573,ПК70,71,Омега,70,,,6699.9,-19850.7,0,
457300072,4573,ПК71,72,Омега,71,,,6691.6,-19845.2,0,
457300073,4573,ПК72,73,Омега,72,,,6683.3,-19839.6,0,
457300074,4573,ПК73,74,Омега,73,,,6675.1,-19833.9,0,
457300075,4573,ПК74,75,Омега,74,,,6667.0,-19828.1,10,
457300076,4573,ПК75,76,Омега,75,,,6659.0,-19822.1,3,
457300077,4573,ПК76,77,Омега,76,,,6651.1,-19816.0,0,
457300078,4573,ПК77,78,Омега,77,,,6643.3,-19809.6,0,
457300079,4573,ПК78,79,Омега,78,,,6635.7,-19803.1,0,
457300080,4573,ПК79,80,Омега,79,,,6628.3,-19796.5,0,
457300081,4573,ПК80,81,Омега,80,,,6620.9,-19789.7,1,
457300082,4573,ПК81,82,Омега,81,,,6613.6,-19782.8,0,
457300083,4573,ПК82,83,Омега,82,,,6606.5,-19775.8,0,
457300084,4573,ПК83,84,Омега,83,,,6599.5,-19768.7,0,
457300085,4573,ПК84,85,Омега,84,,,6592.6,-19761.5,0,
457300086,4573,ПК85,86,Омега,85,,,6585.7,-19754.2,0,
457300087,4573,ПК86,87,Омега,86,,,6579.0,-19746.8,1,
457300088,4573,ПК87,88,Омега,87,,,6572.3,-19739.3,0,
457300089,4573,ПК88,89,Омега,88,,,6565.8,-19731.8,0,
457300090,4573,ПК89,90,Омега,89,,,6559.4,-19724.1,0,
457300091,4573,ПК90,91,Омега,90,,,6553.0,-19716.4,0,
457300092,4573,ПК91,92,Омега,91,,,6546.7,-19708.6,0,
457300093,4573,ПК92,93,Омега,92,,,6540.6,-19700.7,0,
457300094,4573,ПК93,94,Омега,93,,,6534.6,-19692.7,14,
457300095,4573,ПК94,95,Омега,94,,,6528.7,-19684.6,0,
457300096,4573,ПК95,96,Омега,95,,,6523.0,-19676.4,0,
457300097,4573,ПК96,97,Омега,96,,,6517.4,-19668.1,0,
457300098,4573,ПК97,98,Омега,97,,,6512.1,-19659.7,0,
457300099,4573,ПК98,99,Омега,98,,,6506.9,-19651.1,1,
457300100,4573,ПК99,100,Омега,99,,,6501.9,-19642.4,0,
457300101,4573,ПК100,101,Омега,100,,,6497.1,-19633.7,0,
457300102,4573,ПК101,102,Омега,101,,,6492.5,-19624.8,0,
457300103,4573,ПК102,103,Омега,102,,,6488.0,-19615.8,0,
457300104,4573,ПК103,104,Омега,103,,,6483.9,-19606.8,14,
457300105,4573,ПК104,105,Омега,104,,,6479.9,-19597.6,0,
457300106,4573,ПК105,106,Омега,105,,,6476.2,-19588.3,1,
457300107,4573,ПК106,107,Омега,106,,,6472.7,-19578.9,0,
457300108,4573,ПК107,108,Омега,107,,,6469.4,-19569.5,0,
457300109,4573,ПК108,109,Омега,108,,,6466.4,-19559.9,0,
457300110,4573,ПК109,110,Омега,109,,,6463.6,-19550.3,0,
457300111,4573,ПК110,111,Омега,110,,,6461.1,-19540.7,0,
457300112,4573,ПК111,112,Омега,111,,,6458.6,-19531.0,0,
457300113,4573,ПК112,113,Омега,112,,,6456.3,-19521.2,0,
457300114,4573,ПК113,114,Омега,113,,,6454.1,-19511.5,0,
457300115,4573,ПК114,115,Омега,114,,,6451.9,-19501.7,0,
457300116,4573,ПК115,116,Омега,115,,,6449.8,-19492.0,1,
457300117,4573,ПК116,117,Омега,116,,,6447.8,-19482.2,7,
457300118,4573,ПК117,118,Омега,117,,,6445.9,-19472.3,0,
457300119,4573,ПК118,119,Омега,118,,,6444.1,-19462.5,0,
457300120,4573,ПК119,120,Омега,119,,,6442.3,-19452.7,0,
457300121,4573,ПК120,121,Омега,120,,,6440.7,-19442.8,0,
457300122,4573,ПК121,122,Омега,121,,,6439.0,-19432.9,0,
457300123,4573,ПК122,123,Омега,122,,,6437.4,-19423.1,0,
457300124,4573,ПК123,124,Омега,123,,,6435.9,-19413.2,0,
457300125,4573,ПК124,125,Омега,124,,,6434.3,-19403.3,2,
457300126,4573,ПК125,126,Омега,125,,,6432.8,-19393.4,0,
457300127,4573,ПК126,127,Омега,126,,,6431.3,-19383.5,0,
457300128,4573,ПК127,128,Омега,127,,,6429.9,-19373.6,0,
457300129,4573,ПК128,129,Омега,128,,,6428.5,-19363.7,0,
457300130,4573,ПК129,130,Омега,129,,,6427.0,-19353.8,0,
457300131,4573,ПК130,131,Омега,130,,,6425.5,-19344.0,1,
457300132,4573,ПК131,132,Омега,131,,,6423.9,-19334.1,0,
457300133,4573,ПК132,133,Омега,132,,,6422.2,-19324.2,0,
457300134,4573,ПК133,134,Омега,133,,,6420.4,-19314.4,0,
457300135,4573,ПК134,135,Омега,134,,,6418.6,-19304.6,0,
457300136,4573,ПК135,136,Омега,135,,,6416.6,-19294.8,0,
457300137,4573,ПК136,137,Омега,136,,,6414.5,-19285.0,12,
457300138,4573,ПК137,138,Омега,137,,,6412.3,-19275.2,0,
457300139,4573,ПК138,139,Омега,138,,,6410.1,-19265.5,0,
457300140,4573,ПК139,140,Омега,139,,,6407.7,-19255.8,0,
457300141,4573,ПК140,141,Омега,140,,,6405.3,-19246.1,0,
457300142,4573,ПК141,142,Омега,141,,,6402.7,-19236.4,1,
457300143,4573,ПК142,143,Омега,142,,,6400.0,-19226.8,0,
457300144,4573,ПК143,144,Омега,143,,,6397.3,-19217.1,0,
457300145,4573,ПК144,145,Омега,144,,,6394.6,-19207.5,0,
457300146,4573,ПК145,146,Омега,145,,,6391.8,-19197.9,0,
457300147,4573,ПК146,147,Омега,146,,,6389.1,-19188.3,1,
457300148,4573,ПК147,148,Омега,147,,,6386.4,-19178.7,0,
457300149,4573,ПК148,149,Омега,148,,,6383.6,-19169.1,0,
457300150,4573,ПК149,150,Омега,149,,,6380.7,-19159.5,0,
457300151,4573,ПК150,151,Омега,150,,,6377.7,-19150.0,0,
457300152,4573,ПК151,152,Омега,151,,,6374.5,-19140.5,0,
457300153,4573,ПК152,153,Омега,152,,,6371.3,-19131.0,0,
457300154,4573,ПК153,154,Омега,153,,,6368.0,-19121.6,0,
457300155,4573,ПК154,155,Омега,154,,,6364.6,-19112.2,14,
457300156,4573,ПК155,156,Омега,155,,,6361.2,-19102.8,0,
457300157,4573,ПК156,157,Омега,156,,,6357.7,-19093.4,0,
457300158,4573,ПК157,158,Омега,157,,,6354.4,-19084.0,0,
457300159,4573,ПК158,159,Омега,158,,,6351.0,-19074.5,0,
457300160,4573,ПК159,160,Омега,159,,,6347.7,-19065.1,0,
457300161,4573,ПК160,161,Омега,160,,,6344.3,-19055.7,0,
457300162,4573,ПК161,162,Омега,161,,,6340.9,-19046.3,0,
457300163,4573,ПК162,163,Омега,162,,,6337.4,-19036.9,1,
457300164,4573,ПК163,164,Омега,163,,,6333.9,-19027.6,0,
457300165,4573,ПК164,165,Омега,164,,,6330.3,-19018.2,0,
457300166,4573,ПК165,166,Омега,165,,,6326.5,-19009.0,0,
457300167,4573,ПК166,167,Омега,166,,,6322.7,-18999.7,0,
457300168,4573,ПК167,168,Омега,167,,,6318.6,-18990.6,0,
457300169,4573,ПК168,169,Омега,168,,,6314.4,-18981.5,42,
457300170,4573,ПК169,170,Омега,169,,,6310.1,-18972.5,0,
457300171,4573,ПК170,171,Омега,170,,,6305.7,-18963.5,0,
457300172,4573,ПК171,172,Омега,171,,,6301.2,-18954.6,0,
457300173,4573,ПК172,173,Омега,172,,,6296.6,-18945.7,0,
457300174,4573,ПК173,174,Омега,173,,,6291.9,-18936.9,0,
457300175,4573,ПК174,175,Омега,174,,,6287.0,-18928.2,0,
457300176,4573,ПК175,176,Омега,175,,,6282.0,-18919.5,0,
457300177,4573,ПК176,177,Омега,176,,,6276.8,-18911.0,0,
457300178,4573,ПК177,178,Омега,177,,,6271.4,-18902.5,1,
457300179,4573,ПК178,179,Омега,178,,,6265.9,-18894.2,0,
457300180,4573,ПК179,180,Омега,179,,,6260.2,-18886.0,0,
457300181,4573,ПК180,181,Омега,180,,,6254.5,-18877.8,0,
457300182,4573,ПК181,182,Омега,181,,,6248.5,-18869.8,0,
457300183,4573,ПК182,183,Омега,182,,,6242.4,-18861.9,0,
457300184,4573,ПК183,184,Омега,183,,,6236.0,-18854.1,0,
457300185,4573,ПК184,185,Омега,184,,,6229.5,-18846.5,0,
457300186,4573,ПК185,186,Омега,185,,,6222.9,-18839.0,11,
457300187,4573,ПК186,187,Омега,186,,,6216.1,-18831.7,0,
457300188,4573,ПК187,188,Омега,187,,,6209.2,-18824.4,0,
457300189,4573,ПК188,189,Омега,188,,,6202.2,-18817.3,0,
457300190,4573,ПК189,190,Омега,189,,,6195.1,-18810.3,0,
457300191,4573,ПК190,191,Омега,190,,,6187.8,-18803.5,0,
457300192,4573,ПК191,192,Омега,191,,,6180.3,-18796.8,0,
457300193,4573,ПК192,193,Омега,192,,,6172.7,-18790.3,0,
457300194,4573,ПК193,194,Омега,193,,,6165.0,-18784.0,0,
457300195,4573,ПК194,195,Омега,194,,,6157.1,-18777.9,0,
457300196,4573,ПК195,196,Омега,195,,,6149.0,-18772.0,0,
457300197,4573,ПК196,197,Омега,196,,,6140.9,-18766.1,0,
457300198,4573,ПК197,198,Омега,197,,,6132.6,-18760.5,2,
457300199,4573,ПК198,199,Омега,198,,,6124.2,-18755.1,2,
457300200,4573,ПК199,200,Омега,199,,,6115.7,-18749.8,0,
457300201,4573,ПК200,201,Омега,200,,,6107.1,-18744.8,0,
457300202,4573,ПК201,202,Омега,201,,,6098.4,-18739.8,0,
457300203,4573,ПК202,203,Омега,202,,,6089.7,-18734.9,0,
457300204,4573,ПК203,204,Омега,203,,,6080.9,-18730.2,0,
457300205,4573,ПК204,205,Омега,204,,,6072.0,-18725.5,0,
457300206,4573,ПК205,206,Омега,205,,,6063.1,-18721.0,1,
457300207,4573,ПК206,207,Омега,206,,,6054.1,-18716.6,0,
457300208,4573,ПК207,208,Омега,207,,,6045.1,-18712.3,0,
457300209,4573,ПК208,209,Омега,208,,,6036.0,-18708.2,0,
457300210,4573,ПК209,210,Омега,209,,,6026.8,-18704.1,0,
457300211,4573,ПК210,211,Омега,210,,,6017.6,-18700.2,0,
457300212,4573,ПК211,212,Омега,211,,,6008.4,-18696.4,0,
457300213,4573,ПК212,213,Омега,212,,,5999.1,-18692.7,0,
457300214,4573,ПК213,214,Омега,213,,,5989.7,-18689.2,15,
457300215,4573,ПК214,215,Омега,214,,,5980.3,-18685.8,0,
457300216,4573,ПК215,216,Омега,215,,,5970.8,-18682.7,0,
457300217,4573,ПК216,217,Омега,216,,,5961.3,-18679.6,0,
457300218,4573,ПК217,218,Омега,217,,,5951.7,-18676.7,0,
457300219,4573,ПК218,219,Омега,218,,,5942.1,-18674.0,0,
457300220,4573,ПК219,220,Омега,219,,,5932.5,-18671.3,0,
457300221,4573,ПК220,221,Омега,220,,,5922.8,-18668.8,1,
457300222,4573,ПК221,222,Омега,221,,,5913.1,-18666.5,0,
457300223,4573,ПК222,223,Омега,222,,,5903.3,-18664.2,0,
457300224,4573,ПК223,224,Омега,223,,,5893.6,-18662.1,0,
457300225,4573,ПК224,225,Омега,224,,,5883.8,-18659.9,0,
457300226,4573,ПК225,226,Омега,225,,,5874.0,-18657.9,0,
457300227,4573,ПК226,227,Омега,226,,,5864.2,-18655.9,0,
457300228,4573,ПК227,228,Омега,227,,,5854.4,-18654.0,10,
457300229,4573,ПК228,229,Омега,228,,,5844.6,-18652.2,2,
457300230,4573,ПК229,230,Омега,229,,,5834.7,-18650.6,0,
457300231,4573,ПК230,231,Омега,230,,,5824.8,-18649.0,0,
457300232,4573,ПК231,232,Омега,231,,,5814.9,-18647.6,0,
457300233,4573,ПК232,233,Омега,232,,,5805.0,-18646.4,0,
457300234,4573,ПК233,234,Омега,233,,,5795.0,-18645.3,0,
457300235,4573,ПК234,235,Омега,234,,,5785.1,-18644.4,0,
457300236,4573,ПК235,236,Омега,235,,,5775.1,-18643.6,1,
457300237,4573,ПК236,237,Омега,236,,,5765.1,-18643.1,0,
457300238,4573,ПК237,238,Омега,237,,,5755.1,-18642.7,0,
457300239,4573,ПК238,239,Омега,238,,,5745.1,-18642.7,0,
457300240,4573,ПК239,240,Омега,239,,,5735.1,-18642.8,0,
457300241,4573,ПК240,241,Омега,240,,,5725.1,-18643.2,0,
457300242,4573,ПК241,242,Омега,241,,,5715.2,-18643.7,0,
457300243,4573,ПК242,243,Омега,242,,,5705.2,-18644.5,1,
457300244,4573,ПК243,244,Омега,243,,,5695.2,-18645.3,0,
457300245,4573,ПК244,245,Омега,244,,,5685.3,-18646.3,0,
457300246,4573,ПК245,246,Омега,245,,,5675.3,-18647.5,0,
457300247,4573,ПК246,247,Омега,246,,,5665.4,-18648.8,0,
457300248,4573,ПК247,248,Омега,247,,,5655.5,-18650.3,0,
457300249,4573,ПК248,249,Омега,248,,,5645.7,-18651.8,9,
457300250,4573,ПК249,250,Омега,249,,,5635.8,-18653.4,3,
457300251,4573,ПК250,251,Омега,250,,,5625.9,-18655.0,0,
457300252,4573,ПК251,252,Омега,251,,,5616.1,-18656.7,0,
457300253,4573,ПК252,253,Омега,252,,,5606.2,-18658.4,0,
457300254,4573,ПК253,254,Омега,253,,,5596.4,-18660.2,0,
457300255,4573,ПК254,255,Омега,254,,,5586.5,-18662.0,0,
457300256,4573,ПК255,256,Омега,255,,,5576.7,-18663.8,1,
457300257,4573,ПК256,257,Омега,256,,,5566.8,-18665.5,0,
457300258,4573,ПК257,258,Омега,257,,,5557.0,-18667.3,0,
457300259,4573,ПК258,259,Омега,258,,,5547.1,-18668.9,0,
457300260,4573,ПК259,260,Омега,259,,,5537.2,-18670.4,0,
457300261,4573,ПК260,261,Омега,260,,,5527.3,-18671.7,0,
457300262,4573,ПК261,262,Омега,261,,,5517.4,-18672.8,0,
457300263,4573,ПК262,263,Омега,262,,,5507.4,-18673.9,17,
457300264,4573,ПК263,264,Омега,263,,,5497.5,-18674.9,0,
457300265,4573,ПК264,265,Омега,264,,,5487.5,-18675.7,0,
457300266,4573,ПК265,266,Омега,265,,,5477.6,-18676.4,0,
457300267,4573,ПК266,267,Омега,266,,,5467.6,-18676.9,0,
457300268,4573,ПК267,268,Омега,267,,,5457.6,-18677.1,1,
457300269,4573,ПК268,269,Омега,268,,,5447.6,-18677.2,0,
457300270,4573,ПК269,270,Омега,269,,,5437.6,-18677.0,0,
457300271,4573,ПК270,271,Омега,270,,,5427.6,-18676.6,0,
457300272,4573,ПК271,272,Омега,271,,,5417.6,-18676.1,0,
457300273,4573,ПК272,273,Омега,272,,,5407.6,-18675.3,0,
457300274,4573,ПК273,274,Омега,273,,,5397.7,-18674.2,0,
457300275,4573,ПК274,275,Омега,274,,,5387.8,-18672.9,0,
457300276,4573,ПК275,276,Омега,275,,,5377.9,-18671.3,0,
457300277,4573,ПК276,277,Омега,276,,,5368.0,-18669.6,12,
457300278,4573,ПК277,278,Омега,277,,,5358.2,-18667.7,0,
457300279,4573,ПК278,279,Омега,278,,,5348.5,-18665.5,0,
457300280,4573,ПК279,280,Омега,279,,,5338.8,-18663.1,0,
457300281,4573,ПК280,281,Омега,280,,,5329.1,-18660.5,0,
457300282,4573,ПК281,282,Омега,281,,,5319.5,-18657.6,0,
457300283,4573,ПК282,283,Омега,282,,,5310.0,-18654.5,0,
457300284,4573,ПК283,284,Омега,283,,,5300.6,-18651.1,0,
457300285,4573,ПК284,285,Омега,284,,,5291.3,-18647.6,1,
457300286,4573,ПК285,286,Омега,285,,,5282.0,-18643.8,0,
457300287,4573,ПК286,287,Омега,286,,,5272.8,-18639.9,0,
457300288,4573,ПК287,288,Омега,287,,,5263.6,-18635.9,0,
457300289,4573,ПК288,289,Омега,288,,,5254.6,-18631.7,0,
457300290,4573,ПК289,290,Омега,289,,,5245.6,-18627.4,0,
457300291,4573,ПК290,291,Омега,290,,,5236.6,-18623.0,0,
457300292,4573,ПК291,292,Омега,291,,,5227.6,-18618.5,12,
457300293,4573,ПК292,293,Омега,292,,,5218.7,-18614.0,1,
457300294,4573,ПК293,294,Омега,293,,,5209.8,-18609.4,0,
457300295,4573,ПК294,295,Омега,294,,,5201.0,-18604.7,0,
457300296,4573,ПК295,296,Омега,295,,,5192.2,-18600.0,0,
457300297,4573,ПК296,297,Омега,296,,,5183.4,-18595.2,0,
457300298,4573,ПК297,298,Омега,297,,,5174.6,-18590.4,0,
457300299,4573,ПК298,299,Омега,298,,,5165.9,-18585.6,1,
457300300,4573,ПК299,300,Омега,299,,,5157.1,-18580.7,0,
457300301,4573,ПК300,301,Омега,300,,,5148.3,-18575.9,0,
457300302,4573,ПК301,302,Омега,301,,,5139.5,-18571.2,0,
457300303,4573,ПК302,303,Омега,302,,,5130.7,-18566.5,0,
457300304,4573,ПК303,304,Омега,303,,,5121.9,-18561.8,0,
457300305,4573,ПК304,305,Омега,304,,,5113.0,-18557.2,0,
457300306,4573,ПК305,306,Омега,305,,,5104.2,-18552.5,49,
457300307,4573,ПК306,307,Омега,306,,,5095.4,-18547.8,0,
457300308,4573,ПК307,308,Омега,307,,,5086.6,-18543.0,0,
457300309,4573,ПК308,309,Омега,308,,,5077.7,-18538.3,0,
457300310,4573,ПК309,310,Омега,309,,,5068.9,-18533.6,0,
457300311,4573,ПК310,311,Омега,310,,,5060.1,-18528.9,0,
457300312,4573,ПК311,312,Омега,311,,,5051.3,-18524.2,1,
457300313,4573,ПК312,313,Омега,312,,,5042.5,-18519.4,0,
457300314,4573,ПК313,314,Омега,313,,,5033.7,-18514.6,0,
457300315,4573,ПК314,315,Омега,314,,,5024.9,-18509.8,0,
457300316,4573,ПК315,316,Омега,315,,,5016.2,-18504.9,0,
457300317,4573,ПК316,317,Омега,316,,,5007.6,-18499.8,0,
457300318,4573,ПК317,318,Омега,317,,,4999.1,-18494.6,1,
457300319,4573,ПК318,319,Омега,318,,,4990.6,-18489.3,0,
457300320,4573,ПК319,320,Омега,319,,,4982.2,-18483.8,0,
457300321,4573,ПК320,321,Омега,320,,,4973.9,-18478.3,0,
457300322,4573,ПК321,322,Омега,321,,,4965.7,-18472.6,0,
457300323,4573,ПК322,323,Омега,322,,,4957.5,-18466.9,0,
457300324,4573,ПК323,324,Омега,323,,,4949.4,-18460.9,0,
457300325,4573,ПК324,325,Омега,324,,,4941.5,-18454.9,12,
457300326,4573,ПК325,326,Омега,325,,,4933.6,-18448.7,0,
457300327,4573,ПК326,327,Омега,326,,,4925.8,-18442.4,0,
457300328,4573,ПК327,328,Омега,327,,,4918.1,-18436.0,0,
457300329,4573,ПК328,329,Омега,328,,,4910.5,-18429.6,0,
457300330,4573,ПК329,330,Омега,329,,,4902.9,-18423.1,0,
457300331,4573,ПК330,331,Омега,330,,,4895.4,-18416.5,0,
457300332,4573,ПК331,332,Омега,331,,,4887.8,-18410.0,0,
457300333,4573,ПК332,333,Омега,332,,,4880.3,-18403.4,0,
457300334,4573,ПК333,334,Омега,333,,,4872.8,-18396.7,0,
457300335,4573,ПК334,335,Омега,334,,,4865.4,-18390.0,0,
457300336,4573,ПК335,336,Омега,335,,,4858.1,-18383.2,0,
457300337,4573,ПК336,337,Омега,336,,,4850.8,-18376.3,0,
457300338,4573,ПК337,338,Омега,337,,,4843.6,-18369.4,0,
457300339,4573,ПК338,339,Омега,338,,,4836.5,-18362.4,0,
457300340,4573,ПК339,340,Омега,339,,,4829.4,-18355.3,0,
457300341,4573,ПК340,341,Омега,340,,,4822.5,-18348.1,0,
457300342,4573,ПК341,342,Омега,341,,,4815.7,-18340.7,18,
457300343,4573,ПК342,343,Омега,342,,,4809.1,-18333.3,0,
457300344,4573,ПК343,344,Омега,343,,,4802.5,-18325.7,0,
457300345,4573,ПК344,345,Омега,344,,,4796.0,-18318.1,0,
457300346,4573,ПК345,346,Омега,345,,,4789.7,-18310.3,0,
457300347,4573,ПК346,347,Омега,346,,,4783.6,-18302.5,0,
457300348,4573,ПК347,348,Омега,347,,,4777.5,-18294.5,0,
457300349,4573,ПК348,349,Омега,348,,,4771.5,-18286.5,0,
457300350,4573,ПК349,350,Омега,349,,,4765.6,-18278.4,0,
457300351,4573,ПК350,351,Омега,350,,,4759.9,-18270.2,1,
457300352,4573,ПК351,352,Омега,351,,,4754.3,-18262.0,0,
457300353,4573,ПК352,353,Омега,352,,,4748.7,-18253.6,0,
457300354,4573,ПК353,354,Омега,353,,,4743.3,-18245.2,0,
457300355,4573,ПК354,355,Омега,354,,,4738.0,-18236.7,0,
457300356,4573,ПК355,356,Омега,355,,,4732.9,-18228.2,0,
457300357,4573,ПК356,357,Омега,356,,,4727.8,-18219.6,0,
457300358,4573,ПК357,358,Омега,357,,,4722.8,-18210.9,0,
457300359,4573,ПК358,359,Омега,358,,,4717.8,-18202.2,0,
457300360,4573,ПК359,360,Омега,359,,,4713.0,-18193.5,15,
457300361,4573,ПК360,361,Омега,360,,,4708.2,-18184.7,0,
457300362,4573,ПК361,362,Омега,361,,,4703.5,-18175.9,0,
457300363,4573,ПК362,363,Омега,362,,,4698.8,-18167.0,0,
457300364,4573,ПК363,364,Омега,363,,,4694.1,-18158.2,0,
457300365,4573,ПК364,365,Омега,364,,,4689.5,-18149.3,0,
457300366,4573,ПК365,366,Омега,365,,,4684.9,-18140.4,0,
457300367,4573,ПК366,367,Омега,366,,,4680.4,-18131.5,0,
457300368,4573,ПК367,368,Омега,367,,,4675.8,-18122.6,0,
457300369,4573,ПК368,369,Омега,368,,,4671.3,-18113.7,0,
457300370,4573,ПК369,370,Омега,369,,,4666.7,-18104.8,0,
457300371,4573,ПК370,371,Омега,370,,,4662.1,-18096.0,0,
457300372,4573,ПК371,372,Омега,371,,,4657.4,-18087.1,0,
457300373,4573,ПК372,373,Омега,372,,,4652.6,-18078.4,0,
457300374,4573,ПК373,374,Омега,373,,,4647.6,-18069.7,11,
457300375,4573,ПК374,375,Омега,374,,,4642.6,-18061.0,2,
457300376,4573,ПК375,376,Омега,375,,,4637.4,-18052.5,0,
457300377,4573,ПК376,377,Омега,376,,,4632.2,-18043.9,0,
457300378,4573,ПК377,378,Омега,377,,,4626.9,-18035.4,0,
457300379,4573,ПК378,379,Омега,378,,,4621.5,-18027.0,0,
457300380,4573,ПК379,380,Омега,379,,,4616.1,-18018.6,0,
457300381,4573,ПК380,381,Омега,380,,,4610.6,-18010.3,0,
457300382,4573,ПК381,382,Омега,381,,,4605.0,-18002.0,0,
457300383,4573,ПК382,383,Омега,382,,,4599.4,-17993.7,0,
457300384,4573,ПК383,384,Омега,383,,,4593.7,-17985.5,0,
457300385,4573,ПК384,385,Омега,384,,,4588.0,-17977.3,0,
457300386,4573,ПК385,386,Омега,385,,,4582.3,-17969.1,0,
457300387,4573,ПК386,387,Омега,386,,,4576.5,-17960.9,0,
457300388,4573,ПК387,388,Омега,387,,,4570.6,-17952.8,0,
457300389,4573,ПК388,389,Омега,388,,,4564.7,-17944.8,2,
457300390,4573,ПК389,390,Омега,389,,,4558.7,-17936.7,1,
457300391,4573,ПК390,391,Омега,390,,,4552.7,-17928.7,0,
457300392,4573,ПК391,392,Омега,391,,,4546.7,-17920.7,0,
457300393,4573,ПК392,393,Омега,392,,,4540.7,-17912.8,1,
457300394,4573,ПК393,394,Омега,393,,,4534.5,-17904.9,0,
457300395,4573,ПК394,395,Омега,394,,,4528.4,-17897.0,0,
457300396,4573,ПК395,396,Омега,395,,,4522.1,-17889.2,0,
457300397,4573,ПК396,397,Омега,396,,,4515.8,-17881.5,0,
457300398,4573,ПК397,398,Омега,397,,,4509.3,-17873.8,0,
457300399,4573,ПК398,399,Омега,398,,,4502.9,-17866.2,0,
457300400,4573,ПК399,400,Омега,399,,,4496.4,-17858.5,0,
457300401,4573,ПК400,401,Омега,400,,,4490.1,-17850.8,11,
457300402,4573,ПК401,402,Омега,401,,,4483.7,-17843.1,1,
457300403,4573,ПК402,403,Омега,402,,,4477.4,-17835.3,0,
457300404,4573,ПК403,404,Омега,403,,,4471.3,-17827.5,0,
457300405,4573,ПК404,405,Омега,404,,,4465.2,-17819.5,0,
457300406,4573,ПК405,406,Омега,405,,,4459.3,-17811.4,0,
457300407,4573,ПК406,407,Омега,406,,,4453.6,-17803.2,0,
457300408,4573,ПК407,408,Омега,407,,,4448.1,-17794.9,0,
457300409,4573,ПК408,409,Омега,408,,,4442.7,-17786.5,1,
457300410,4573,ПК409,410,Омега,409,,,4437.4,-17778.0,0,
457300411,4573,ПК410,411,Омега,410,,,4432.2,-17769.4,0,
457300412,4573,ПК411,412,Омега,411,,,4427.2,-17760.8,0,
457300413,4573,ПК412,413,Омега,412,,,4422.3,-17752.1,0,
457300414,4573,ПК413,414,Омега,413,,,4417.4,-17743.4,0,
457300415,4573,ПК414,415,Омега,414,,,4412.5,-17734.6,0,
457300416,4573,ПК415,416,Омега,415,,,4407.7,-17725.8,1,
457300417,4573,ПК416,417,Омега,416,,,4403.0,-17717.0,0,
457300418,4573,ПК417,418,Омега,417,,,4398.3,-17708.2,0,
457300419,4573,ПК418,419,Омега,418,,,4393.7,-17699.3,0,
457300420,4573,ПК419,420,Омега,419,,,4389.1,-17690.4,0,
457300421,4573,ПК420,421,Омега,420,,,4384.8,-17681.4,0,
457300422,4573,ПК421,422,Омега,421,,,4380.6,-17672.3,0,
457300423,4573,ПК422,423,Омега,422,,,4376.5,-17663.2,0,
457300424,4573,ПК423,424,Омега,423,,,4372.6,-17654.0,12,
457300425,4573,ПК424,425,Омега,424,,,4368.8,-17644.7,1,
457300426,4573,ПК425,426,Омега,425,,,4365.2,-17635.4,0,
457300427,4573,ПК426,427,Омега,426,,,4361.7,-17626.1,0,
457300428,4573,ПК427,428,Омега,427,,,4358.3,-17616.6,0,
457300429,4573,ПК428,429,Омега,428,,,4355.1,-17607.2,0,
457300430,4573,ПК429,430,Омега,429,,,4352.1,-17597.6,0,
457300431,4573,ПК430,431,Омега,430,,,4349.2,-17588.0,0,
457300432,4573,ПК431,432,Омега,431,,,4346.6,-17578.4,0,
457300433,4573,ПК432,433,Омега,432,,,4344.3,-17568.7,0,
457300434,4573,ПК433,434,Омега,433,,,4342.1,-17558.9,0,
457300435,4573,ПК434,435,Омега,434,,,4340.2,-17549.1,0,
457300436,4573,ПК435,436,Омега,435,,,4338.5,-17539.2,0,
457300437,4573,ПК436,437,Омега,436,,,4337.1,-17529.3,0,
457300438,4573,ПК437,438,Омега,437,,,4335.8,-17519.4,0,
457300439,4573,ПК438,439,Омега,438,,,4334.8,-17509.5,0,
457300440,4573,ПК439,440,Омега,439,,,4334.1,-17499.5,0,
457300441,4573,ПК440,441,Омега,440,,,4333.5,-17489.5,51,
457300442,4573,ПК441,442,Омега,441,,,4333.2,-17479.5,0,
457300443,4573,ПК442,443,Омега,442,,,4333.0,-17469.5,0,
457300444,4573,ПК443,444,Омега,443,,,4332.9,-17459.5,0,
457300445,4573,ПК444,445,Омега,444,,,4332.8,-17449.5,0,
457300446,4573,ПК445,446,Омега,445,,,4332.8,-17439.5,0,
457300447,4573,ПК446,447,Омега,446,,,4332.8,-17429.5,0,
457300448,4573,ПК447,448,Омега,447,,,4332.9,-17419.5,0,
457300449,4573,ПК448,449,Омега,448,,,4333.1,-17409.5,0,
457300450,4573,ПК449,450,Омега,449,,,4333.4,-17399.5,1,
457300451,4573,ПК450,451,Омега,450,,,4333.6,-17389.5,0,
457300452,4573,ПК451,452,Омега,451,,,4333.8,-17379.5,0,
457300453,4573,ПК452,453,Омега,452,,,4334.1,-17369.5,0,
457300454,4573,ПК453,454,Омега,453,,,4334.3,-17359.5,0,
457300455,4573,ПК454,455,Омега,454,,,4334.4,-17349.5,0,
457300456,4573,ПК455,456,Омега,455,,,4334.5,-17339.5,0,
457300457,4573,ПК456,457,Омега,456,,,4334.6,-17329.5,1,
457300458,4573,ПК457,458,Омега,457,,,4334.6,-17319.5,0,
457300459,4573,ПК458,459,Омега,458,,,4334.6,-17309.5,0,
457300460,4573,ПК459,460,Омега,459,,,4334.5,-17299.5,0,
457300461,4573,ПК460,461,Омега,460,,,4334.3,-17289.5,0,
457300462,4573,ПК461,462,Омега,461,,,4334.1,-17279.5,0,
457300463,4573,ПК462,463,Омега,462,,,4333.9,-17269.5,0,
457300464,4573,ПК463,464,Омега,463,,,4333.6,-17259.5,0,
457300465,4573,ПК464,465,Омега,464,,,4333.3,-17249.6,14,
457300466,4573,ПК465,466,Омега,465,,,4333.0,-17239.6,0,
457300467,4573,ПК466,467,Омега,466,,,4332.7,-17229.6,0,
457300468,4573,ПК467,468,Омега,467,,,4332.4,-17219.6,0,
457300469,4573,ПК468,469,Омега,468,,,4332.2,-17209.6,0,
457300470,4573,ПК469,470,Омега,469,,,4332.1,-17199.6,0,
457300471,4573,ПК470,471,Омега,470,,,4332.0,-17189.6,0,
457300472,4573,ПК471,472,Омега,471,,,4331.9,-17179.6,0,
457300473,4573,ПК472,473,Омега,472,,,4331.9,-17169.6,1,
457300474,4573,ПК473,474,Омега,473,,,4332.0,-17159.6,0,
457300475,4573,ПК474,475,Омега,474,,,4332.1,-17149.6,0,
457300476,4573,ПК475,476,Омега,475,,,4332.3,-17139.6,0,
457300477,4573,ПК476,477,Омега,476,,,4332.4,-17129.6,0,
457300478,4573,ПК477,478,Омега,477,,,4332.6,-17119.6,0,
457300479,4573,ПК478,479,Омега,478,,,4332.8,-17109.6,0,
457300480,4573,ПК479,480,Омега,479,,,4333.0,-17099.6,0,
457300481,4573,ПК480,481,Омега,480,,,4333.2,-17089.6,0,
457300482,4573,ПК481,482,Омега,481,,,4333.3,-17079.6,15,
457300483,4573,ПК482,483,Омега,482,,,4333.5,-17069.6,2,
457300484,4573,ПК483,484,Омега,483,,,4333.7,-17059.6,0,
457300485,4573,ПК484,485,Омега,484,,,4333.9,-17049.6,0,
457300486,4573,ПК485,486,Омега,485,,,4334.0,-17039.6,0,
457300487,4573,ПК486,487,Омега,486,,,4334.2,-17029.6,0,
457300488,4573,ПК487,488,Омега,487,,,4334.3,-17019.6,0,
457300489,4573,ПК488,489,Омега,488,,,4334.3,-17009.6,0,
457300490,4573,ПК489,490,Омега,489,,,4334.3,-16999.6,1,
457300491,4573,ПК490,491,Омега,490,,,4334.3,-16989.6,0,
457300492,4573,ПК491,492,Омега,491,,,4334.3,-16979.6,0,
457300493,4573,ПК492,493,Омега,492,,,4334.2,-16969.6,0,
457300494,4573,ПК493,494,Омега,493,,,4334.1,-16959.6,0,
457300495,4573,ПК494,495,Омега,494,,,4334.1,-16949.6,0,
457300496,4573,ПК495,496,Омега,495,,,4334.1,-16939.6,0,
457300497,4573,ПК496,497,Омега,496,,,4334.0,-16929.6,1,
457300498,4573,ПК497,498,Омега,497,,,4334.0,-16919.6,0,
457300499,4573,ПК498,499,Омега,498,,,4334.0,-16909.6,0,
457300500,4573,ПК499,500,Омега,499,,,4334.0,-16899.6,0,
457300501,4573,ПК500,501,Омега,500,,,4334.1,-16889.6,0,
457300502,4573,ПК501,502,Омега,501,,,4334.2,-16879.6,0,
457300503,4573,ПК502,503,Омега,502,,,4334.2,-16869.6,12,
457300504,4573,ПК503,504,Омега,503,,,4334.3,-16859.6,1,
457300505,4573,ПК504,505,Омега,504,,,4334.3,-16849.6,0,
457300506,4573,ПК505,506,Омега,505,,,4334.3,-16839.6,0,
457300507,4573,ПК506,507,Омега,506,,,4334.2,-16829.6,0,
457300508,4573,ПК507,508,Омега,507,,,4334.0,-16819.6,0,
457300509,4573,ПК508,509,Омега,508,,,4333.7,-16809.6,0,
457300510,4573,ПК509,510,Омега,509,,,4333.3,-16799.6,0,
457300511,4573,ПК510,511,Омега,510,,,4332.8,-16789.6,0,
457300512,4573,ПК511,512,Омега,511,,,4332.3,-16779.6,0,
457300513,4573,ПК512,513,Омега,512,,,4331.7,-16769.6,1,
457300514,4573,ПК513,514,Омега,513,,,4331.1,-16759.7,0,
457300515,4573,ПК514,515,Омега,514,,,4330.5,-16749.7,0,
457300516,4573,ПК515,516,Омега,515,,,4329.8,-16739.7,0,
457300517,4573,ПК516,517,Омега,516,,,4329.0,-16729.7,0,
457300518,4573,ПК517,518,Омега,517,,,4328.3,-16719.8,0,
457300519,4573,ПК518,519,Омега,518,,,4327.5,-16709.8,0,
457300520,4573,ПК519,520,Омега,519,,,4326.9,-16699.8,0,
457300521,4573,ПК520,521,Омега,520,,,4326.2,-16689.8,0,
457300522,4573,ПК521,522,Омега,521,,,4325.6,-16679.9,2,
457300523,4573,ПК522,523,Омега,522,,,4325.1,-16669.9,9,
532700001,5327,ПК0,1,Кси,0,,,11263.0,-17760.5,6,
532700002,5327,ПК1,2,Кси,1,,,11256.7,-17768.3,3,
532700003,5327,ПК2,3,Кси,2,,,11250.3,-17776.0,2,
532700004,5327,ПК3,4,Кси,3,,,11243.8,-17783.6,2,
532700005,5327,ПК4,5,Кси,4,,,11237.3,-17791.1,4,
532700006,5327,ПК5,6,Кси,5,,,11230.7,-17798.7,2,
532700007,5327,ПК6,7,Кси,6,,,11224.1,-17806.2,2,
532700008,5327,ПК7,8,Кси,7,,,11217.6,-17813.8,3,
532700009,5327,ПК8,9,Кси,8,,,11211.1,-17821.4,3,
532700010,5327,ПК9,10,Кси,9,,,11204.7,-17829.0,16,
532700011,5327,ПК10,11,Кси,10,,,11198.4,-17836.8,7,
532700012,5327,ПК11,12,Кси,11,,,11192.2,-17844.7,2,
532700013,5327,ПК12,13,Кси,12,,,11186.2,-17852.7,2,
532700014,5327,ПК13,14,Кси,13,,,11180.3,-17860.8,2,
532700015,5327,ПК14,15,Кси,14,,,11174.6,-17869.0,3,
532700016,5327,ПК15,16,Кси,15,,,11169.1,-17877.3,2,
532700017,5327,ПК16,17,Кси,16,,,11163.6,-17885.7,3,
532700018,5327,ПК17,18,Кси,17,,,11158.2,-17894.1,2,
532700019,5327,ПК18,19,Кси,18,,,11152.9,-17902.6,2,
532700020,5327,ПК19,20,Кси,19,,,11147.6,-17911.0,10,
532700021,5327,ПК20,21,Кси,20,,,11142.3,-17919.5,7,
532700022,5327,ПК21,22,Кси,21,,,11137.1,-17928.1,4,
532700023,5327,ПК22,23,Кси,22,,,11131.8,-17936.6,2,
532700024,5327,ПК23,24,Кси,23,,,11126.7,-17945.1,12,
532700025,5327,ПК24,25,Кси,24,,,11121.5,-17953.7,9,
532700026,5327,ПК25,26,Кси,25,,,11116.4,-17962.3,3,
532700027,5327,ПК26,27,Кси,26,,,11111.4,-17971.0,4,
532700028,5327,ПК27,28,Кси,27,,,11106.4,-17979.6,2,
532700029,5327,ПК28,29,Кси,28,,,11101.5,-17988.3,2,
532700030,5327,ПК29,30,Кси,29,,,11096.5,-17997.0,2,
532700031,5327,ПК30,31,Кси,30,,,11091.4,-18005.6,3,
532700032,5327,ПК31,32,Кси,31,,,11086.3,-18014.2,3,
532700033,5327,ПК32,33,Кси,32,,,11081.3,-18022.8,2,
532700034,5327,ПК33,34,Кси,33,,,11076.2,-18031.5,2,
532700035,5327,ПК34,35,Кси,34,,,11071.2,-18040.1,3,
532700036,5327,ПК35,36,Кси,35,,,11066.1,-18048.7,2,
532700037,5327,ПК36,37,Кси,36,,,11061.1,-18057.4,3,
532700038,5327,ПК37,38,Кси,37,,,11056.0,-18066.0,2,
532700039,5327,ПК38,39,Кси,38,,,11051.0,-18074.7,2,
532700040,5327,ПК39,40,Кси,39,,,11046.0,-18083.3,3,
532700041,5327,ПК40,41,Кси,40,,,11040.9,-18091.9,2,
532700042,5327,ПК41,42,Кси,41,,,11035.8,-18100.5,18,
532700043,5327,ПК42,43,Кси,42,,,11030.7,-18109.1,4,
532700044,5327,ПК43,44,Кси,43,,,11025.6,-18117.7,2,
532700045,5327,ПК44,45,Кси,44,,,11020.5,-18126.3,2,
532700046,5327,ПК45,46,Кси,45,,,11015.4,-18134.9,2,
532700047,5327,ПК46,47,Кси,46,,,11010.2,-18143.5,3,
532700048,5327,ПК47,48,Кси,47,,,11005.0,-18152.0,2,
532700049,5327,ПК48,49,Кси,48,,,10999.8,-18160.5,3,
532700050,5327,ПК49,50,Кси,49,,,10994.5,-18169.0,2,
532700051,5327,ПК50,51,Кси,50,,,10989.2,-18177.5,3,
532700052,5327,ПК51,52,Кси,51,,,10983.7,-18185.9,2,
532700053,5327,ПК52,53,Кси,52,,,10978.2,-18194.2,3,
532700054,5327,ПК53,54,Кси,53,,,10972.5,-18202.5,2,
532700055,5327,ПК54,55,Кси,54,,,10966.9,-18210.7,3,
532700056,5327,ПК55,56,Кси,55,,,10961.2,-18218.9,3,
532700057,5327,ПК56,57,Кси,56,,,10955.4,-18227.1,19,
532700058,5327,ПК57,58,Кси,57,,,10949.6,-18235.2,4,
532700059,5327,ПК58,59,Кси,58,,,10943.7,-18243.3,2,
532700060,5327,ПК59,60,Кси,59,,,10937.8,-18251.4,2,
532700061,5327,ПК60,61,Кси,60,,,10931.8,-18259.4,39,
532700062,5327,ПК61,62,Кси,61,,,10925.7,-18267.3,2,
532700063,5327,ПК62,63,Кси,62,,,10919.5,-18275.2,2,
532700064,5327,ПК63,64,Кси,63,,,10913.2,-18282.9,2,
532700065,5327,ПК64,65,Кси,64,,,10906.9,-18290.7,3,
532700066,5327,ПК65,66,Кси,65,,,10900.4,-18298.3,2,
532700067,5327,ПК66,67,Кси,66,,,10893.9,-18305.9,3,
532700068,5327,ПК67,68,Кси,67,,,10887.4,-18313.4,2,
532700069,5327,ПК68,69,Кси,68,,,10880.8,-18321.0,2,
532700070,5327,ПК69,70,Кси,69,,,10874.2,-18328.5,3,
532700071,5327,ПК70,71,Кси,70,,,10867.5,-18335.9,4,
532700072,5327,ПК71,72,Кси,71,,,10860.7,-18343.2,18,
532700073,5327,ПК72,73,Кси,72,,,10853.8,-18350.5,2,
532700074,5327,ПК73,74,Кси,73,,,10846.8,-18357.6,2,
532700075,5327,ПК74,75,Кси,74,,,10839.7,-18364.7,2,
532700076,5327,ПК75,76,Кси,75,,,10832.5,-18371.7,2,
532700077,5327,ПК76,77,Кси,76,,,10825.3,-18378.6,3,
532700078,5327,ПК77,78,Кси,77,,,10818.0,-18385.4,2,
532700079,5327,ПК78,79,Кси,78,,,10810.6,-18392.1,3,
532700080,5327,ПК79,80,Кси,79,,,10803.1,-18398.7,2,
532700081,5327,ПК80,81,Кси,80,,,10795.5,-18405.3,2,
532700082,5327,ПК81,82,Кси,81,,,10787.9,-18411.7,2,
532700083,5327,ПК82,83,Кси,82,,,10780.2,-18418.1,3,
532700084,5327,ПК83,84,Кси,83,,,10772.5,-18424.4,3,
532700085,5327,ПК84,85,Кси,84,,,10764.6,-18430.7,3,
532700086,5327,ПК85,86,Кси,85,,,10756.7,-18436.8,9,
532700087,5327,ПК86,87,Кси,86,,,10748.7,-18442.7,17,
532700088,5327,ПК87,88,Кси,87,,,10740.6,-18448.6,6,
532700089,5327,ПК88,89,Кси,88,,,10732.4,-18454.4,3,
532700090,5327,ПК89,90,Кси,89,,,10724.2,-18460.1,5,
532700091,5327,ПК90,91,Кси,90,,,10716.0,-18465.7,2,
532700092,5327,ПК91,92,Кси,91,,,10707.7,-18471.4,3,
532700093,5327,ПК92,93,Кси,92,,,10699.4,-18477.0,3,
532700094,5327,ПК93,94,Кси,93,,,10691.2,-18482.6,3,
532700095,5327,ПК94,95,Кси,94,,,10682.9,-18488.3,5,
532700096,5327,ПК95,96,Кси,95,,,10674.7,-18493.9,4,
532700097,5327,ПК96,97,Кси,96,,,10666.4,-18499.6,3,
532700098,5327,ПК97,98,Кси,97,,,10658.2,-18505.3,5,
532700099,5327,ПК98,99,Кси,98,,,10650.0,-18511.0,14,
532700100,5327,ПК99,100,Кси,99,,,10641.7,-18516.7,8,
532700101,5327,ПК100,101,Кси,100,,,10633.5,-18522.3,6,
532700102,5327,ПК101,102,Кси,101,,,10625.3,-18528.1,3,
532700103,5327,ПК102,103,Кси,102,,,10617.1,-18533.8,2,
532700104,5327,ПК103,104,Кси,103,,,10608.9,-18539.6,3,
532700105,5327,ПК104,105,Кси,104,,,10600.8,-18545.3,3,
532700106,5327,ПК105,106,Кси,105,,,10592.6,-18551.1,3,
532700107,5327,ПК106,107,Кси,106,,,10584.5,-18557.0,5,
532700108,5327,ПК107,108,Кси,107,,,10576.4,-18562.9,3,
532700109,5327,ПК108,109,Кси,108,,,10568.4,-18568.8,3,
532700110,5327,ПК109,110,Кси,109,,,10560.4,-18574.8,3,
532700111,5327,ПК110,111,Кси,110,,,10552.3,-18580.7,12,
532700112,5327,ПК111,112,Кси,111,,,10544.3,-18586.7,3,
532700113,5327,ПК112,113,Кси,112,,,10536.3,-18592.6,4,
532700114,5327,ПК113,114,Кси,113,,,10528.2,-18598.5,6,
532700115,5327,ПК114,115,Кси,114,,,10520.1,-18604.4,7,
532700116,5327,ПК115,116,Кси,115,,,10512.0,-18610.3,3,
532700117,5327,ПК116,117,Кси,116,,,10503.9,-18616.1,5,
532700118,5327,ПК117,118,Кси,117,,,10495.7,-18621.9,3,
532700119,5327,ПК118,119,Кси,118,,,10487.5,-18627.6,3,
532700120,5327,ПК119,120,Кси,119,,,10479.4,-18633.4,3,
532700121,5327,ПК120,121,Кси,120,,,10471.2,-18639.1,2,
532700122,5327,ПК121,122,Кси,121,,,10463.0,-18644.9,3,
532700123,5327,ПК122,123,Кси,122,,,10454.8,-18650.6,5,
532700124,5327,ПК123,124,Кси,123,,,10446.6,-18656.3,3,
532700125,5327,ПК124,125,Кси,124,,,10438.3,-18662.0,3,
532700126,5327,ПК125,126,Кси,125,,,10430.1,-18667.7,5,
532700127,5327,ПК126,127,Кси,126,,,10421.9,-18673.4,18,
532700128,5327,ПК127,128,Кси,127,,,10413.8,-18679.2,4,
532700129,5327,ПК128,129,Кси,128,,,10405.6,-18684.9,4,
532700130,5327,ПК129,130,Кси,129,,,10397.4,-18690.6,3,
532700131,5327,ПК130,131,Кси,130,,,10389.1,-18696.3,2,
532700132,5327,ПК131,132,Кси,131,,,10380.9,-18702.0,3,
532700133,5327,ПК132,133,Кси,132,,,10372.6,-18707.6,3,
532700134,5327,ПК133,134,Кси,133,,,10364.3,-18713.1,3,
532700135,5327,ПК134,135,Кси,134,,,10355.9,-18718.6,5,
532700136,5327,ПК135,136,Кси,135,,,10347.6,-18724.1,4,
532700137,5327,ПК136,137,Кси,136,,,10339.3,-18729.7,4,
532700138,5327,ПК137,138,Кси,137,,,10330.9,-18735.2,3,
532700139,5327,ПК138,139,Кси,138,,,10322.6,-18740.8,4,
532700140,5327,ПК139,140,Кси,139,,,10314.3,-18746.3,9,
532700141,5327,ПК140,141,Кси,140,,,10306.0,-18751.9,10,
532700142,5327,ПК141,142,Кси,141,,,10297.7,-18757.5,3,
532700143,5327,ПК142,143,Кси,142,,,10289.4,-18763.0,6,
532700144,5327,ПК143,144,Кси,143,,,10281.0,-18768.4,5,
532700145,5327,ПК144,145,Кси,144,,,10272.6,-18773.8,4,
532700146,5327,ПК145,146,Кси,145,,,10264.1,-18779.2,2,
532700147,5327,ПК146,147,Кси,146,,,10255.6,-18784.4,3,
532700148,5327,ПК147,148,Кси,147,,,10247.1,-18789.7,3,
532700149,5327,ПК148,149,Кси,148,,,10238.6,-18795.0,5,
532700150,5327,ПК149,150,Кси,149,,,10230.1,-18800.2,3,
532700151,5327,ПК150,151,Кси,150,,,10221.5,-18805.4,3,
532700152,5327,ПК151,152,Кси,151,,,10213.0,-18810.5,4,
532700153,5327,ПК152,153,Кси,152,,,10204.4,-18815.7,3,
532700154,5327,ПК153,154,Кси,153,,,10195.8,-18820.9,18,
532700155,5327,ПК154,155,Кси,154,,,10187.2,-18825.9,7,
532700156,5327,ПК155,156,Кси,155,,,10178.6,-18831.0,3,
532700157,5327,ПК156,157,Кси,156,,,10169.9,-18835.9,3,
532700158,5327,ПК157,158,Кси,157,,,10161.1,-18840.7,3,
532700159,5327,ПК158,159,Кси,158,,,10152.3,-18845.4,6,
532700160,5327,ПК159,160,Кси,159,,,10143.4,-18850.1,6,
532700161,5327,ПК160,161,Кси,160,,,10134.5,-18854.7,3,
532700162,5327,ПК161,162,Кси,161,,,10125.6,-18859.1,4,
532700163,5327,ПК162,163,Кси,162,,,10116.6,-18863.5,5,
532700164,5327,ПК163,164,Кси,163,,,10107.6,-18867.8,2,
532700165,5327,ПК164,165,Кси,164,,,10098.5,-18872.1,5,
532700166,5327,ПК165,166,Кси,165,,,10089.5,-18876.3,3,
532700167,5327,ПК166,167,Кси,166,,,10080.4,-18880.4,3,
532700168,5327,ПК167,168,Кси,167,,,10071.2,-18884.5,3,
532700169,5327,ПК168,169,Кси,168,,,10062.1,-18888.5,3,
532700170,5327,ПК169,170,Кси,169,,,10052.9,-18892.5,5,
532700171,5327,ПК170,171,Кси,170,,,10043.8,-18896.6,4,
532700172,5327,ПК171,172,Кси,171,,,10034.6,-18900.6,3,
532700173,5327,ПК172,173,Кси,172,,,10025.5,-18904.8,4,
532700174,5327,ПК173,174,Кси,173,,,10016.4,-18909.0,4,
532700175,5327,ПК174,175,Кси,174,,,10007.4,-18913.1,5,
532700176,5327,ПК175,176,Кси,175,,,9998.3,-18917.3,13,
532700177,5327,ПК176,177,Кси,176,,,9989.2,-18921.5,10,
532700178,5327,ПК177,178,Кси,177,,,9980.2,-18925.8,3,
532700179,5327,ПК178,179,Кси,178,,,9971.2,-18930.2,4,
532700180,5327,ПК179,180,Кси,179,,,9962.2,-18934.5,3,
532700181,5327,ПК180,181,Кси,180,,,9953.2,-18938.9,3,
532700182,5327,ПК181,182,Кси,181,,,9944.1,-18943.2,5,
532700183,5327,ПК182,183,Кси,182,,,9935.1,-18947.5,4,
532700184,5327,ПК183,184,Кси,183,,,9926.1,-18951.8,4,
532700185,5327,ПК184,185,Кси,184,,,9917.1,-18956.1,3,
532700186,5327,ПК185,186,Кси,185,,,9908.0,-18960.4,3,
532700187,5327,ПК186,187,Кси,186,,,9898.9,-18964.6,5,
532700188,5327,ПК187,188,Кси,187,,,9889.9,-18968.8,29,
532700189,5327,ПК188,189,Кси,188,,,9880.8,-18972.9,7,
532700190,5327,ПК189,190,Кси,189,,,9871.6,-18977.0,2,
532700191,5327,ПК190,191,Кси,190,,,9862.5,-18981.1,13,
532700192,5327,ПК191,192,Кси,191,,,9853.4,-18985.1,14,
532700193,5327,ПК192,193,Кси,192,,,9844.2,-18989.1,10,
532700194,5327,ПК193,194,Кси,193,,,9835.0,-18993.0,4,
532700195,5327,ПК194,195,Кси,194,,,9825.7,-18996.8,2,
532700196,5327,ПК195,196,Кси,195,,,9816.4,-19000.5,4,
532700197,5327,ПК196,197,Кси,196,,,9807.1,-19004.1,4,
532700198,5327,ПК197,198,Кси,197,,,9797.7,-19007.5,4,
532700199,5327,ПК198,199,Кси,198,,,9788.2,-19010.7,2,
532700200,5327,ПК199,200,Кси,199,,,9778.7,-19013.7,4,
532700201,5327,ПК200,201,Кси,200,,,9769.1,-19016.5,4,
532700202,5327,ПК201,202,Кси,201,,,9759.4,-19019.1,2,
532700203,5327,ПК202,203,Кси,202,,,9749.7,-19021.5,5,
532700204,5327,ПК203,204,Кси,203,,,9739.9,-19023.6,9,
532700205,5327,ПК204,205,Кси,204,,,9730.1,-19025.5,4,
532700206,5327,ПК205,206,Кси,205,,,9720.3,-19027.3,11,
532700207,5327,ПК206,207,Кси,206,,,9710.4,-19029.0,3,
532700208,5327,ПК207,208,Кси,207,,,9700.6,-19030.5,2,
532700209,5327,ПК208,209,Кси,208,,,9690.7,-19032.0,4,
532700210,5327,ПК209,210,Кси,209,,,9680.8,-19033.3,2,
532700211,5327,ПК210,211,Кси,210,,,9670.8,-19034.5,3,
532700212,5327,ПК211,212,Кси,211,,,9660.9,-19035.7,2,
532700213,5327,ПК212,213,Кси,212,,,9650.9,-19036.7,2,
532700214,5327,ПК213,214,Кси,213,,,9641.0,-19037.7,3,
532700215,5327,ПК214,215,Кси,214,,,9631.0,-19038.6,2,
532700216,5327,ПК215,216,Кси,215,,,9621.1,-19039.3,8,
532700217,5327,ПК216,217,Кси,216,,,9611.1,-19039.8,4,
532700218,5327,ПК217,218,Кси,217,,,9601.1,-19040.2,17,
532700219,5327,ПК218,219,Кси,218,,,9591.1,-19040.5,4,
532700220,5327,ПК219,220,Кси,219,,,9581.1,-19040.6,2,
532700221,5327,ПК220,221,Кси,220,,,9571.1,-19040.6,3,
532700222,5327,ПК221,222,Кси,221,,,9561.1,-19040.5,3,
532700223,5327,ПК222,223,Кси,222,,,9551.1,-19040.3,2,
532700224,5327,ПК223,224,Кси,223,,,9541.1,-19040.0,3,
532700225,5327,ПК224,225,Кси,224,,,9531.1,-19039.5,3,
532700226,5327,ПК225,226,Кси,225,,,9521.1,-19038.7,2,
532700227,5327,ПК226,227,Кси,226,,,9511.2,-19037.8,2,
532700228,5327,ПК227,228,Кси,227,,,9501.2,-19036.7,3,
532700229,5327,ПК228,229,Кси,228,,,9491.3,-19035.4,2,
532700230,5327,ПК229,230,Кси,229,,,9481.4,-19034.0,4,
532700231,5327,ПК230,231,Кси,230,,,9471.5,-19032.5,2,
532700232,5327,ПК231,232,Кси,231,,,9461.7,-19030.8,5,
532700233,5327,ПК232,233,Кси,232,,,9451.8,-19029.0,16,
532700234,5327,ПК233,234,Кси,233,,,9442.0,-19027.2,5,
532700235,5327,ПК234,235,Кси,234,,,9432.2,-19025.3,3,
532700236,5327,ПК235,236,Кси,235,,,9422.4,-19023.3,2,
532700237,5327,ПК236,237,Кси,236,,,9412.6,-19021.3,3,
532700238,5327,ПК237,238,Кси,237,,,9402.8,-19019.2,3,
532700239,5327,ПК238,239,Кси,238,,,9393.0,-19017.1,2,
532700240,5327,ПК239,240,Кси,239,,,9383.3,-19015.0,2,
532700241,5327,ПК240,241,Кси,240,,,9373.5,-19012.7,3,
532700242,5327,ПК241,242,Кси,241,,,9363.8,-19010.3,3,
532700243,5327,ПК242,243,Кси,242,,,9354.1,-19007.8,3,
532700244,5327,ПК243,244,Кси,243,,,9344.5,-19005.1,3,
532700245,5327,ПК244,245,Кси,244,,,9334.9,-19002.4,38,
532700246,5327,ПК245,246,Кси,245,,,9325.3,-18999.7,2,
532700247,5327,ПК246,247,Кси,246,,,9315.6,-18997.0,6,
532700248,5327,ПК247,248,Кси,247,,,9306.0,-18994.2,16,
532700249,5327,ПК248,249,Кси,248,,,9296.4,-18991.5,4,
532700250,5327,ПК249,250,Кси,249,,,9286.8,-18988.6,2,
532700251,5327,ПК250,251,Кси,250,,,9277.2,-18985.8,2,
532700252,5327,ПК251,252,Кси,251,,,9267.6,-18983.0,4,
532700253,5327,ПК252,253,Кси,252,,,9258.0,-18980.1,2,
532700254,5327,ПК253,254,Кси,253,,,9248.5,-18977.2,4,
532700255,5327,ПК254,255,Кси,254,,,9238.9,-18974.2,2,
532700256,5327,ПК255,256,Кси,255,,,9229.4,-18971.1,2,
532700257,5327,ПК256,257,Кси,256,,,9219.9,-18967.9,4,
532700258,5327,ПК257,258,Кси,257,,,9210.5,-18964.6,2,
532700259,5327,ПК258,259,Кси,258,,,9201.2,-18961.1,3,
532700260,5327,ПК259,260,Кси,259,,,9191.9,-18957.4,2,
532700261,5327,ПК260,261,Кси,260,,,9182.7,-18953.4,3,
532700262,5327,ПК261,262,Кси,261,,,9173.6,-18949.3,6,
532700263,5327,ПК262,263,Кси,262,,,9164.6,-18945.0,5,
532700264,5327,ПК263,264,Кси,263,,,9155.6,-18940.5,13,
532700265,5327,ПК264,265,Кси,264,,,9146.8,-18935.8,3,
532700266,5327,ПК265,266,Кси,265,,,9138.1,-18930.9,2,
532700267,5327,ПК266,267,Кси,266,,,9129.4,-18925.9,3,
532700268,5327,ПК267,268,Кси,267,,,9120.9,-18920.7,8,
532700269,5327,ПК268,269,Кси,268,,,9112.4,-18915.4,3,
532700270,5327,ПК269,270,Кси,269,,,9104.0,-18910.0,2,
532700271,5327,ПК270,271,Кси,270,,,9095.6,-18904.5,3,
532700272,5327,ПК271,272,Кси,271,,,9087.4,-18898.8,3,
532700273,5327,ПК272,273,Кси,272,,,9079.2,-18893.1,2,
532700274,5327,ПК273,274,Кси,273,,,9071.1,-18887.2,3,
532700275,5327,ПК274,275,Кси,274,,,9063.1,-18881.3,2,
532700276,5327,ПК275,276,Кси,275,,,9055.1,-18875.2,5,
532700277,5327,ПК276,277,Кси,276,,,9047.2,-18869.1,17,
532700278,5327,ПК277,278,Кси,277,,,9039.3,-18862.9,5,
532700279,5327,ПК278,279,Кси,278,,,9031.5,-18856.8,2,
532700280,5327,ПК279,280,Кси,279,,,9023.6,-18850.6,2,
532700281,5327,ПК280,281,Кси,280,,,9015.6,-18844.5,2,
532700282,5327,ПК281,282,Кси,281,,,9007.7,-18838.4,4,
532700283,5327,ПК282,283,Кси,282,,,8999.8,-18832.3,3,
532700284,5327,ПК283,284,Кси,283,,,8991.9,-18826.2,3,
532700285,5327,ПК284,285,Кси,284,,,8983.9,-18820.1,2,
532700286,5327,ПК285,286,Кси,285,,,8976.0,-18814.0,1,
532700287,5327,ПК286,287,Кси,286,,,8968.0,-18808.0,4,
532700288,5327,ПК287,288,Кси,287,,,8960.1,-18801.9,2,
532700289,5327,ПК288,289,Кси,288,,,8952.2,-18795.8,3,
532700290,5327,ПК289,290,Кси,289,,,8944.3,-18789.6,2,
532700291,5327,ПК290,291,Кси,290,,,8936.4,-18783.5,5,
532700292,5327,ПК291,292,Кси,291,,,8928.5,-18777.4,16,
532700293,5327,ПК292,293,Кси,292,,,8920.5,-18771.4,4,
532700294,5327,ПК293,294,Кси,293,,,8912.4,-18765.6,2,
532700295,5327,ПК294,295,Кси,294,,,8904.2,-18759.8,3,
532700296,5327,ПК295,296,Кси,295,,,8896.0,-18754.1,3,
532700297,5327,ПК296,297,Кси,296,,,8887.7,-18748.5,3,
532700298,5327,ПК297,298,Кси,297,,,8879.4,-18742.9,4,
532700299,5327,ПК298,299,Кси,298,,,8871.0,-18737.5,2,
532700300,5327,ПК299,300,Кси,299,,,8862.6,-18732.0,3,
532700301,5327,ПК300,301,Кси,300,,,8854.2,-18726.6,2,
532700302,5327,ПК301,302,Кси,301,,,8845.8,-18721.2,5,
532700303,5327,ПК302,303,Кси,302,,,8837.4,-18715.7,5,
532700304,5327,ПК86 Г1 ПК0,304,Кси,0,Г1,86,10748.7,-18442.7,3,
532700305,5327,ПК86 Г1 ПК1,305,Кси,1,Г1,86,10752.0,-18452.1,2,
532700306,5327,ПК86 Г1 ПК2,306,Кси,2,Г1,86,10755.4,-18461.6,1,
532700307,5327,ПК86 Г1 ПК3,307,Кси,3,Г1,86,10758.8,-18471.0,3,
532700308,5327,ПК86 Г1 ПК4,308,Кси,4,Г1,86,10762.3,-18480.3,3,
532700309,5327,ПК86 Г1 ПК5,309,Кси,5,Г1,86,10765.7,-18489.7,5,
532700310,5327,ПК100 Г2 ПК0,310,Кси,0,Г2,100,10633.5,-18522.3,2,
532700311,5327,ПК100 Г2 ПК1,311,Кси,1,Г2,100,10641.1,-18528.8,2,
532700312,5327,ПК100 Г2 ПК2,312,Кси,2,Г2,100,10648.7,-18535.3,3,
532700313,5327,ПК100 Г2 ПК3,313,Кси,3,Г2,100,10656.4,-18541.8,5,
532700314,5327,ПК114 Г3 ПК0,314,Кси,0,Г3,114,10520.1,-18604.4,3,
532700315,5327,ПК114 Г3 ПК1,315,Кси,1,Г3,114,10523.7,-18613.8,2,
532700316,5327,ПК114 Г3 ПК2,316,Кси,2,Г3,114,10527.2,-18623.1,3,
532700317,5327,ПК114 Г3 ПК3,317,Кси,3,Г3,114,10530.8,-18632.5,5,
532700318,5327,ПК142 Г4 ПК0,318,Кси,0,Г4,142,10289.4,-18763.0,2,
532700319,5327,ПК142 Г4 ПК1,319,Кси,1,Г4,142,10294.0,-18771.8,1,
532700320,5327,ПК142 Г4 ПК2,320,Кси,2,Г4,142,10298.6,-18780.7,3,
532700321,5327,ПК142 Г4 ПК3,321,Кси,3,Г4,142,10303.2,-18789.6,6,
